{
	"textures": [
		{
			"image": "sprites/backgrounds-0.webp",
			"format": "RGBA8888",
			"size": {
				"w": 1880,
				"h": 1928
			},
			"scale": 1,
			"frames": [
				{
					"filename": "fog_swirl.png",
					"rotated": false,
					"trimmed": false,
					"sourceSize": {
						"w": 1080,
						"h": 1335
					},
					"spriteSourceSize": {
						"x": 0,
						"y": 0,
						"w": 1080,
						"h": 1335
					},
					"frame": {
						"x": 1,
						"y": 1,
						"w": 1080,
						"h": 1335
					},
					"anchor": {
						"x": 0.5,
						"y": 0.5
					}
				},
				{
					"filename": "menu_top.png",
					"rotated": false,
					"trimmed": true,
					"sourceSize": {
						"w": 769,
						"h": 910
					},
					"spriteSourceSize": {
						"x": 0,
						"y": 33,
						"w": 764,
						"h": 546
					},
					"frame": {
						"x": 1,
						"y": 1338,
						"w": 764,
						"h": 546
					},
					"anchor": {
						"x": 0.5,
						"y": 0.5
					}
				},
				{
					"filename": "menu_bot.png",
					"rotated": false,
					"trimmed": true,
					"sourceSize": {
						"w": 769,
						"h": 1000
					},
					"spriteSourceSize": {
						"x": 0,
						"y": 0,
						"w": 3,
						"h": 3
					},
					"frame": {
						"x": 1,
						"y": 1886,
						"w": 3,
						"h": 3
					},
					"anchor": {
						"x": 0.5,
						"y": 0.5
					}
				},
				{
					"filename": "fog_slice.png",
					"rotated": false,
					"trimmed": true,
					"sourceSize": {
						"w": 820,
						"h": 970
					},
					"spriteSourceSize": {
						"x": 13,
						"y": 9,
						"w": 796,
						"h": 950
					},
					"frame": {
						"x": 1083,
						"y": 1,
						"w": 796,
						"h": 950
					},
					"anchor": {
						"x": 0.5,
						"y": 0.5
					}
				},
				{
					"filename": "menu_back.png",
					"rotated": false,
					"trimmed": true,
					"sourceSize": {
						"w": 769,
						"h": 1020
					},
					"spriteSourceSize": {
						"x": 0,
						"y": 46,
						"w": 769,
						"h": 974
					},
					"frame": {
						"x": 1083,
						"y": 953,
						"w": 769,
						"h": 974
					},
					"anchor": {
						"x": 0.5,
						"y": 0.5
					}
				},
				{
					"filename": "star_blur.png",
					"rotated": false,
					"trimmed": false,
					"sourceSize": {
						"w": 293,
						"h": 330
					},
					"spriteSourceSize": {
						"x": 0,
						"y": 0,
						"w": 293,
						"h": 330
					},
					"frame": {
						"x": 767,
						"y": 1338,
						"w": 293,
						"h": 330
					},
					"anchor": {
						"x": 0.5,
						"y": 0.5
					}
				}
			]
		},
		{
			"image": "sprites/backgrounds-1.webp",
			"format": "RGBA8888",
			"size": {
				"w": 1834,
				"h": 1854
			},
			"scale": 1,
			"frames": [
				{
					"filename": "fog_swirl_glow.png",
					"rotated": false,
					"trimmed": false,
					"sourceSize": {
						"w": 1080,
						"h": 1335
					},
					"spriteSourceSize": {
						"x": 0,
						"y": 0,
						"w": 1080,
						"h": 1335
					},
					"frame": {
						"x": 1,
						"y": 1,
						"w": 1080,
						"h": 1335
					},
					"anchor": {
						"x": 0.5,
						"y": 0.5
					}
				},
				{
					"filename": "background4.png",
					"rotated": false,
					"trimmed": false,
					"sourceSize": {
						"w": 750,
						"h": 950
					},
					"spriteSourceSize": {
						"x": 0,
						"y": 0,
						"w": 750,
						"h": 950
					},
					"frame": {
						"x": 1083,
						"y": 1,
						"w": 750,
						"h": 950
					},
					"anchor": {
						"x": 0.5,
						"y": 0.5
					}
				},
				{
					"filename": "background5.webp",
					"rotated": false,
					"trimmed": false,
					"sourceSize": {
						"w": 750,
						"h": 900
					},
					"spriteSourceSize": {
						"x": 0,
						"y": 0,
						"w": 750,
						"h": 900
					},
					"frame": {
						"x": 1083,
						"y": 953,
						"w": 750,
						"h": 900
					},
					"anchor": {
						"x": 0.5,
						"y": 0.5
					}
				},
				{
					"filename": "fake_death_bg.png",
					"rotated": false,
					"trimmed": false,
					"sourceSize": {
						"w": 350,
						"h": 450
					},
					"spriteSourceSize": {
						"x": 0,
						"y": 0,
						"w": 350,
						"h": 450
					},
					"frame": {
						"x": 1,
						"y": 1338,
						"w": 350,
						"h": 450
					},
					"anchor": {
						"x": 0.5,
						"y": 0.5
					}
				},
				{
					"filename": "graves.png",
					"rotated": false,
					"trimmed": true,
					"sourceSize": {
						"w": 700,
						"h": 800
					},
					"spriteSourceSize": {
						"x": 0,
						"y": 381,
						"w": 700,
						"h": 419
					},
					"frame": {
						"x": 353,
						"y": 1338,
						"w": 700,
						"h": 419
					},
					"anchor": {
						"x": 0.5,
						"y": 0.5
					}
				}
			]
		},
		{
			"image": "sprites/backgrounds-2.webp",
			"format": "RGBA8888",
			"size": {
				"w": 1999,
				"h": 2033
			},
			"scale": 1,
			"frames": [
				{
					"filename": "background6.webp",
					"rotated": false,
					"trimmed": false,
					"sourceSize": {
						"w": 750,
						"h": 900
					},
					"spriteSourceSize": {
						"x": 0,
						"y": 0,
						"w": 750,
						"h": 900
					},
					"frame": {
						"x": 1,
						"y": 1,
						"w": 750,
						"h": 900
					},
					"anchor": {
						"x": 0.5,
						"y": 0.5
					}
				},
				{
					"filename": "background8.webp",
					"rotated": false,
					"trimmed": false,
					"sourceSize": {
						"w": 710,
						"h": 870
					},
					"spriteSourceSize": {
						"x": 0,
						"y": 0,
						"w": 710,
						"h": 870
					},
					"frame": {
						"x": 753,
						"y": 1,
						"w": 710,
						"h": 870
					},
					"anchor": {
						"x": 0.5,
						"y": 0.5
					}
				},
				{
					"filename": "star.png",
					"rotated": false,
					"trimmed": false,
					"sourceSize": {
						"w": 731,
						"h": 823
					},
					"spriteSourceSize": {
						"x": 0,
						"y": 0,
						"w": 731,
						"h": 823
					},
					"frame": {
						"x": 753,
						"y": 873,
						"w": 731,
						"h": 823
					},
					"anchor": {
						"x": 0.5,
						"y": 0.5
					}
				},
				{
					"filename": "glass_break.png",
					"rotated": false,
					"trimmed": false,
					"sourceSize": {
						"w": 533,
						"h": 623
					},
					"spriteSourceSize": {
						"x": 0,
						"y": 0,
						"w": 533,
						"h": 623
					},
					"frame": {
						"x": 1465,
						"y": 1,
						"w": 533,
						"h": 623
					},
					"anchor": {
						"x": 0.5,
						"y": 0.5
					}
				},
				{
					"filename": "tunnel.png",
					"rotated": false,
					"trimmed": true,
					"sourceSize": {
						"w": 675,
						"h": 878
					},
					"spriteSourceSize": {
						"x": 0,
						"y": 0,
						"w": 675,
						"h": 857
					},
					"frame": {
						"x": 1,
						"y": 903,
						"w": 675,
						"h": 857
					},
					"anchor": {
						"x": 0.5,
						"y": 0.5
					}
				},
				{
					"filename": "waterfallrocks.png",
					"rotated": false,
					"trimmed": true,
					"sourceSize": {
						"w": 700,
						"h": 800
					},
					"spriteSourceSize": {
						"x": 0,
						"y": 0,
						"w": 700,
						"h": 334
					},
					"frame": {
						"x": 678,
						"y": 1698,
						"w": 700,
						"h": 334
					},
					"anchor": {
						"x": 0.5,
						"y": 0.5
					}
				},
				{
					"filename": "fake_death_punch.png",
					"rotated": false,
					"trimmed": false,
					"sourceSize": {
						"w": 350,
						"h": 450
					},
					"spriteSourceSize": {
						"x": 0,
						"y": 0,
						"w": 350,
						"h": 450
					},
					"frame": {
						"x": 1486,
						"y": 626,
						"w": 350,
						"h": 450
					},
					"anchor": {
						"x": 0.5,
						"y": 0.5
					}
				}
			]
		},
		{
			"image": "sprites/backgrounds-3.webp",
			"format": "RGBA8888",
			"size": {
				"w": 2011,
				"h": 1691
			},
			"scale": 1,
			"frames": [
				{
					"filename": "star_shatter.png",
					"rotated": false,
					"trimmed": false,
					"sourceSize": {
						"w": 720,
						"h": 830
					},
					"spriteSourceSize": {
						"x": 0,
						"y": 0,
						"w": 720,
						"h": 830
					},
					"frame": {
						"x": 1,
						"y": 1,
						"w": 720,
						"h": 830
					},
					"anchor": {
						"x": 0.5,
						"y": 0.5
					}
				},
				{
					"filename": "tunnel2.png",
					"rotated": false,
					"trimmed": true,
					"sourceSize": {
						"w": 675,
						"h": 878
					},
					"spriteSourceSize": {
						"x": 0,
						"y": 0,
						"w": 675,
						"h": 857
					},
					"frame": {
						"x": 1,
						"y": 833,
						"w": 675,
						"h": 857
					},
					"anchor": {
						"x": 0.5,
						"y": 0.5
					}
				},
				{
					"filename": "tunnel3.png",
					"rotated": false,
					"trimmed": true,
					"sourceSize": {
						"w": 675,
						"h": 878
					},
					"spriteSourceSize": {
						"x": 0,
						"y": 0,
						"w": 675,
						"h": 857
					},
					"frame": {
						"x": 678,
						"y": 833,
						"w": 675,
						"h": 857
					},
					"anchor": {
						"x": 0.5,
						"y": 0.5
					}
				},
				{
					"filename": "waterfall.png",
					"rotated": false,
					"trimmed": false,
					"sourceSize": {
						"w": 700,
						"h": 800
					},
					"spriteSourceSize": {
						"x": 0,
						"y": 0,
						"w": 700,
						"h": 800
					},
					"frame": {
						"x": 723,
						"y": 1,
						"w": 700,
						"h": 800
					},
					"anchor": {
						"x": 0.5,
						"y": 0.5
					}
				},
				{
					"filename": "firebg0.png",
					"rotated": false,
					"trimmed": false,
					"sourceSize": {
						"w": 648,
						"h": 855
					},
					"spriteSourceSize": {
						"x": 0,
						"y": 0,
						"w": 648,
						"h": 855
					},
					"frame": {
						"x": 1355,
						"y": 803,
						"w": 648,
						"h": 855
					},
					"anchor": {
						"x": 0.5,
						"y": 0.5
					}
				},
				{
					"filename": "star_red.png",
					"rotated": false,
					"trimmed": false,
					"sourceSize": {
						"w": 585,
						"h": 658
					},
					"spriteSourceSize": {
						"x": 0,
						"y": 0,
						"w": 585,
						"h": 658
					},
					"frame": {
						"x": 1425,
						"y": 1,
						"w": 585,
						"h": 658
					},
					"anchor": {
						"x": 0.5,
						"y": 0.5
					}
				}
			]
		},
		{
			"image": "sprites/backgrounds-4.webp",
			"format": "RGBA8888",
			"size": {
				"w": 650,
				"h": 857
			},
			"scale": 1,
			"frames": [
				{
					"filename": "firebg1.png",
					"rotated": false,
					"trimmed": false,
					"sourceSize": {
						"w": 648,
						"h": 855
					},
					"spriteSourceSize": {
						"x": 0,
						"y": 0,
						"w": 648,
						"h": 855
					},
					"frame": {
						"x": 1,
						"y": 1,
						"w": 648,
						"h": 855
					},
					"anchor": {
						"x": 0.5,
						"y": 0.5
					}
				}
			]
		}
	],
	"meta": {
		"app": "https://www.codeandweb.com/texturepacker",
		"version": "3.0",
		"smartupdate": "$TexturePacker:SmartUpdate:f020bb23c6cae0127d66500c3520ac30:dbfbb3d1d1f6cedc017a6806b3f3eb71:d36b2d12f94c3c84864533b00704d5ae$"
	}
}
