{
	"textures": [
		{
			"image": "sprites/blurry-0.webp",
			"format": "RGBA8888",
			"size": {
				"w": 2033,
				"h": 2017
			},
			"scale": 1,
			"frames": [
				{
					"filename": "scytheblur.png",
					"rotated": false,
					"trimmed": true,
					"sourceSize": {
						"w": 787,
						"h": 880
					},
					"spriteSourceSize": {
						"x": 0,
						"y": 153,
						"w": 722,
						"h": 713
					},
					"frame": {
						"x": 1,
						"y": 1,
						"w": 722,
						"h": 713
					},
					"anchor": {
						"x": 0.5,
						"y": 0.5
					}
				},
				{
					"filename": "star_blur.png",
					"rotated": false,
					"trimmed": true,
					"sourceSize": {
						"w": 610,
						"h": 610
					},
					"spriteSourceSize": {
						"x": 3,
						"y": 0,
						"w": 604,
						"h": 607
					},
					"frame": {
						"x": 725,
						"y": 1,
						"w": 604,
						"h": 607
					},
					"anchor": {
						"x": 0.5,
						"y": 0.5
					}
				},
				{
					"filename": "gloom.webp",
					"rotated": false,
					"trimmed": false,
					"sourceSize": {
						"w": 500,
						"h": 500
					},
					"spriteSourceSize": {
						"x": 0,
						"y": 0,
						"w": 500,
						"h": 500
					},
					"frame": {
						"x": 1331,
						"y": 1,
						"w": 500,
						"h": 500
					},
					"anchor": {
						"x": 0.5,
						"y": 0.5
					}
				},
				{
					"filename": "circle.webp",
					"rotated": false,
					"trimmed": true,
					"sourceSize": {
						"w": 200,
						"h": 200
					},
					"spriteSourceSize": {
						"x": 0,
						"y": 1,
						"w": 199,
						"h": 199
					},
					"frame": {
						"x": 1833,
						"y": 1,
						"w": 199,
						"h": 199
					},
					"anchor": {
						"x": 0.5,
						"y": 0.5
					}
				},
				{
					"filename": "pulser.png",
					"rotated": false,
					"trimmed": true,
					"sourceSize": {
						"w": 226,
						"h": 226
					},
					"spriteSourceSize": {
						"x": 16,
						"y": 16,
						"w": 193,
						"h": 193
					},
					"frame": {
						"x": 1833,
						"y": 202,
						"w": 193,
						"h": 193
					},
					"anchor": {
						"x": 0.5,
						"y": 0.5
					}
				},
				{
					"filename": "red_vertical.webp",
					"rotated": false,
					"trimmed": false,
					"sourceSize": {
						"w": 4,
						"h": 50
					},
					"spriteSourceSize": {
						"x": 0,
						"y": 0,
						"w": 4,
						"h": 50
					},
					"frame": {
						"x": 2028,
						"y": 202,
						"w": 4,
						"h": 50
					},
					"anchor": {
						"x": 0.5,
						"y": 0.5
					}
				},
				{
					"filename": "lantern_glow.png",
					"rotated": false,
					"trimmed": true,
					"sourceSize": {
						"w": 192,
						"h": 172
					},
					"spriteSourceSize": {
						"x": 6,
						"y": 5,
						"w": 180,
						"h": 161
					},
					"frame": {
						"x": 1833,
						"y": 397,
						"w": 180,
						"h": 161
					},
					"anchor": {
						"x": 0.5,
						"y": 0.5
					}
				},
				{
					"filename": "staticlite2.png",
					"rotated": false,
					"trimmed": true,
					"sourceSize": {
						"w": 18,
						"h": 16
					},
					"spriteSourceSize": {
						"x": 2,
						"y": 4,
						"w": 14,
						"h": 9
					},
					"frame": {
						"x": 2015,
						"y": 397,
						"w": 14,
						"h": 9
					},
					"anchor": {
						"x": 0.5,
						"y": 0.5
					}
				},
				{
					"filename": "star_blur_sharp.png",
					"rotated": false,
					"trimmed": true,
					"sourceSize": {
						"w": 610,
						"h": 610
					},
					"spriteSourceSize": {
						"x": 70,
						"y": 69,
						"w": 471,
						"h": 471
					},
					"frame": {
						"x": 1331,
						"y": 503,
						"w": 471,
						"h": 471
					},
					"anchor": {
						"x": 0.5,
						"y": 0.5
					}
				},
				{
					"filename": "staticlite3.png",
					"rotated": false,
					"trimmed": true,
					"sourceSize": {
						"w": 25,
						"h": 22
					},
					"spriteSourceSize": {
						"x": 0,
						"y": 3,
						"w": 25,
						"h": 15
					},
					"frame": {
						"x": 1804,
						"y": 503,
						"w": 25,
						"h": 15
					},
					"anchor": {
						"x": 0.5,
						"y": 0.5
					}
				},
				{
					"filename": "handshield_back.png",
					"rotated": false,
					"trimmed": true,
					"sourceSize": {
						"w": 238,
						"h": 266
					},
					"spriteSourceSize": {
						"x": 11,
						"y": 8,
						"w": 220,
						"h": 235
					},
					"frame": {
						"x": 1804,
						"y": 560,
						"w": 220,
						"h": 235
					},
					"anchor": {
						"x": 0.5,
						"y": 0.5
					}
				},
				{
					"filename": "glow.webp",
					"rotated": false,
					"trimmed": false,
					"sourceSize": {
						"w": 220,
						"h": 220
					},
					"spriteSourceSize": {
						"x": 0,
						"y": 0,
						"w": 220,
						"h": 220
					},
					"frame": {
						"x": 1804,
						"y": 797,
						"w": 220,
						"h": 220
					},
					"anchor": {
						"x": 0.5,
						"y": 0.5
					}
				},
				{
					"filename": "explod.webp",
					"rotated": false,
					"trimmed": false,
					"sourceSize": {
						"w": 400,
						"h": 500
					},
					"spriteSourceSize": {
						"x": 0,
						"y": 0,
						"w": 400,
						"h": 500
					},
					"frame": {
						"x": 725,
						"y": 610,
						"w": 400,
						"h": 500
					},
					"anchor": {
						"x": 0.5,
						"y": 0.5
					}
				},
				{
					"filename": "dark_blur.png",
					"rotated": false,
					"trimmed": false,
					"sourceSize": {
						"w": 170,
						"h": 170
					},
					"spriteSourceSize": {
						"x": 0,
						"y": 0,
						"w": 170,
						"h": 170
					},
					"frame": {
						"x": 1127,
						"y": 610,
						"w": 170,
						"h": 170
					},
					"anchor": {
						"x": 0.5,
						"y": 0.5
					}
				},
				{
					"filename": "staticlite0.png",
					"rotated": false,
					"trimmed": false,
					"sourceSize": {
						"w": 30,
						"h": 7
					},
					"spriteSourceSize": {
						"x": 0,
						"y": 0,
						"w": 30,
						"h": 7
					},
					"frame": {
						"x": 1299,
						"y": 610,
						"w": 30,
						"h": 7
					},
					"anchor": {
						"x": 0.5,
						"y": 0.5
					}
				},
				{
					"filename": "pulser_green.png",
					"rotated": false,
					"trimmed": true,
					"sourceSize": {
						"w": 170,
						"h": 170
					},
					"spriteSourceSize": {
						"x": 12,
						"y": 12,
						"w": 145,
						"h": 145
					},
					"frame": {
						"x": 1127,
						"y": 782,
						"w": 145,
						"h": 145
					},
					"anchor": {
						"x": 0.5,
						"y": 0.5
					}
				},
				{
					"filename": "staticlite4.png",
					"rotated": false,
					"trimmed": true,
					"sourceSize": {
						"w": 40,
						"h": 48
					},
					"spriteSourceSize": {
						"x": 0,
						"y": 0,
						"w": 39,
						"h": 48
					},
					"frame": {
						"x": 1274,
						"y": 782,
						"w": 39,
						"h": 48
					},
					"anchor": {
						"x": 0.5,
						"y": 0.5
					}
				},
				{
					"filename": "staticlite5.png",
					"rotated": false,
					"trimmed": false,
					"sourceSize": {
						"w": 40,
						"h": 12
					},
					"spriteSourceSize": {
						"x": 0,
						"y": 0,
						"w": 40,
						"h": 12
					},
					"frame": {
						"x": 1274,
						"y": 832,
						"w": 40,
						"h": 12
					},
					"anchor": {
						"x": 0.5,
						"y": 0.5
					}
				},
				{
					"filename": "display_backglow.png",
					"rotated": false,
					"trimmed": true,
					"sourceSize": {
						"w": 120,
						"h": 100
					},
					"spriteSourceSize": {
						"x": 1,
						"y": 1,
						"w": 118,
						"h": 98
					},
					"frame": {
						"x": 1127,
						"y": 929,
						"w": 118,
						"h": 98
					},
					"anchor": {
						"x": 0.5,
						"y": 0.5
					}
				},
				{
					"filename": "voidcirclelarge.png",
					"rotated": false,
					"trimmed": true,
					"sourceSize": {
						"w": 441,
						"h": 441
					},
					"spriteSourceSize": {
						"x": 4,
						"y": 4,
						"w": 434,
						"h": 434
					},
					"frame": {
						"x": 1247,
						"y": 976,
						"w": 434,
						"h": 434
					},
					"anchor": {
						"x": 0.5,
						"y": 0.5
					}
				},
				{
					"filename": "battletext_bg.png",
					"rotated": false,
					"trimmed": false,
					"sourceSize": {
						"w": 100,
						"h": 10
					},
					"spriteSourceSize": {
						"x": 0,
						"y": 0,
						"w": 100,
						"h": 10
					},
					"frame": {
						"x": 1127,
						"y": 1029,
						"w": 100,
						"h": 10
					},
					"anchor": {
						"x": 0.5,
						"y": 0.5
					}
				},
				{
					"filename": "box_length.png",
					"rotated": false,
					"trimmed": false,
					"sourceSize": {
						"w": 104,
						"h": 9
					},
					"spriteSourceSize": {
						"x": 0,
						"y": 0,
						"w": 104,
						"h": 9
					},
					"frame": {
						"x": 1127,
						"y": 1041,
						"w": 104,
						"h": 9
					},
					"anchor": {
						"x": 0.5,
						"y": 0.5
					}
				},
				{
					"filename": "spellcircle_pulse.png",
					"rotated": false,
					"trimmed": true,
					"sourceSize": {
						"w": 351,
						"h": 351
					},
					"spriteSourceSize": {
						"x": 2,
						"y": 2,
						"w": 347,
						"h": 347
					},
					"frame": {
						"x": 1683,
						"y": 1019,
						"w": 347,
						"h": 347
					},
					"anchor": {
						"x": 0.5,
						"y": 0.5
					}
				},
				{
					"filename": "flash_bg.webp",
					"rotated": false,
					"trimmed": true,
					"sourceSize": {
						"w": 480,
						"h": 280
					},
					"spriteSourceSize": {
						"x": 68,
						"y": 0,
						"w": 343,
						"h": 280
					},
					"frame": {
						"x": 1683,
						"y": 1368,
						"w": 343,
						"h": 280
					},
					"anchor": {
						"x": 0.5,
						"y": 0.5
					}
				},
				{
					"filename": "spike_glow_yellow.png",
					"rotated": false,
					"trimmed": true,
					"sourceSize": {
						"w": 380,
						"h": 380
					},
					"spriteSourceSize": {
						"x": 8,
						"y": 6,
						"w": 367,
						"h": 366
					},
					"frame": {
						"x": 1,
						"y": 1650,
						"w": 367,
						"h": 366
					},
					"anchor": {
						"x": 0.5,
						"y": 0.5
					}
				},
				{
					"filename": "static2.png",
					"rotated": false,
					"trimmed": false,
					"sourceSize": {
						"w": 352,
						"h": 528
					},
					"spriteSourceSize": {
						"x": 0,
						"y": 0,
						"w": 352,
						"h": 528
					},
					"frame": {
						"x": 370,
						"y": 716,
						"w": 352,
						"h": 528
					},
					"anchor": {
						"x": 0.5,
						"y": 0.5
					}
				},
				{
					"filename": "static0.png",
					"rotated": false,
					"trimmed": true,
					"sourceSize": {
						"w": 352,
						"h": 528
					},
					"spriteSourceSize": {
						"x": 0,
						"y": 0,
						"w": 352,
						"h": 527
					},
					"frame": {
						"x": 1,
						"y": 716,
						"w": 352,
						"h": 527
					},
					"anchor": {
						"x": 0.5,
						"y": 0.5
					}
				},
				{
					"filename": "fogspook.png",
					"rotated": false,
					"trimmed": true,
					"sourceSize": {
						"w": 350,
						"h": 400
					},
					"spriteSourceSize": {
						"x": 0,
						"y": 17,
						"w": 350,
						"h": 383
					},
					"frame": {
						"x": 1,
						"y": 1245,
						"w": 350,
						"h": 383
					},
					"anchor": {
						"x": 0.5,
						"y": 0.5
					}
				},
				{
					"filename": "staticlite1.png",
					"rotated": false,
					"trimmed": true,
					"sourceSize": {
						"w": 200,
						"h": 20
					},
					"spriteSourceSize": {
						"x": 1,
						"y": 5,
						"w": 199,
						"h": 11
					},
					"frame": {
						"x": 1,
						"y": 1630,
						"w": 199,
						"h": 11
					},
					"anchor": {
						"x": 0.5,
						"y": 0.5
					}
				},
				{
					"filename": "fogthick.png",
					"rotated": false,
					"trimmed": true,
					"sourceSize": {
						"w": 350,
						"h": 400
					},
					"spriteSourceSize": {
						"x": 0,
						"y": 20,
						"w": 350,
						"h": 380
					},
					"frame": {
						"x": 353,
						"y": 1246,
						"w": 350,
						"h": 380
					},
					"anchor": {
						"x": 0.5,
						"y": 0.5
					}
				},
				{
					"filename": "rock_rush.png",
					"rotated": false,
					"trimmed": true,
					"sourceSize": {
						"w": 444,
						"h": 488
					},
					"spriteSourceSize": {
						"x": 17,
						"y": 22,
						"w": 406,
						"h": 444
					},
					"frame": {
						"x": 705,
						"y": 1246,
						"w": 406,
						"h": 444
					},
					"anchor": {
						"x": 0.5,
						"y": 0.5
					}
				},
				{
					"filename": "green_star.webp",
					"rotated": false,
					"trimmed": true,
					"sourceSize": {
						"w": 305,
						"h": 305
					},
					"spriteSourceSize": {
						"x": 1,
						"y": 0,
						"w": 303,
						"h": 304
					},
					"frame": {
						"x": 370,
						"y": 1628,
						"w": 303,
						"h": 304
					},
					"anchor": {
						"x": 0.5,
						"y": 0.5
					}
				},
				{
					"filename": "glow_flat_red.webp",
					"rotated": false,
					"trimmed": true,
					"sourceSize": {
						"w": 230,
						"h": 50
					},
					"spriteSourceSize": {
						"x": 10,
						"y": 0,
						"w": 210,
						"h": 50
					},
					"frame": {
						"x": 724,
						"y": 1112,
						"w": 210,
						"h": 50
					},
					"anchor": {
						"x": 0.5,
						"y": 0.5
					}
				},
				{
					"filename": "glow_flat.webp",
					"rotated": false,
					"trimmed": false,
					"sourceSize": {
						"w": 200,
						"h": 50
					},
					"spriteSourceSize": {
						"x": 0,
						"y": 0,
						"w": 200,
						"h": 50
					},
					"frame": {
						"x": 936,
						"y": 1112,
						"w": 200,
						"h": 50
					},
					"anchor": {
						"x": 0.5,
						"y": 0.5
					}
				},
				{
					"filename": "glow_flat_green.webp",
					"rotated": false,
					"trimmed": false,
					"sourceSize": {
						"w": 200,
						"h": 50
					},
					"spriteSourceSize": {
						"x": 0,
						"y": 0,
						"w": 200,
						"h": 50
					},
					"frame": {
						"x": 724,
						"y": 1164,
						"w": 200,
						"h": 50
					},
					"anchor": {
						"x": 0.5,
						"y": 0.5
					}
				},
				{
					"filename": "deathhalo.png",
					"rotated": false,
					"trimmed": true,
					"sourceSize": {
						"w": 390,
						"h": 390
					},
					"spriteSourceSize": {
						"x": 17,
						"y": 17,
						"w": 365,
						"h": 361
					},
					"frame": {
						"x": 1113,
						"y": 1650,
						"w": 365,
						"h": 361
					},
					"anchor": {
						"x": 0.5,
						"y": 0.5
					}
				},
				{
					"filename": "static7.png",
					"rotated": false,
					"trimmed": false,
					"sourceSize": {
						"w": 352,
						"h": 264
					},
					"spriteSourceSize": {
						"x": 0,
						"y": 0,
						"w": 352,
						"h": 264
					},
					"frame": {
						"x": 675,
						"y": 1692,
						"w": 352,
						"h": 264
					},
					"anchor": {
						"x": 0.5,
						"y": 0.5
					}
				},
				{
					"filename": "flash.webp",
					"rotated": false,
					"trimmed": true,
					"sourceSize": {
						"w": 400,
						"h": 200
					},
					"spriteSourceSize": {
						"x": 2,
						"y": 0,
						"w": 394,
						"h": 200
					},
					"frame": {
						"x": 1113,
						"y": 1412,
						"w": 394,
						"h": 200
					},
					"anchor": {
						"x": 0.5,
						"y": 0.5
					}
				},
				{
					"filename": "void_spike_out.png",
					"rotated": false,
					"trimmed": true,
					"sourceSize": {
						"w": 334,
						"h": 334
					},
					"spriteSourceSize": {
						"x": 35,
						"y": 34,
						"w": 263,
						"h": 266
					},
					"frame": {
						"x": 1480,
						"y": 1650,
						"w": 263,
						"h": 266
					},
					"anchor": {
						"x": 0.5,
						"y": 0.5
					}
				},
				{
					"filename": "spellcircle_bgglow.png",
					"rotated": false,
					"trimmed": true,
					"sourceSize": {
						"w": 401,
						"h": 401
					},
					"spriteSourceSize": {
						"x": 74,
						"y": 74,
						"w": 253,
						"h": 253
					},
					"frame": {
						"x": 1745,
						"y": 1650,
						"w": 253,
						"h": 253
					},
					"anchor": {
						"x": 0.5,
						"y": 0.5
					}
				}
			]
		}
	],
	"meta": {
		"app": "https://www.codeandweb.com/texturepacker",
		"version": "3.0",
		"smartupdate": "$TexturePacker:SmartUpdate:8fc61f75182a8f22223f7bd086a0b589:b0a97a35b5d407d0efd23d683e2ff13b:7b3d117fb7424a39791474629de16171$"
	}
}
