{
	"textures": [
		{
			"image": "sprites/buttons.webp",
			"format": "RGBA5555",
			"size": {
				"w": 1698,
				"h": 128
			},
			"scale": 1,
			"frames": [
				{
					"filename": "new_btn.png",
					"rotated": false,
					"trimmed": false,
					"sourceSize": {
						"w": 81,
						"h": 81
					},
					"spriteSourceSize": {
						"x": 0,
						"y": 0,
						"w": 81,
						"h": 81
					},
					"frame": {
						"x": 1,
						"y": 1,
						"w": 81,
						"h": 81
					}
				},
				{
					"filename": "new_btn_anim.png",
					"rotated": false,
					"trimmed": false,
					"sourceSize": {
						"w": 81,
						"h": 81
					},
					"spriteSourceSize": {
						"x": 0,
						"y": 0,
						"w": 81,
						"h": 81
					},
					"frame": {
						"x": 1,
						"y": 1,
						"w": 81,
						"h": 81
					}
				},
				{
					"filename": "encyclopedia_btn_hover.png",
					"rotated": false,
					"trimmed": true,
					"sourceSize": {
						"w": 52,
						"h": 52
					},
					"spriteSourceSize": {
						"x": 5,
						"y": 5,
						"w": 42,
						"h": 42
					},
					"frame": {
						"x": 1,
						"y": 84,
						"w": 42,
						"h": 42
					}
				},
				{
					"filename": "encyclopedia_btn_normal.png",
					"rotated": false,
					"trimmed": true,
					"sourceSize": {
						"w": 52,
						"h": 52
					},
					"spriteSourceSize": {
						"x": 5,
						"y": 5,
						"w": 42,
						"h": 42
					},
					"frame": {
						"x": 45,
						"y": 84,
						"w": 42,
						"h": 42
					}
				},
				{
					"filename": "new_btn_hover.png",
					"rotated": false,
					"trimmed": false,
					"sourceSize": {
						"w": 81,
						"h": 81
					},
					"spriteSourceSize": {
						"x": 0,
						"y": 0,
						"w": 81,
						"h": 81
					},
					"frame": {
						"x": 84,
						"y": 1,
						"w": 81,
						"h": 81
					}
				},
				{
					"filename": "encyclopedia_btn_press.png",
					"rotated": false,
					"trimmed": true,
					"sourceSize": {
						"w": 52,
						"h": 52
					},
					"spriteSourceSize": {
						"x": 5,
						"y": 5,
						"w": 42,
						"h": 42
					},
					"frame": {
						"x": 89,
						"y": 84,
						"w": 42,
						"h": 42
					}
				},
				{
					"filename": "options_btn_hover.png",
					"rotated": false,
					"trimmed": true,
					"sourceSize": {
						"w": 52,
						"h": 52
					},
					"spriteSourceSize": {
						"x": 5,
						"y": 5,
						"w": 42,
						"h": 42
					},
					"frame": {
						"x": 133,
						"y": 84,
						"w": 42,
						"h": 42
					}
				},
				{
					"filename": "new_btn_anim_5.png",
					"rotated": false,
					"trimmed": true,
					"sourceSize": {
						"w": 86,
						"h": 86
					},
					"spriteSourceSize": {
						"x": 0,
						"y": 0,
						"w": 86,
						"h": 72
					},
					"frame": {
						"x": 167,
						"y": 1,
						"w": 86,
						"h": 72
					}
				},
				{
					"filename": "new_btn_anim_6.png",
					"rotated": false,
					"trimmed": true,
					"sourceSize": {
						"w": 86,
						"h": 86
					},
					"spriteSourceSize": {
						"x": 0,
						"y": 0,
						"w": 86,
						"h": 72
					},
					"frame": {
						"x": 167,
						"y": 1,
						"w": 86,
						"h": 72
					}
				},
				{
					"filename": "new_btn_anim_7.png",
					"rotated": false,
					"trimmed": true,
					"sourceSize": {
						"w": 86,
						"h": 86
					},
					"spriteSourceSize": {
						"x": 0,
						"y": 0,
						"w": 86,
						"h": 72
					},
					"frame": {
						"x": 167,
						"y": 1,
						"w": 86,
						"h": 72
					}
				},
				{
					"filename": "closebtn_press.png",
					"rotated": false,
					"trimmed": true,
					"sourceSize": {
						"w": 58,
						"h": 58
					},
					"spriteSourceSize": {
						"x": 4,
						"y": 4,
						"w": 50,
						"h": 50
					},
					"frame": {
						"x": 177,
						"y": 75,
						"w": 50,
						"h": 50
					}
				},
				{
					"filename": "new_btn_anim_15.png",
					"rotated": false,
					"trimmed": true,
					"sourceSize": {
						"w": 86,
						"h": 86
					},
					"spriteSourceSize": {
						"x": 0,
						"y": 0,
						"w": 3,
						"h": 3
					},
					"frame": {
						"x": 167,
						"y": 75,
						"w": 3,
						"h": 3
					}
				},
				{
					"filename": "tut_btn_hover.png",
					"rotated": false,
					"trimmed": true,
					"sourceSize": {
						"w": 230,
						"h": 54
					},
					"spriteSourceSize": {
						"x": 0,
						"y": 0,
						"w": 3,
						"h": 3
					},
					"frame": {
						"x": 167,
						"y": 75,
						"w": 3,
						"h": 3
					}
				},
				{
					"filename": "options_btn_normal.png",
					"rotated": false,
					"trimmed": true,
					"sourceSize": {
						"w": 52,
						"h": 52
					},
					"spriteSourceSize": {
						"x": 5,
						"y": 5,
						"w": 42,
						"h": 42
					},
					"frame": {
						"x": 229,
						"y": 75,
						"w": 42,
						"h": 42
					}
				},
				{
					"filename": "new_btn_anim_8.png",
					"rotated": false,
					"trimmed": true,
					"sourceSize": {
						"w": 86,
						"h": 86
					},
					"spriteSourceSize": {
						"x": 0,
						"y": 0,
						"w": 86,
						"h": 72
					},
					"frame": {
						"x": 255,
						"y": 1,
						"w": 86,
						"h": 72
					}
				},
				{
					"filename": "options_btn_press.png",
					"rotated": false,
					"trimmed": true,
					"sourceSize": {
						"w": 52,
						"h": 52
					},
					"spriteSourceSize": {
						"x": 5,
						"y": 5,
						"w": 42,
						"h": 42
					},
					"frame": {
						"x": 273,
						"y": 75,
						"w": 42,
						"h": 42
					}
				},
				{
					"filename": "stonex_press.png",
					"rotated": false,
					"trimmed": true,
					"sourceSize": {
						"w": 56,
						"h": 56
					},
					"spriteSourceSize": {
						"x": 7,
						"y": 7,
						"w": 42,
						"h": 42
					},
					"frame": {
						"x": 317,
						"y": 75,
						"w": 42,
						"h": 42
					}
				},
				{
					"filename": "new_btn_anim_9.png",
					"rotated": false,
					"trimmed": true,
					"sourceSize": {
						"w": 86,
						"h": 86
					},
					"spriteSourceSize": {
						"x": 0,
						"y": 0,
						"w": 86,
						"h": 72
					},
					"frame": {
						"x": 343,
						"y": 1,
						"w": 86,
						"h": 72
					}
				},
				{
					"filename": "tut_btn.png",
					"rotated": false,
					"trimmed": true,
					"sourceSize": {
						"w": 228,
						"h": 54
					},
					"spriteSourceSize": {
						"x": 48,
						"y": 13,
						"w": 138,
						"h": 41
					},
					"frame": {
						"x": 361,
						"y": 75,
						"w": 138,
						"h": 41
					}
				},
				{
					"filename": "new_btn_anim_4.png",
					"rotated": false,
					"trimmed": true,
					"sourceSize": {
						"w": 86,
						"h": 86
					},
					"spriteSourceSize": {
						"x": 0,
						"y": 0,
						"w": 83,
						"h": 72
					},
					"frame": {
						"x": 431,
						"y": 1,
						"w": 83,
						"h": 72
					}
				},
				{
					"filename": "slip.png",
					"rotated": false,
					"trimmed": true,
					"sourceSize": {
						"w": 85,
						"h": 42
					},
					"spriteSourceSize": {
						"x": 0,
						"y": 2,
						"w": 83,
						"h": 39
					},
					"frame": {
						"x": 501,
						"y": 75,
						"w": 83,
						"h": 39
					}
				},
				{
					"filename": "new_btn_anim_10.png",
					"rotated": false,
					"trimmed": true,
					"sourceSize": {
						"w": 86,
						"h": 86
					},
					"spriteSourceSize": {
						"x": 6,
						"y": 0,
						"w": 80,
						"h": 72
					},
					"frame": {
						"x": 516,
						"y": 1,
						"w": 80,
						"h": 72
					}
				},
				{
					"filename": "slip_hover.png",
					"rotated": false,
					"trimmed": true,
					"sourceSize": {
						"w": 85,
						"h": 42
					},
					"spriteSourceSize": {
						"x": 0,
						"y": 2,
						"w": 83,
						"h": 39
					},
					"frame": {
						"x": 586,
						"y": 75,
						"w": 83,
						"h": 39
					}
				},
				{
					"filename": "new_btn_anim_3.png",
					"rotated": false,
					"trimmed": true,
					"sourceSize": {
						"w": 86,
						"h": 86
					},
					"spriteSourceSize": {
						"x": 0,
						"y": 3,
						"w": 85,
						"h": 69
					},
					"frame": {
						"x": 598,
						"y": 1,
						"w": 85,
						"h": 69
					}
				},
				{
					"filename": "new_btn_back.png",
					"rotated": false,
					"trimmed": true,
					"sourceSize": {
						"w": 65,
						"h": 65
					},
					"spriteSourceSize": {
						"x": 5,
						"y": 5,
						"w": 55,
						"h": 55
					},
					"frame": {
						"x": 671,
						"y": 72,
						"w": 55,
						"h": 55
					}
				},
				{
					"filename": "new_btn_anim_11.png",
					"rotated": false,
					"trimmed": true,
					"sourceSize": {
						"w": 86,
						"h": 86
					},
					"spriteSourceSize": {
						"x": 20,
						"y": 5,
						"w": 66,
						"h": 67
					},
					"frame": {
						"x": 685,
						"y": 1,
						"w": 66,
						"h": 67
					}
				},
				{
					"filename": "new_btn_anim_1.png",
					"rotated": false,
					"trimmed": true,
					"sourceSize": {
						"w": 86,
						"h": 86
					},
					"spriteSourceSize": {
						"x": 0,
						"y": 16,
						"w": 85,
						"h": 56
					},
					"frame": {
						"x": 728,
						"y": 70,
						"w": 85,
						"h": 56
					}
				},
				{
					"filename": "new_btn_basic.png",
					"rotated": false,
					"trimmed": false,
					"sourceSize": {
						"w": 65,
						"h": 65
					},
					"spriteSourceSize": {
						"x": 0,
						"y": 0,
						"w": 65,
						"h": 65
					},
					"frame": {
						"x": 753,
						"y": 1,
						"w": 65,
						"h": 65
					}
				},
				{
					"filename": "new_btn_anim_2.png",
					"rotated": false,
					"trimmed": true,
					"sourceSize": {
						"w": 86,
						"h": 86
					},
					"spriteSourceSize": {
						"x": 0,
						"y": 13,
						"w": 85,
						"h": 59
					},
					"frame": {
						"x": 815,
						"y": 68,
						"w": 85,
						"h": 59
					}
				},
				{
					"filename": "new_btn_anim_12.png",
					"rotated": false,
					"trimmed": true,
					"sourceSize": {
						"w": 86,
						"h": 86
					},
					"spriteSourceSize": {
						"x": 20,
						"y": 8,
						"w": 66,
						"h": 64
					},
					"frame": {
						"x": 820,
						"y": 1,
						"w": 66,
						"h": 64
					}
				},
				{
					"filename": "menu_btn_hover.png",
					"rotated": false,
					"trimmed": true,
					"sourceSize": {
						"w": 380,
						"h": 62
					},
					"spriteSourceSize": {
						"x": 0,
						"y": 0,
						"w": 377,
						"h": 62
					},
					"frame": {
						"x": 888,
						"y": 1,
						"w": 377,
						"h": 62
					}
				},
				{
					"filename": "menu_btn_press.png",
					"rotated": false,
					"trimmed": true,
					"sourceSize": {
						"w": 380,
						"h": 62
					},
					"spriteSourceSize": {
						"x": 0,
						"y": 0,
						"w": 377,
						"h": 62
					},
					"frame": {
						"x": 902,
						"y": 65,
						"w": 377,
						"h": 62
					}
				},
				{
					"filename": "menu_btn_normal.png",
					"rotated": false,
					"trimmed": true,
					"sourceSize": {
						"w": 380,
						"h": 62
					},
					"spriteSourceSize": {
						"x": 0,
						"y": 0,
						"w": 352,
						"h": 62
					},
					"frame": {
						"x": 1267,
						"y": 1,
						"w": 352,
						"h": 62
					}
				},
				{
					"filename": "closebtn_hover.png",
					"rotated": false,
					"trimmed": false,
					"sourceSize": {
						"w": 58,
						"h": 58
					},
					"spriteSourceSize": {
						"x": 0,
						"y": 0,
						"w": 58,
						"h": 58
					},
					"frame": {
						"x": 1281,
						"y": 65,
						"w": 58,
						"h": 58
					}
				},
				{
					"filename": "closebtn.png",
					"rotated": false,
					"trimmed": false,
					"sourceSize": {
						"w": 56,
						"h": 56
					},
					"spriteSourceSize": {
						"x": 0,
						"y": 0,
						"w": 56,
						"h": 56
					},
					"frame": {
						"x": 1341,
						"y": 65,
						"w": 56,
						"h": 56
					}
				},
				{
					"filename": "stonex_hover.png",
					"rotated": false,
					"trimmed": false,
					"sourceSize": {
						"w": 56,
						"h": 56
					},
					"spriteSourceSize": {
						"x": 0,
						"y": 0,
						"w": 56,
						"h": 56
					},
					"frame": {
						"x": 1399,
						"y": 65,
						"w": 56,
						"h": 56
					}
				},
				{
					"filename": "stonex.png",
					"rotated": false,
					"trimmed": false,
					"sourceSize": {
						"w": 54,
						"h": 54
					},
					"spriteSourceSize": {
						"x": 0,
						"y": 0,
						"w": 54,
						"h": 54
					},
					"frame": {
						"x": 1457,
						"y": 65,
						"w": 54,
						"h": 54
					}
				},
				{
					"filename": "new_btn_anim_13.png",
					"rotated": false,
					"trimmed": true,
					"sourceSize": {
						"w": 86,
						"h": 86
					},
					"spriteSourceSize": {
						"x": 20,
						"y": 19,
						"w": 66,
						"h": 53
					},
					"frame": {
						"x": 1513,
						"y": 65,
						"w": 66,
						"h": 53
					}
				},
				{
					"filename": "slip_press.png",
					"rotated": false,
					"trimmed": true,
					"sourceSize": {
						"w": 85,
						"h": 42
					},
					"spriteSourceSize": {
						"x": 0,
						"y": 2,
						"w": 83,
						"h": 39
					},
					"frame": {
						"x": 1581,
						"y": 65,
						"w": 83,
						"h": 39
					}
				},
				{
					"filename": "new_btn_anim_14.png",
					"rotated": false,
					"trimmed": true,
					"sourceSize": {
						"w": 69,
						"h": 69
					},
					"spriteSourceSize": {
						"x": 16,
						"y": 31,
						"w": 53,
						"h": 27
					},
					"frame": {
						"x": 1621,
						"y": 1,
						"w": 53,
						"h": 27
					}
				},
				{
					"filename": "select_btn_disable.png",
					"rotated": false,
					"trimmed": true,
					"sourceSize": {
						"w": 110,
						"h": 50
					},
					"spriteSourceSize": {
						"x": 6,
						"y": 13,
						"w": 24,
						"h": 24
					},
					"frame": {
						"x": 1621,
						"y": 30,
						"w": 24,
						"h": 24
					}
				},
				{
					"filename": "select_btn_hover.png",
					"rotated": false,
					"trimmed": true,
					"sourceSize": {
						"w": 110,
						"h": 50
					},
					"spriteSourceSize": {
						"x": 6,
						"y": 13,
						"w": 24,
						"h": 24
					},
					"frame": {
						"x": 1647,
						"y": 30,
						"w": 24,
						"h": 24
					}
				},
				{
					"filename": "select_btn_normal.png",
					"rotated": false,
					"trimmed": true,
					"sourceSize": {
						"w": 110,
						"h": 50
					},
					"spriteSourceSize": {
						"x": 6,
						"y": 13,
						"w": 24,
						"h": 24
					},
					"frame": {
						"x": 1666,
						"y": 56,
						"w": 24,
						"h": 24
					}
				},
				{
					"filename": "select_btn_press.png",
					"rotated": false,
					"trimmed": true,
					"sourceSize": {
						"w": 110,
						"h": 50
					},
					"spriteSourceSize": {
						"x": 6,
						"y": 13,
						"w": 24,
						"h": 24
					},
					"frame": {
						"x": 1673,
						"y": 30,
						"w": 24,
						"h": 24
					}
				}
			]
		}
	],
	"meta": {
		"app": "https://www.codeandweb.com/texturepacker",
		"version": "3.0",
		"smartupdate": "$TexturePacker:SmartUpdate:c03bacadd97a9c1c06ac3b64b7a47781:457ca6c88ef5c55407f09d55a3c75901:76d98c9e3f665caad5fa5a5151215d9e$"
	}
}
