{
	"textures": [
		{
			"image": "sprites/circle-0.webp",
			"format": "RGBA8888",
			"size": {
				"w": 2024,
				"h": 2040
			},
			"scale": 1,
			"frames": [
				{
					"filename": "aura.png",
					"rotated": false,
					"trimmed": true,
					"sourceSize": {
						"w": 650,
						"h": 650
					},
					"spriteSourceSize": {
						"x": 17,
						"y": 25,
						"w": 603,
						"h": 581
					},
					"frame": {
						"x": 1,
						"y": 1,
						"w": 603,
						"h": 581
					},
					"anchor": {
						"x": 0.5,
						"y": 0.5
					}
				},
				{
					"filename": "circle_highlight_outer.png",
					"rotated": false,
					"trimmed": false,
					"sourceSize": {
						"w": 455,
						"h": 455
					},
					"spriteSourceSize": {
						"x": 0,
						"y": 0,
						"w": 455,
						"h": 455
					},
					"frame": {
						"x": 1,
						"y": 584,
						"w": 455,
						"h": 455
					},
					"anchor": {
						"x": 0.5,
						"y": 0.5
					}
				},
				{
					"filename": "1usage_drag.png",
					"rotated": false,
					"trimmed": false,
					"sourceSize": {
						"w": 439,
						"h": 439
					},
					"spriteSourceSize": {
						"x": 0,
						"y": 0,
						"w": 439,
						"h": 439
					},
					"frame": {
						"x": 606,
						"y": 1,
						"w": 439,
						"h": 439
					},
					"anchor": {
						"x": 0.5,
						"y": 0.5
					}
				},
				{
					"filename": "usage_drag.png",
					"rotated": false,
					"trimmed": true,
					"sourceSize": {
						"w": 435,
						"h": 435
					},
					"spriteSourceSize": {
						"x": 1,
						"y": 1,
						"w": 434,
						"h": 434
					},
					"frame": {
						"x": 1,
						"y": 1041,
						"w": 434,
						"h": 434
					},
					"anchor": {
						"x": 0.5,
						"y": 0.5
					}
				},
				{
					"filename": "greyed.png",
					"rotated": false,
					"trimmed": false,
					"sourceSize": {
						"w": 424,
						"h": 424
					},
					"spriteSourceSize": {
						"x": 0,
						"y": 0,
						"w": 424,
						"h": 424
					},
					"frame": {
						"x": 1047,
						"y": 1,
						"w": 424,
						"h": 424
					},
					"anchor": {
						"x": 0.5,
						"y": 0.5
					}
				},
				{
					"filename": "usage_disabled.png",
					"rotated": false,
					"trimmed": true,
					"sourceSize": {
						"w": 435,
						"h": 435
					},
					"spriteSourceSize": {
						"x": 6,
						"y": 6,
						"w": 423,
						"h": 423
					},
					"frame": {
						"x": 1,
						"y": 1477,
						"w": 423,
						"h": 423
					},
					"anchor": {
						"x": 0.5,
						"y": 0.5
					}
				},
				{
					"filename": "usage_hover.png",
					"rotated": false,
					"trimmed": true,
					"sourceSize": {
						"w": 435,
						"h": 435
					},
					"spriteSourceSize": {
						"x": 6,
						"y": 6,
						"w": 423,
						"h": 423
					},
					"frame": {
						"x": 1473,
						"y": 1,
						"w": 423,
						"h": 423
					},
					"anchor": {
						"x": 0.5,
						"y": 0.5
					}
				},
				{
					"filename": "usage_normal.png",
					"rotated": false,
					"trimmed": true,
					"sourceSize": {
						"w": 435,
						"h": 435
					},
					"spriteSourceSize": {
						"x": 6,
						"y": 6,
						"w": 423,
						"h": 423
					},
					"frame": {
						"x": 458,
						"y": 584,
						"w": 423,
						"h": 423
					},
					"anchor": {
						"x": 0.5,
						"y": 0.5
					}
				},
				{
					"filename": "greyed_dead.png",
					"rotated": false,
					"trimmed": true,
					"sourceSize": {
						"w": 424,
						"h": 424
					},
					"spriteSourceSize": {
						"x": 2,
						"y": 1,
						"w": 420,
						"h": 421
					},
					"frame": {
						"x": 458,
						"y": 1009,
						"w": 420,
						"h": 421
					},
					"anchor": {
						"x": 0.5,
						"y": 0.5
					}
				},
				{
					"filename": "shadow.png",
					"rotated": false,
					"trimmed": true,
					"sourceSize": {
						"w": 425,
						"h": 425
					},
					"spriteSourceSize": {
						"x": 3,
						"y": 3,
						"w": 419,
						"h": 422
					},
					"frame": {
						"x": 883,
						"y": 442,
						"w": 419,
						"h": 422
					},
					"anchor": {
						"x": 0.5,
						"y": 0.5
					}
				},
				{
					"filename": "1usage_hover.png",
					"rotated": false,
					"trimmed": true,
					"sourceSize": {
						"w": 425,
						"h": 425
					},
					"spriteSourceSize": {
						"x": 3,
						"y": 3,
						"w": 419,
						"h": 419
					},
					"frame": {
						"x": 1304,
						"y": 427,
						"w": 419,
						"h": 419
					},
					"anchor": {
						"x": 0.5,
						"y": 0.5
					}
				},
				{
					"filename": "1usage_normal.png",
					"rotated": false,
					"trimmed": true,
					"sourceSize": {
						"w": 425,
						"h": 425
					},
					"spriteSourceSize": {
						"x": 3,
						"y": 3,
						"w": 419,
						"h": 419
					},
					"frame": {
						"x": 883,
						"y": 866,
						"w": 419,
						"h": 419
					},
					"anchor": {
						"x": 0.5,
						"y": 0.5
					}
				},
				{
					"filename": "circle.png",
					"rotated": false,
					"trimmed": false,
					"sourceSize": {
						"w": 410,
						"h": 410
					},
					"spriteSourceSize": {
						"x": 0,
						"y": 0,
						"w": 410,
						"h": 410
					},
					"frame": {
						"x": 1304,
						"y": 848,
						"w": 410,
						"h": 410
					},
					"anchor": {
						"x": 0.5,
						"y": 0.5
					}
				},
				{
					"filename": "element_disabled.png",
					"rotated": false,
					"trimmed": true,
					"sourceSize": {
						"w": 304,
						"h": 305
					},
					"spriteSourceSize": {
						"x": 6,
						"y": 2,
						"w": 294,
						"h": 298
					},
					"frame": {
						"x": 1725,
						"y": 426,
						"w": 294,
						"h": 298
					},
					"anchor": {
						"x": 0.5,
						"y": 0.5
					}
				},
				{
					"filename": "1element_drag.png",
					"rotated": false,
					"trimmed": false,
					"sourceSize": {
						"w": 310,
						"h": 310
					},
					"spriteSourceSize": {
						"x": 0,
						"y": 0,
						"w": 310,
						"h": 310
					},
					"frame": {
						"x": 880,
						"y": 1287,
						"w": 310,
						"h": 310
					},
					"anchor": {
						"x": 0.5,
						"y": 0.5
					}
				},
				{
					"filename": "element_drag.png",
					"rotated": false,
					"trimmed": true,
					"sourceSize": {
						"w": 304,
						"h": 305
					},
					"spriteSourceSize": {
						"x": 0,
						"y": 0,
						"w": 304,
						"h": 304
					},
					"frame": {
						"x": 1192,
						"y": 1287,
						"w": 304,
						"h": 304
					},
					"anchor": {
						"x": 0.5,
						"y": 0.5
					}
				},
				{
					"filename": "element_hover.png",
					"rotated": false,
					"trimmed": true,
					"sourceSize": {
						"w": 304,
						"h": 305
					},
					"spriteSourceSize": {
						"x": 6,
						"y": 2,
						"w": 294,
						"h": 298
					},
					"frame": {
						"x": 1498,
						"y": 1260,
						"w": 294,
						"h": 298
					},
					"anchor": {
						"x": 0.5,
						"y": 0.5
					}
				},
				{
					"filename": "1element_hover.png",
					"rotated": false,
					"trimmed": true,
					"sourceSize": {
						"w": 304,
						"h": 304
					},
					"spriteSourceSize": {
						"x": 4,
						"y": 4,
						"w": 296,
						"h": 296
					},
					"frame": {
						"x": 1725,
						"y": 726,
						"w": 296,
						"h": 296
					},
					"anchor": {
						"x": 0.5,
						"y": 0.5
					}
				},
				{
					"filename": "delayed_damage.png",
					"rotated": false,
					"trimmed": false,
					"sourceSize": {
						"w": 200,
						"h": 200
					},
					"spriteSourceSize": {
						"x": 0,
						"y": 0,
						"w": 200,
						"h": 200
					},
					"frame": {
						"x": 1716,
						"y": 1024,
						"w": 200,
						"h": 200
					},
					"anchor": {
						"x": 0.5,
						"y": 0.5
					}
				},
				{
					"filename": "blastEffect2.png",
					"rotated": false,
					"trimmed": false,
					"sourceSize": {
						"w": 125,
						"h": 125
					},
					"spriteSourceSize": {
						"x": 0,
						"y": 0,
						"w": 125,
						"h": 125
					},
					"frame": {
						"x": 1898,
						"y": 1,
						"w": 125,
						"h": 125
					},
					"anchor": {
						"x": 0.5,
						"y": 0.5
					}
				},
				{
					"filename": "circleEffect1.png",
					"rotated": false,
					"trimmed": false,
					"sourceSize": {
						"w": 125,
						"h": 125
					},
					"spriteSourceSize": {
						"x": 0,
						"y": 0,
						"w": 125,
						"h": 125
					},
					"frame": {
						"x": 1898,
						"y": 128,
						"w": 125,
						"h": 125
					},
					"anchor": {
						"x": 0.5,
						"y": 0.5
					}
				},
				{
					"filename": "circleEffect2.png",
					"rotated": false,
					"trimmed": false,
					"sourceSize": {
						"w": 125,
						"h": 125
					},
					"spriteSourceSize": {
						"x": 0,
						"y": 0,
						"w": 125,
						"h": 125
					},
					"frame": {
						"x": 1898,
						"y": 255,
						"w": 125,
						"h": 125
					},
					"anchor": {
						"x": 0.5,
						"y": 0.5
					}
				},
				{
					"filename": "arrow_rotate.png",
					"rotated": false,
					"trimmed": true,
					"sourceSize": {
						"w": 300,
						"h": 300
					},
					"spriteSourceSize": {
						"x": 6,
						"y": 14,
						"w": 288,
						"h": 37
					},
					"frame": {
						"x": 1,
						"y": 1902,
						"w": 288,
						"h": 37
					},
					"anchor": {
						"x": 0.5,
						"y": 0.5
					}
				},
				{
					"filename": "1element_normal.png",
					"rotated": false,
					"trimmed": true,
					"sourceSize": {
						"w": 304,
						"h": 304
					},
					"spriteSourceSize": {
						"x": 4,
						"y": 4,
						"w": 296,
						"h": 296
					},
					"frame": {
						"x": 1498,
						"y": 1560,
						"w": 296,
						"h": 296
					},
					"anchor": {
						"x": 0.5,
						"y": 0.5
					}
				},
				{
					"filename": "gear.png",
					"rotated": false,
					"trimmed": false,
					"sourceSize": {
						"w": 295,
						"h": 295
					},
					"spriteSourceSize": {
						"x": 0,
						"y": 0,
						"w": 295,
						"h": 295
					},
					"frame": {
						"x": 437,
						"y": 1432,
						"w": 295,
						"h": 295
					},
					"anchor": {
						"x": 0.5,
						"y": 0.5
					}
				},
				{
					"filename": "element_normal.png",
					"rotated": false,
					"trimmed": true,
					"sourceSize": {
						"w": 304,
						"h": 305
					},
					"spriteSourceSize": {
						"x": 6,
						"y": 2,
						"w": 294,
						"h": 298
					},
					"frame": {
						"x": 426,
						"y": 1729,
						"w": 294,
						"h": 298
					},
					"anchor": {
						"x": 0.5,
						"y": 0.5
					}
				},
				{
					"filename": "1cast_disabled.png",
					"rotated": false,
					"trimmed": false,
					"sourceSize": {
						"w": 181,
						"h": 181
					},
					"spriteSourceSize": {
						"x": 0,
						"y": 0,
						"w": 181,
						"h": 181
					},
					"frame": {
						"x": 722,
						"y": 1858,
						"w": 181,
						"h": 181
					},
					"anchor": {
						"x": 0.5,
						"y": 0.5
					}
				},
				{
					"filename": "1cast_hover.png",
					"rotated": false,
					"trimmed": false,
					"sourceSize": {
						"w": 181,
						"h": 181
					},
					"spriteSourceSize": {
						"x": 0,
						"y": 0,
						"w": 181,
						"h": 181
					},
					"frame": {
						"x": 905,
						"y": 1858,
						"w": 181,
						"h": 181
					},
					"anchor": {
						"x": 0.5,
						"y": 0.5
					}
				},
				{
					"filename": "1cast_normal.png",
					"rotated": false,
					"trimmed": false,
					"sourceSize": {
						"w": 181,
						"h": 181
					},
					"spriteSourceSize": {
						"x": 0,
						"y": 0,
						"w": 181,
						"h": 181
					},
					"frame": {
						"x": 1088,
						"y": 1858,
						"w": 181,
						"h": 181
					},
					"anchor": {
						"x": 0.5,
						"y": 0.5
					}
				},
				{
					"filename": "1cast_press.png",
					"rotated": false,
					"trimmed": false,
					"sourceSize": {
						"w": 181,
						"h": 181
					},
					"spriteSourceSize": {
						"x": 0,
						"y": 0,
						"w": 181,
						"h": 181
					},
					"frame": {
						"x": 1271,
						"y": 1858,
						"w": 181,
						"h": 181
					},
					"anchor": {
						"x": 0.5,
						"y": 0.5
					}
				},
				{
					"filename": "cast_disabled.png",
					"rotated": false,
					"trimmed": true,
					"sourceSize": {
						"w": 174,
						"h": 171
					},
					"spriteSourceSize": {
						"x": 0,
						"y": 0,
						"w": 173,
						"h": 171
					},
					"frame": {
						"x": 1454,
						"y": 1858,
						"w": 173,
						"h": 171
					},
					"anchor": {
						"x": 0.5,
						"y": 0.5
					}
				},
				{
					"filename": "cast_hover.png",
					"rotated": false,
					"trimmed": true,
					"sourceSize": {
						"w": 174,
						"h": 171
					},
					"spriteSourceSize": {
						"x": 0,
						"y": 0,
						"w": 173,
						"h": 171
					},
					"frame": {
						"x": 1629,
						"y": 1858,
						"w": 173,
						"h": 171
					},
					"anchor": {
						"x": 0.5,
						"y": 0.5
					}
				},
				{
					"filename": "delayed_damage_full.png",
					"rotated": false,
					"trimmed": true,
					"sourceSize": {
						"w": 200,
						"h": 200
					},
					"spriteSourceSize": {
						"x": 1,
						"y": 1,
						"w": 198,
						"h": 198
					},
					"frame": {
						"x": 1794,
						"y": 1226,
						"w": 198,
						"h": 198
					},
					"anchor": {
						"x": 0.5,
						"y": 0.5
					}
				},
				{
					"filename": "delayed_damage_amt.png",
					"rotated": false,
					"trimmed": true,
					"sourceSize": {
						"w": 155,
						"h": 210
					},
					"spriteSourceSize": {
						"x": 0,
						"y": 2,
						"w": 155,
						"h": 105
					},
					"frame": {
						"x": 606,
						"y": 442,
						"w": 155,
						"h": 105
					},
					"anchor": {
						"x": 0.5,
						"y": 0.5
					}
				},
				{
					"filename": "blastEffect0.png",
					"rotated": false,
					"trimmed": false,
					"sourceSize": {
						"w": 129,
						"h": 129
					},
					"spriteSourceSize": {
						"x": 0,
						"y": 0,
						"w": 129,
						"h": 129
					},
					"frame": {
						"x": 734,
						"y": 1432,
						"w": 129,
						"h": 129
					},
					"anchor": {
						"x": 0.5,
						"y": 0.5
					}
				},
				{
					"filename": "blastEffect1.png",
					"rotated": false,
					"trimmed": false,
					"sourceSize": {
						"w": 129,
						"h": 129
					},
					"spriteSourceSize": {
						"x": 0,
						"y": 0,
						"w": 129,
						"h": 129
					},
					"frame": {
						"x": 1794,
						"y": 1426,
						"w": 129,
						"h": 129
					},
					"anchor": {
						"x": 0.5,
						"y": 0.5
					}
				},
				{
					"filename": "energy_body.png",
					"rotated": false,
					"trimmed": false,
					"sourceSize": {
						"w": 190,
						"h": 190
					},
					"spriteSourceSize": {
						"x": 0,
						"y": 0,
						"w": 190,
						"h": 190
					},
					"frame": {
						"x": 1796,
						"y": 1557,
						"w": 190,
						"h": 190
					},
					"anchor": {
						"x": 0.5,
						"y": 0.5
					}
				},
				{
					"filename": "blastEffect3.png",
					"rotated": false,
					"trimmed": true,
					"sourceSize": {
						"w": 129,
						"h": 129
					},
					"spriteSourceSize": {
						"x": 1,
						"y": 0,
						"w": 128,
						"h": 129
					},
					"frame": {
						"x": 734,
						"y": 1563,
						"w": 128,
						"h": 129
					},
					"anchor": {
						"x": 0.5,
						"y": 0.5
					}
				},
				{
					"filename": "arrow_rotate_small.png",
					"rotated": false,
					"trimmed": true,
					"sourceSize": {
						"w": 220,
						"h": 220
					},
					"spriteSourceSize": {
						"x": 1,
						"y": 8,
						"w": 218,
						"h": 37
					},
					"frame": {
						"x": 1,
						"y": 1941,
						"w": 218,
						"h": 37
					},
					"anchor": {
						"x": 0.5,
						"y": 0.5
					}
				},
				{
					"filename": "gear_small.png",
					"rotated": false,
					"trimmed": true,
					"sourceSize": {
						"w": 178,
						"h": 182
					},
					"spriteSourceSize": {
						"x": 1,
						"y": 0,
						"w": 177,
						"h": 182
					},
					"frame": {
						"x": 864,
						"y": 1599,
						"w": 177,
						"h": 182
					},
					"anchor": {
						"x": 0.5,
						"y": 0.5
					}
				},
				{
					"filename": "cast_glow.png",
					"rotated": false,
					"trimmed": true,
					"sourceSize": {
						"w": 179,
						"h": 179
					},
					"spriteSourceSize": {
						"x": 14,
						"y": 12,
						"w": 151,
						"h": 151
					},
					"frame": {
						"x": 1043,
						"y": 1599,
						"w": 151,
						"h": 151
					},
					"anchor": {
						"x": 0.5,
						"y": 0.5
					}
				},
				{
					"filename": "healthbar_full.png",
					"rotated": false,
					"trimmed": true,
					"sourceSize": {
						"w": 182,
						"h": 182
					},
					"spriteSourceSize": {
						"x": 5,
						"y": 5,
						"w": 172,
						"h": 148
					},
					"frame": {
						"x": 1196,
						"y": 1593,
						"w": 172,
						"h": 148
					},
					"anchor": {
						"x": 0.5,
						"y": 0.5
					}
				},
				{
					"filename": "focus_lines_glow.png",
					"rotated": false,
					"trimmed": true,
					"sourceSize": {
						"w": 113,
						"h": 136
					},
					"spriteSourceSize": {
						"x": 0,
						"y": 0,
						"w": 112,
						"h": 127
					},
					"frame": {
						"x": 722,
						"y": 1729,
						"w": 112,
						"h": 127
					},
					"anchor": {
						"x": 0.5,
						"y": 0.5
					}
				},
				{
					"filename": "circleEffect3.png",
					"rotated": false,
					"trimmed": false,
					"sourceSize": {
						"w": 125,
						"h": 125
					},
					"spriteSourceSize": {
						"x": 0,
						"y": 0,
						"w": 125,
						"h": 125
					},
					"frame": {
						"x": 1370,
						"y": 1593,
						"w": 125,
						"h": 125
					},
					"anchor": {
						"x": 0.5,
						"y": 0.5
					}
				},
				{
					"filename": "descBox.png",
					"rotated": false,
					"trimmed": false,
					"sourceSize": {
						"w": 110,
						"h": 132
					},
					"spriteSourceSize": {
						"x": 0,
						"y": 0,
						"w": 110,
						"h": 132
					},
					"frame": {
						"x": 763,
						"y": 442,
						"w": 110,
						"h": 132
					},
					"anchor": {
						"x": 0.5,
						"y": 0.5
					}
				},
				{
					"filename": "healthbar_2thirds.png",
					"rotated": false,
					"trimmed": true,
					"sourceSize": {
						"w": 182,
						"h": 182
					},
					"spriteSourceSize": {
						"x": 5,
						"y": 5,
						"w": 147,
						"h": 148
					},
					"frame": {
						"x": 1804,
						"y": 1749,
						"w": 147,
						"h": 148
					},
					"anchor": {
						"x": 0.5,
						"y": 0.5
					}
				},
				{
					"filename": "circleEffect4.png",
					"rotated": false,
					"trimmed": false,
					"sourceSize": {
						"w": 125,
						"h": 125
					},
					"spriteSourceSize": {
						"x": 0,
						"y": 0,
						"w": 125,
						"h": 125
					},
					"frame": {
						"x": 1804,
						"y": 1899,
						"w": 125,
						"h": 125
					},
					"anchor": {
						"x": 0.5,
						"y": 0.5
					}
				},
				{
					"filename": "healthbar_1thirds.png",
					"rotated": false,
					"trimmed": true,
					"sourceSize": {
						"w": 182,
						"h": 182
					},
					"spriteSourceSize": {
						"x": 5,
						"y": 29,
						"w": 42,
						"h": 124
					},
					"frame": {
						"x": 1918,
						"y": 1024,
						"w": 42,
						"h": 124
					},
					"anchor": {
						"x": 0.5,
						"y": 0.5
					}
				},
				{
					"filename": "healthbar_partial.png",
					"rotated": false,
					"trimmed": true,
					"sourceSize": {
						"w": 182,
						"h": 182
					},
					"spriteSourceSize": {
						"x": 135,
						"y": 29,
						"w": 42,
						"h": 124
					},
					"frame": {
						"x": 1925,
						"y": 1426,
						"w": 42,
						"h": 124
					},
					"anchor": {
						"x": 0.5,
						"y": 0.5
					}
				},
				{
					"filename": "circleEffect5.png",
					"rotated": false,
					"trimmed": false,
					"sourceSize": {
						"w": 125,
						"h": 125
					},
					"spriteSourceSize": {
						"x": 0,
						"y": 0,
						"w": 125,
						"h": 125
					},
					"frame": {
						"x": 291,
						"y": 1902,
						"w": 125,
						"h": 125
					},
					"anchor": {
						"x": 0.5,
						"y": 0.5
					}
				},
				{
					"filename": "rune_enhance_glow.png",
					"rotated": false,
					"trimmed": true,
					"sourceSize": {
						"w": 59,
						"h": 165
					},
					"spriteSourceSize": {
						"x": 1,
						"y": 2,
						"w": 57,
						"h": 42
					},
					"frame": {
						"x": 1898,
						"y": 382,
						"w": 57,
						"h": 42
					},
					"anchor": {
						"x": 0.5,
						"y": 0.5
					}
				},
				{
					"filename": "bright_rune_matter.png",
					"rotated": false,
					"trimmed": true,
					"sourceSize": {
						"w": 60,
						"h": 165
					},
					"spriteSourceSize": {
						"x": 5,
						"y": 5,
						"w": 51,
						"h": 42
					},
					"frame": {
						"x": 1957,
						"y": 382,
						"w": 51,
						"h": 42
					},
					"anchor": {
						"x": 0.5,
						"y": 0.5
					}
				},
				{
					"filename": "drag_arrow.png",
					"rotated": false,
					"trimmed": false,
					"sourceSize": {
						"w": 88,
						"h": 35
					},
					"spriteSourceSize": {
						"x": 0,
						"y": 0,
						"w": 88,
						"h": 35
					},
					"frame": {
						"x": 1,
						"y": 1980,
						"w": 88,
						"h": 35
					},
					"anchor": {
						"x": 0.5,
						"y": 0.5
					}
				},
				{
					"filename": "cast_circle.png",
					"rotated": false,
					"trimmed": true,
					"sourceSize": {
						"w": 75,
						"h": 75
					},
					"spriteSourceSize": {
						"x": 0,
						"y": 26,
						"w": 75,
						"h": 22
					},
					"frame": {
						"x": 1,
						"y": 2017,
						"w": 75,
						"h": 22
					},
					"anchor": {
						"x": 0.5,
						"y": 0.5
					}
				},
				{
					"filename": "healthbar_1thirds_half.png",
					"rotated": false,
					"trimmed": true,
					"sourceSize": {
						"w": 182,
						"h": 182
					},
					"spriteSourceSize": {
						"x": 5,
						"y": 89,
						"w": 42,
						"h": 64
					},
					"frame": {
						"x": 1918,
						"y": 1150,
						"w": 42,
						"h": 64
					},
					"anchor": {
						"x": 0.5,
						"y": 0.5
					}
				},
				{
					"filename": "healthbar_partial_half.png",
					"rotated": false,
					"trimmed": true,
					"sourceSize": {
						"w": 182,
						"h": 182
					},
					"spriteSourceSize": {
						"x": 135,
						"y": 89,
						"w": 42,
						"h": 64
					},
					"frame": {
						"x": 1962,
						"y": 1024,
						"w": 42,
						"h": 64
					},
					"anchor": {
						"x": 0.5,
						"y": 0.5
					}
				},
				{
					"filename": "bright_rune_unload.png",
					"rotated": false,
					"trimmed": true,
					"sourceSize": {
						"w": 60,
						"h": 165
					},
					"spriteSourceSize": {
						"x": 5,
						"y": 1,
						"w": 51,
						"h": 50
					},
					"frame": {
						"x": 1962,
						"y": 1090,
						"w": 51,
						"h": 50
					},
					"anchor": {
						"x": 0.5,
						"y": 0.5
					}
				},
				{
					"filename": "rune_unload.png",
					"rotated": false,
					"trimmed": true,
					"sourceSize": {
						"w": 60,
						"h": 165
					},
					"spriteSourceSize": {
						"x": 5,
						"y": 1,
						"w": 51,
						"h": 50
					},
					"frame": {
						"x": 1962,
						"y": 1142,
						"w": 51,
						"h": 50
					},
					"anchor": {
						"x": 0.5,
						"y": 0.5
					}
				},
				{
					"filename": "rune_protect.png",
					"rotated": false,
					"trimmed": true,
					"sourceSize": {
						"w": 59,
						"h": 165
					},
					"spriteSourceSize": {
						"x": 6,
						"y": 5,
						"w": 48,
						"h": 41
					},
					"frame": {
						"x": 221,
						"y": 1941,
						"w": 48,
						"h": 41
					},
					"anchor": {
						"x": 0.5,
						"y": 0.5
					}
				},
				{
					"filename": "rune_mind_glow - Copy.png",
					"rotated": false,
					"trimmed": true,
					"sourceSize": {
						"w": 60,
						"h": 165
					},
					"spriteSourceSize": {
						"x": 15,
						"y": 2,
						"w": 29,
						"h": 48
					},
					"frame": {
						"x": 1994,
						"y": 1194,
						"w": 29,
						"h": 48
					},
					"anchor": {
						"x": 0.5,
						"y": 0.5
					}
				},
				{
					"filename": "bright_rune_void.png",
					"rotated": false,
					"trimmed": true,
					"sourceSize": {
						"w": 60,
						"h": 165
					},
					"spriteSourceSize": {
						"x": 7,
						"y": 4,
						"w": 44,
						"h": 45
					},
					"frame": {
						"x": 91,
						"y": 1980,
						"w": 44,
						"h": 45
					},
					"anchor": {
						"x": 0.5,
						"y": 0.5
					}
				},
				{
					"filename": "rune_void.png",
					"rotated": false,
					"trimmed": true,
					"sourceSize": {
						"w": 60,
						"h": 165
					},
					"spriteSourceSize": {
						"x": 7,
						"y": 4,
						"w": 44,
						"h": 45
					},
					"frame": {
						"x": 137,
						"y": 1980,
						"w": 44,
						"h": 45
					},
					"anchor": {
						"x": 0.5,
						"y": 0.5
					}
				},
				{
					"filename": "healthbar_seg_red_eith_flash.png",
					"rotated": false,
					"trimmed": true,
					"sourceSize": {
						"w": 182,
						"h": 182
					},
					"spriteSourceSize": {
						"x": 136,
						"y": 122,
						"w": 36,
						"h": 37
					},
					"frame": {
						"x": 183,
						"y": 1980,
						"w": 36,
						"h": 37
					},
					"anchor": {
						"x": 0.5,
						"y": 0.5
					}
				},
				{
					"filename": "bright_rune_strike.png",
					"rotated": false,
					"trimmed": true,
					"sourceSize": {
						"w": 60,
						"h": 165
					},
					"spriteSourceSize": {
						"x": 9,
						"y": 3,
						"w": 41,
						"h": 44
					},
					"frame": {
						"x": 1953,
						"y": 1749,
						"w": 41,
						"h": 44
					},
					"anchor": {
						"x": 0.5,
						"y": 0.5
					}
				},
				{
					"filename": "drag_circle.png",
					"rotated": false,
					"trimmed": false,
					"sourceSize": {
						"w": 40,
						"h": 40
					},
					"spriteSourceSize": {
						"x": 0,
						"y": 0,
						"w": 40,
						"h": 40
					},
					"frame": {
						"x": 1953,
						"y": 1795,
						"w": 40,
						"h": 40
					},
					"anchor": {
						"x": 0.5,
						"y": 0.5
					}
				},
				{
					"filename": "healthbar_seg_red_quarter.png",
					"rotated": false,
					"trimmed": true,
					"sourceSize": {
						"w": 182,
						"h": 182
					},
					"spriteSourceSize": {
						"x": 143,
						"y": 118,
						"w": 28,
						"h": 34
					},
					"frame": {
						"x": 1995,
						"y": 1795,
						"w": 28,
						"h": 34
					},
					"anchor": {
						"x": 0.5,
						"y": 0.5
					}
				},
				{
					"filename": "cast_triangle.png",
					"rotated": false,
					"trimmed": false,
					"sourceSize": {
						"w": 13,
						"h": 25
					},
					"spriteSourceSize": {
						"x": 0,
						"y": 0,
						"w": 13,
						"h": 25
					},
					"frame": {
						"x": 865,
						"y": 1432,
						"w": 13,
						"h": 25
					},
					"anchor": {
						"x": 0.5,
						"y": 0.5
					}
				},
				{
					"filename": "healthbar_sliver.png",
					"rotated": false,
					"trimmed": true,
					"sourceSize": {
						"w": 182,
						"h": 182
					},
					"spriteSourceSize": {
						"x": 143,
						"y": 135,
						"w": 17,
						"h": 18
					},
					"frame": {
						"x": 2006,
						"y": 1024,
						"w": 17,
						"h": 18
					},
					"anchor": {
						"x": 0.5,
						"y": 0.5
					}
				},
				{
					"filename": "healthbar_partial_sliver.png",
					"rotated": false,
					"trimmed": true,
					"sourceSize": {
						"w": 182,
						"h": 182
					},
					"spriteSourceSize": {
						"x": 135,
						"y": 135,
						"w": 23,
						"h": 18
					},
					"frame": {
						"x": 1304,
						"y": 1260,
						"w": 23,
						"h": 18
					},
					"anchor": {
						"x": 0.5,
						"y": 0.5
					}
				},
				{
					"filename": "healthbar_seg_red_eighth.png",
					"rotated": false,
					"trimmed": true,
					"sourceSize": {
						"w": 182,
						"h": 182
					},
					"spriteSourceSize": {
						"x": 143,
						"y": 131,
						"w": 20,
						"h": 21
					},
					"frame": {
						"x": 1716,
						"y": 1226,
						"w": 20,
						"h": 21
					},
					"anchor": {
						"x": 0.5,
						"y": 0.5
					}
				},
				{
					"filename": "healthbar_0thirds.png",
					"rotated": false,
					"trimmed": true,
					"sourceSize": {
						"w": 182,
						"h": 182
					},
					"spriteSourceSize": {
						"x": 25,
						"y": 135,
						"w": 22,
						"h": 18
					},
					"frame": {
						"x": 1043,
						"y": 1752,
						"w": 22,
						"h": 18
					},
					"anchor": {
						"x": 0.5,
						"y": 0.5
					}
				},
				{
					"filename": "null.png",
					"rotated": false,
					"trimmed": true,
					"sourceSize": {
						"w": 50,
						"h": 160
					},
					"spriteSourceSize": {
						"x": 17,
						"y": 13,
						"w": 16,
						"h": 15
					},
					"frame": {
						"x": 437,
						"y": 1041,
						"w": 16,
						"h": 15
					},
					"anchor": {
						"x": 0.5,
						"y": 0.5
					}
				},
				{
					"filename": "null_glow.png",
					"rotated": false,
					"trimmed": true,
					"sourceSize": {
						"w": 50,
						"h": 160
					},
					"spriteSourceSize": {
						"x": 17,
						"y": 13,
						"w": 16,
						"h": 15
					},
					"frame": {
						"x": 437,
						"y": 1041,
						"w": 16,
						"h": 15
					},
					"anchor": {
						"x": 0.5,
						"y": 0.5
					}
				},
				{
					"filename": "border.png",
					"rotated": false,
					"trimmed": true,
					"sourceSize": {
						"w": 15,
						"h": 15
					},
					"spriteSourceSize": {
						"x": 0,
						"y": 1,
						"w": 15,
						"h": 14
					},
					"frame": {
						"x": 734,
						"y": 1694,
						"w": 15,
						"h": 14
					},
					"anchor": {
						"x": 0.5,
						"y": 0.5
					}
				},
				{
					"filename": "blastEffect6.png",
					"rotated": false,
					"trimmed": true,
					"sourceSize": {
						"w": 129,
						"h": 129
					},
					"spriteSourceSize": {
						"x": 0,
						"y": 0,
						"w": 3,
						"h": 3
					},
					"frame": {
						"x": 1925,
						"y": 1552,
						"w": 3,
						"h": 3
					},
					"anchor": {
						"x": 0.5,
						"y": 0.5
					}
				},
				{
					"filename": "bright_null.png",
					"rotated": false,
					"trimmed": true,
					"sourceSize": {
						"w": 2,
						"h": 2
					},
					"spriteSourceSize": {
						"x": 0,
						"y": 0,
						"w": 3,
						"h": 3
					},
					"frame": {
						"x": 1925,
						"y": 1552,
						"w": 3,
						"h": 3
					},
					"anchor": {
						"x": 0.5,
						"y": 0.5
					}
				},
				{
					"filename": "circleEffect10.png",
					"rotated": false,
					"trimmed": true,
					"sourceSize": {
						"w": 125,
						"h": 125
					},
					"spriteSourceSize": {
						"x": 0,
						"y": 0,
						"w": 3,
						"h": 3
					},
					"frame": {
						"x": 1925,
						"y": 1552,
						"w": 3,
						"h": 3
					},
					"anchor": {
						"x": 0.5,
						"y": 0.5
					}
				}
			]
		},
		{
			"image": "sprites/circle-1.webp",
			"format": "RGBA8888",
			"size": {
				"w": 256,
				"h": 1011
			},
			"scale": 1,
			"frames": [
				{
					"filename": "cast_normal.png",
					"rotated": false,
					"trimmed": true,
					"sourceSize": {
						"w": 174,
						"h": 171
					},
					"spriteSourceSize": {
						"x": 0,
						"y": 0,
						"w": 173,
						"h": 171
					},
					"frame": {
						"x": 1,
						"y": 1,
						"w": 173,
						"h": 171
					},
					"anchor": {
						"x": 0.5,
						"y": 0.5
					}
				},
				{
					"filename": "bright_rune_enhance.png",
					"rotated": false,
					"trimmed": true,
					"sourceSize": {
						"w": 59,
						"h": 165
					},
					"spriteSourceSize": {
						"x": 1,
						"y": 2,
						"w": 57,
						"h": 42
					},
					"frame": {
						"x": 176,
						"y": 1,
						"w": 57,
						"h": 42
					},
					"anchor": {
						"x": 0.5,
						"y": 0.5
					}
				},
				{
					"filename": "rune_enhance.png",
					"rotated": false,
					"trimmed": true,
					"sourceSize": {
						"w": 59,
						"h": 165
					},
					"spriteSourceSize": {
						"x": 1,
						"y": 2,
						"w": 57,
						"h": 42
					},
					"frame": {
						"x": 176,
						"y": 45,
						"w": 57,
						"h": 42
					},
					"anchor": {
						"x": 0.5,
						"y": 0.5
					}
				},
				{
					"filename": "rune_unload_glow.png",
					"rotated": false,
					"trimmed": true,
					"sourceSize": {
						"w": 60,
						"h": 165
					},
					"spriteSourceSize": {
						"x": 5,
						"y": 1,
						"w": 51,
						"h": 50
					},
					"frame": {
						"x": 176,
						"y": 89,
						"w": 51,
						"h": 50
					},
					"anchor": {
						"x": 0.5,
						"y": 0.5
					}
				},
				{
					"filename": "rune_matter.png",
					"rotated": false,
					"trimmed": true,
					"sourceSize": {
						"w": 60,
						"h": 165
					},
					"spriteSourceSize": {
						"x": 5,
						"y": 5,
						"w": 51,
						"h": 42
					},
					"frame": {
						"x": 176,
						"y": 141,
						"w": 51,
						"h": 42
					},
					"anchor": {
						"x": 0.5,
						"y": 0.5
					}
				},
				{
					"filename": "cast_press.png",
					"rotated": false,
					"trimmed": true,
					"sourceSize": {
						"w": 173,
						"h": 171
					},
					"spriteSourceSize": {
						"x": 0,
						"y": 0,
						"w": 172,
						"h": 171
					},
					"frame": {
						"x": 1,
						"y": 174,
						"w": 172,
						"h": 171
					},
					"anchor": {
						"x": 0.5,
						"y": 0.5
					}
				},
				{
					"filename": "rune_matter_glow.png",
					"rotated": false,
					"trimmed": true,
					"sourceSize": {
						"w": 60,
						"h": 165
					},
					"spriteSourceSize": {
						"x": 5,
						"y": 5,
						"w": 51,
						"h": 42
					},
					"frame": {
						"x": 175,
						"y": 185,
						"w": 51,
						"h": 42
					},
					"anchor": {
						"x": 0.5,
						"y": 0.5
					}
				},
				{
					"filename": "bright_rune_protect.png",
					"rotated": false,
					"trimmed": true,
					"sourceSize": {
						"w": 59,
						"h": 165
					},
					"spriteSourceSize": {
						"x": 6,
						"y": 5,
						"w": 48,
						"h": 41
					},
					"frame": {
						"x": 175,
						"y": 229,
						"w": 48,
						"h": 41
					},
					"anchor": {
						"x": 0.5,
						"y": 0.5
					}
				},
				{
					"filename": "rune_mind - Copy.png",
					"rotated": false,
					"trimmed": true,
					"sourceSize": {
						"w": 60,
						"h": 165
					},
					"spriteSourceSize": {
						"x": 15,
						"y": 2,
						"w": 29,
						"h": 48
					},
					"frame": {
						"x": 225,
						"y": 229,
						"w": 29,
						"h": 48
					},
					"anchor": {
						"x": 0.5,
						"y": 0.5
					}
				},
				{
					"filename": "rune_protect_glow.png",
					"rotated": false,
					"trimmed": true,
					"sourceSize": {
						"w": 59,
						"h": 165
					},
					"spriteSourceSize": {
						"x": 6,
						"y": 5,
						"w": 48,
						"h": 41
					},
					"frame": {
						"x": 175,
						"y": 272,
						"w": 48,
						"h": 41
					},
					"anchor": {
						"x": 0.5,
						"y": 0.5
					}
				},
				{
					"filename": "healthbar_seg_red_half_flash.png",
					"rotated": false,
					"trimmed": true,
					"sourceSize": {
						"w": 182,
						"h": 182
					},
					"spriteSourceSize": {
						"x": 136,
						"y": 86,
						"w": 46,
						"h": 73
					},
					"frame": {
						"x": 175,
						"y": 315,
						"w": 46,
						"h": 73
					},
					"anchor": {
						"x": 0.5,
						"y": 0.5
					}
				},
				{
					"filename": "bright_rune_mind.png",
					"rotated": false,
					"trimmed": true,
					"sourceSize": {
						"w": 60,
						"h": 165
					},
					"spriteSourceSize": {
						"x": 14,
						"y": 6,
						"w": 32,
						"h": 45
					},
					"frame": {
						"x": 223,
						"y": 315,
						"w": 32,
						"h": 45
					},
					"anchor": {
						"x": 0.5,
						"y": 0.5
					}
				},
				{
					"filename": "rune_mind.png",
					"rotated": false,
					"trimmed": true,
					"sourceSize": {
						"w": 60,
						"h": 165
					},
					"spriteSourceSize": {
						"x": 14,
						"y": 6,
						"w": 32,
						"h": 45
					},
					"frame": {
						"x": 223,
						"y": 362,
						"w": 32,
						"h": 45
					},
					"anchor": {
						"x": 0.5,
						"y": 0.5
					}
				},
				{
					"filename": "circleEffect6.png",
					"rotated": false,
					"trimmed": false,
					"sourceSize": {
						"w": 125,
						"h": 125
					},
					"spriteSourceSize": {
						"x": 0,
						"y": 0,
						"w": 125,
						"h": 125
					},
					"frame": {
						"x": 1,
						"y": 347,
						"w": 125,
						"h": 125
					},
					"anchor": {
						"x": 0.5,
						"y": 0.5
					}
				},
				{
					"filename": "rune_void_glow.png",
					"rotated": false,
					"trimmed": true,
					"sourceSize": {
						"w": 60,
						"h": 165
					},
					"spriteSourceSize": {
						"x": 7,
						"y": 4,
						"w": 44,
						"h": 45
					},
					"frame": {
						"x": 128,
						"y": 347,
						"w": 44,
						"h": 45
					},
					"anchor": {
						"x": 0.5,
						"y": 0.5
					}
				},
				{
					"filename": "blastEffect4.png",
					"rotated": false,
					"trimmed": true,
					"sourceSize": {
						"w": 125,
						"h": 125
					},
					"spriteSourceSize": {
						"x": 1,
						"y": 0,
						"w": 124,
						"h": 125
					},
					"frame": {
						"x": 128,
						"y": 409,
						"w": 124,
						"h": 125
					},
					"anchor": {
						"x": 0.5,
						"y": 0.5
					}
				},
				{
					"filename": "circleEffect7.png",
					"rotated": false,
					"trimmed": true,
					"sourceSize": {
						"w": 125,
						"h": 125
					},
					"spriteSourceSize": {
						"x": 0,
						"y": 1,
						"w": 124,
						"h": 124
					},
					"frame": {
						"x": 1,
						"y": 474,
						"w": 124,
						"h": 124
					},
					"anchor": {
						"x": 0.5,
						"y": 0.5
					}
				},
				{
					"filename": "circleEffect8.png",
					"rotated": false,
					"trimmed": true,
					"sourceSize": {
						"w": 125,
						"h": 125
					},
					"spriteSourceSize": {
						"x": 0,
						"y": 1,
						"w": 124,
						"h": 124
					},
					"frame": {
						"x": 127,
						"y": 536,
						"w": 124,
						"h": 124
					},
					"anchor": {
						"x": 0.5,
						"y": 0.5
					}
				},
				{
					"filename": "circleEffect9.png",
					"rotated": false,
					"trimmed": true,
					"sourceSize": {
						"w": 125,
						"h": 125
					},
					"spriteSourceSize": {
						"x": 0,
						"y": 1,
						"w": 124,
						"h": 124
					},
					"frame": {
						"x": 1,
						"y": 600,
						"w": 124,
						"h": 124
					},
					"anchor": {
						"x": 0.5,
						"y": 0.5
					}
				},
				{
					"filename": "blastEffect5.png",
					"rotated": false,
					"trimmed": true,
					"sourceSize": {
						"w": 129,
						"h": 129
					},
					"spriteSourceSize": {
						"x": 4,
						"y": 3,
						"w": 122,
						"h": 122
					},
					"frame": {
						"x": 127,
						"y": 662,
						"w": 122,
						"h": 122
					},
					"anchor": {
						"x": 0.5,
						"y": 0.5
					}
				},
				{
					"filename": "error_box.png",
					"rotated": false,
					"trimmed": true,
					"sourceSize": {
						"w": 195,
						"h": 71
					},
					"spriteSourceSize": {
						"x": 39,
						"y": 0,
						"w": 117,
						"h": 71
					},
					"frame": {
						"x": 1,
						"y": 726,
						"w": 117,
						"h": 71
					},
					"anchor": {
						"x": 0.5,
						"y": 0.5
					}
				},
				{
					"filename": "focus_lines.png",
					"rotated": false,
					"trimmed": true,
					"sourceSize": {
						"w": 113,
						"h": 136
					},
					"spriteSourceSize": {
						"x": 8,
						"y": 6,
						"w": 96,
						"h": 121
					},
					"frame": {
						"x": 120,
						"y": 786,
						"w": 96,
						"h": 121
					},
					"anchor": {
						"x": 0.5,
						"y": 0.5
					}
				},
				{
					"filename": "healthbar_seg_red.png",
					"rotated": false,
					"trimmed": true,
					"sourceSize": {
						"w": 182,
						"h": 182
					},
					"spriteSourceSize": {
						"x": 142,
						"y": 29,
						"w": 34,
						"h": 123
					},
					"frame": {
						"x": 218,
						"y": 786,
						"w": 34,
						"h": 123
					},
					"anchor": {
						"x": 0.5,
						"y": 0.5
					}
				},
				{
					"filename": "focus_lines_on.png",
					"rotated": false,
					"trimmed": true,
					"sourceSize": {
						"w": 113,
						"h": 136
					},
					"spriteSourceSize": {
						"x": 8,
						"y": 6,
						"w": 96,
						"h": 121
					},
					"frame": {
						"x": 1,
						"y": 799,
						"w": 96,
						"h": 121
					},
					"anchor": {
						"x": 0.5,
						"y": 0.5
					}
				},
				{
					"filename": "healthbar_seg_red_half.png",
					"rotated": false,
					"trimmed": true,
					"sourceSize": {
						"w": 182,
						"h": 182
					},
					"spriteSourceSize": {
						"x": 143,
						"y": 90,
						"w": 33,
						"h": 62
					},
					"frame": {
						"x": 1,
						"y": 922,
						"w": 33,
						"h": 62
					},
					"anchor": {
						"x": 0.5,
						"y": 0.5
					}
				},
				{
					"filename": "rune_mind_glow.png",
					"rotated": false,
					"trimmed": true,
					"sourceSize": {
						"w": 60,
						"h": 165
					},
					"spriteSourceSize": {
						"x": 14,
						"y": 6,
						"w": 32,
						"h": 45
					},
					"frame": {
						"x": 36,
						"y": 922,
						"w": 32,
						"h": 45
					},
					"anchor": {
						"x": 0.5,
						"y": 0.5
					}
				},
				{
					"filename": "rune_strike.png",
					"rotated": false,
					"trimmed": true,
					"sourceSize": {
						"w": 60,
						"h": 165
					},
					"spriteSourceSize": {
						"x": 9,
						"y": 3,
						"w": 41,
						"h": 44
					},
					"frame": {
						"x": 70,
						"y": 922,
						"w": 41,
						"h": 44
					},
					"anchor": {
						"x": 0.5,
						"y": 0.5
					}
				},
				{
					"filename": "bright_rune_reinforce.png",
					"rotated": false,
					"trimmed": true,
					"sourceSize": {
						"w": 60,
						"h": 165
					},
					"spriteSourceSize": {
						"x": 8,
						"y": 3,
						"w": 44,
						"h": 42
					},
					"frame": {
						"x": 70,
						"y": 968,
						"w": 44,
						"h": 42
					},
					"anchor": {
						"x": 0.5,
						"y": 0.5
					}
				},
				{
					"filename": "rune_strike_glow.png",
					"rotated": false,
					"trimmed": true,
					"sourceSize": {
						"w": 60,
						"h": 165
					},
					"spriteSourceSize": {
						"x": 9,
						"y": 3,
						"w": 41,
						"h": 44
					},
					"frame": {
						"x": 113,
						"y": 911,
						"w": 41,
						"h": 44
					},
					"anchor": {
						"x": 0.5,
						"y": 0.5
					}
				},
				{
					"filename": "rune_reinforce.png",
					"rotated": false,
					"trimmed": true,
					"sourceSize": {
						"w": 60,
						"h": 165
					},
					"spriteSourceSize": {
						"x": 8,
						"y": 3,
						"w": 44,
						"h": 42
					},
					"frame": {
						"x": 116,
						"y": 957,
						"w": 44,
						"h": 42
					},
					"anchor": {
						"x": 0.5,
						"y": 0.5
					}
				},
				{
					"filename": "rune_reinforce_glow.png",
					"rotated": false,
					"trimmed": true,
					"sourceSize": {
						"w": 60,
						"h": 165
					},
					"spriteSourceSize": {
						"x": 8,
						"y": 3,
						"w": 44,
						"h": 42
					},
					"frame": {
						"x": 156,
						"y": 911,
						"w": 44,
						"h": 42
					},
					"anchor": {
						"x": 0.5,
						"y": 0.5
					}
				},
				{
					"filename": "bright_rune_time.png",
					"rotated": false,
					"trimmed": true,
					"sourceSize": {
						"w": 60,
						"h": 165
					},
					"spriteSourceSize": {
						"x": 11,
						"y": 5,
						"w": 38,
						"h": 42
					},
					"frame": {
						"x": 162,
						"y": 955,
						"w": 38,
						"h": 42
					},
					"anchor": {
						"x": 0.5,
						"y": 0.5
					}
				},
				{
					"filename": "rune_time.png",
					"rotated": false,
					"trimmed": true,
					"sourceSize": {
						"w": 60,
						"h": 165
					},
					"spriteSourceSize": {
						"x": 11,
						"y": 5,
						"w": 38,
						"h": 42
					},
					"frame": {
						"x": 202,
						"y": 911,
						"w": 38,
						"h": 42
					},
					"anchor": {
						"x": 0.5,
						"y": 0.5
					}
				},
				{
					"filename": "rune_time_glow.png",
					"rotated": false,
					"trimmed": true,
					"sourceSize": {
						"w": 60,
						"h": 165
					},
					"spriteSourceSize": {
						"x": 11,
						"y": 5,
						"w": 38,
						"h": 42
					},
					"frame": {
						"x": 202,
						"y": 955,
						"w": 38,
						"h": 42
					},
					"anchor": {
						"x": 0.5,
						"y": 0.5
					}
				}
			]
		}
	],
	"meta": {
		"app": "https://www.codeandweb.com/texturepacker",
		"version": "3.0",
		"smartupdate": "$TexturePacker:SmartUpdate:fe34d17f166bb98c161208b34c807645:8ba7714041a2e761205b5ec827b5115f:1e6d99c7ebe83c9d4df22481bc2c00de$"
	}
}
