{
	"textures": [
		{
			"image": "sprites/enemies-0.webp",
			"format": "RGBA8888",
			"size": {
				"w": 2011,
				"h": 2048
			},
			"scale": 1,
			"frames": [
				{
					"filename": "red_clock_back_large_red.png",
					"rotated": false,
					"trimmed": true,
					"sourceSize": {
						"w": 679,
						"h": 679
					},
					"spriteSourceSize": {
						"x": 75,
						"y": 76,
						"w": 528,
						"h": 527
					},
					"frame": {
						"x": 1,
						"y": 1,
						"w": 528,
						"h": 527
					},
					"anchor": {
						"x": 0.5,
						"y": 0.5
					}
				},
				{
					"filename": "max_death_1a.png",
					"rotated": false,
					"trimmed": true,
					"sourceSize": {
						"w": 675,
						"h": 700
					},
					"spriteSourceSize": {
						"x": 73,
						"y": 241,
						"w": 570,
						"h": 379
					},
					"frame": {
						"x": 531,
						"y": 1,
						"w": 570,
						"h": 379
					},
					"anchor": {
						"x": 0.5,
						"y": 0.5
					}
				},
				{
					"filename": "max_death_1_cast.png",
					"rotated": false,
					"trimmed": true,
					"sourceSize": {
						"w": 608,
						"h": 630
					},
					"spriteSourceSize": {
						"x": 27,
						"y": 169,
						"w": 496,
						"h": 453
					},
					"frame": {
						"x": 1,
						"y": 530,
						"w": 496,
						"h": 453
					},
					"anchor": {
						"x": 0.5,
						"y": 0.5
					}
				},
				{
					"filename": "tree.png",
					"rotated": false,
					"trimmed": true,
					"sourceSize": {
						"w": 497,
						"h": 424
					},
					"spriteSourceSize": {
						"x": 1,
						"y": 0,
						"w": 496,
						"h": 422
					},
					"frame": {
						"x": 1,
						"y": 985,
						"w": 496,
						"h": 422
					},
					"anchor": {
						"x": 0.5,
						"y": 0.5
					}
				},
				{
					"filename": "tree_open.png",
					"rotated": false,
					"trimmed": true,
					"sourceSize": {
						"w": 497,
						"h": 424
					},
					"spriteSourceSize": {
						"x": 1,
						"y": 0,
						"w": 496,
						"h": 422
					},
					"frame": {
						"x": 1,
						"y": 1409,
						"w": 496,
						"h": 422
					},
					"anchor": {
						"x": 0.5,
						"y": 0.5
					}
				},
				{
					"filename": "thorns2.png",
					"rotated": false,
					"trimmed": true,
					"sourceSize": {
						"w": 550,
						"h": 250
					},
					"spriteSourceSize": {
						"x": 30,
						"y": 36,
						"w": 491,
						"h": 214
					},
					"frame": {
						"x": 1,
						"y": 1833,
						"w": 491,
						"h": 214
					},
					"anchor": {
						"x": 0.5,
						"y": 0.5
					}
				},
				{
					"filename": "robot_blast.png",
					"rotated": false,
					"trimmed": true,
					"sourceSize": {
						"w": 530,
						"h": 420
					},
					"spriteSourceSize": {
						"x": 5,
						"y": 6,
						"w": 517,
						"h": 409
					},
					"frame": {
						"x": 1103,
						"y": 1,
						"w": 517,
						"h": 409
					},
					"anchor": {
						"x": 0.5,
						"y": 0.5
					}
				},
				{
					"filename": "robot_claw_2.png",
					"rotated": false,
					"trimmed": true,
					"sourceSize": {
						"w": 395,
						"h": 351
					},
					"spriteSourceSize": {
						"x": 14,
						"y": 8,
						"w": 378,
						"h": 338
					},
					"frame": {
						"x": 1622,
						"y": 1,
						"w": 378,
						"h": 338
					},
					"anchor": {
						"x": 0.5,
						"y": 0.5
					}
				},
				{
					"filename": "tree_top.png",
					"rotated": false,
					"trimmed": true,
					"sourceSize": {
						"w": 497,
						"h": 424
					},
					"spriteSourceSize": {
						"x": 1,
						"y": 0,
						"w": 496,
						"h": 294
					},
					"frame": {
						"x": 531,
						"y": 382,
						"w": 496,
						"h": 294
					},
					"anchor": {
						"x": 0.5,
						"y": 0.5
					}
				},
				{
					"filename": "max_death_1b.png",
					"rotated": false,
					"trimmed": true,
					"sourceSize": {
						"w": 675,
						"h": 700
					},
					"spriteSourceSize": {
						"x": 145,
						"y": 242,
						"w": 440,
						"h": 404
					},
					"frame": {
						"x": 499,
						"y": 678,
						"w": 440,
						"h": 404
					},
					"anchor": {
						"x": 0.5,
						"y": 0.5
					}
				},
				{
					"filename": "void_knight_2.png",
					"rotated": false,
					"trimmed": true,
					"sourceSize": {
						"w": 465,
						"h": 365
					},
					"spriteSourceSize": {
						"x": 43,
						"y": 2,
						"w": 416,
						"h": 309
					},
					"frame": {
						"x": 499,
						"y": 1084,
						"w": 416,
						"h": 309
					},
					"anchor": {
						"x": 0.5,
						"y": 0.5
					}
				},
				{
					"filename": "robot_claw_b1.png",
					"rotated": false,
					"trimmed": true,
					"sourceSize": {
						"w": 395,
						"h": 351
					},
					"spriteSourceSize": {
						"x": 3,
						"y": 11,
						"w": 389,
						"h": 335
					},
					"frame": {
						"x": 499,
						"y": 1395,
						"w": 389,
						"h": 335
					},
					"anchor": {
						"x": 0.5,
						"y": 0.5
					}
				},
				{
					"filename": "robot_flutter.png",
					"rotated": false,
					"trimmed": true,
					"sourceSize": {
						"w": 427,
						"h": 381
					},
					"spriteSourceSize": {
						"x": 2,
						"y": 10,
						"w": 425,
						"h": 248
					},
					"frame": {
						"x": 1029,
						"y": 412,
						"w": 425,
						"h": 248
					},
					"anchor": {
						"x": 0.5,
						"y": 0.5
					}
				},
				{
					"filename": "max_death_1b_angry_white.png",
					"rotated": false,
					"trimmed": true,
					"sourceSize": {
						"w": 641,
						"h": 669
					},
					"spriteSourceSize": {
						"x": 200,
						"y": 223,
						"w": 246,
						"h": 445
					},
					"frame": {
						"x": 941,
						"y": 678,
						"w": 246,
						"h": 445
					},
					"anchor": {
						"x": 0.5,
						"y": 0.5
					}
				},
				{
					"filename": "max_death_1b_angry.png",
					"rotated": false,
					"trimmed": true,
					"sourceSize": {
						"w": 641,
						"h": 668
					},
					"spriteSourceSize": {
						"x": 202,
						"y": 226,
						"w": 242,
						"h": 440
					},
					"frame": {
						"x": 1189,
						"y": 662,
						"w": 242,
						"h": 440
					},
					"anchor": {
						"x": 0.5,
						"y": 0.5
					}
				},
				{
					"filename": "robot_claw_1.png",
					"rotated": false,
					"trimmed": true,
					"sourceSize": {
						"w": 395,
						"h": 351
					},
					"spriteSourceSize": {
						"x": 4,
						"y": 62,
						"w": 383,
						"h": 284
					},
					"frame": {
						"x": 917,
						"y": 1125,
						"w": 383,
						"h": 284
					},
					"anchor": {
						"x": 0.5,
						"y": 0.5
					}
				},
				{
					"filename": "robot_claw_b2.png",
					"rotated": false,
					"trimmed": true,
					"sourceSize": {
						"w": 395,
						"h": 351
					},
					"spriteSourceSize": {
						"x": 8,
						"y": 62,
						"w": 372,
						"h": 284
					},
					"frame": {
						"x": 890,
						"y": 1411,
						"w": 372,
						"h": 284
					},
					"anchor": {
						"x": 0.5,
						"y": 0.5
					}
				},
				{
					"filename": "robot_fire_2.png",
					"rotated": false,
					"trimmed": true,
					"sourceSize": {
						"w": 404,
						"h": 170
					},
					"spriteSourceSize": {
						"x": 5,
						"y": 7,
						"w": 394,
						"h": 159
					},
					"frame": {
						"x": 499,
						"y": 1732,
						"w": 394,
						"h": 159
					},
					"anchor": {
						"x": 0.5,
						"y": 0.5
					}
				},
				{
					"filename": "robot_fire_1.png",
					"rotated": false,
					"trimmed": true,
					"sourceSize": {
						"w": 404,
						"h": 170
					},
					"spriteSourceSize": {
						"x": 7,
						"y": 7,
						"w": 390,
						"h": 154
					},
					"frame": {
						"x": 494,
						"y": 1893,
						"w": 390,
						"h": 154
					},
					"anchor": {
						"x": 0.5,
						"y": 0.5
					}
				},
				{
					"filename": "mantis_shoot_left.png",
					"rotated": false,
					"trimmed": true,
					"sourceSize": {
						"w": 360,
						"h": 325
					},
					"spriteSourceSize": {
						"x": 12,
						"y": 32,
						"w": 348,
						"h": 270
					},
					"frame": {
						"x": 895,
						"y": 1697,
						"w": 348,
						"h": 270
					},
					"anchor": {
						"x": 0.5,
						"y": 0.5
					}
				},
				{
					"filename": "robot0.png",
					"rotated": false,
					"trimmed": true,
					"sourceSize": {
						"w": 344,
						"h": 334
					},
					"spriteSourceSize": {
						"x": 3,
						"y": 4,
						"w": 315,
						"h": 327
					},
					"frame": {
						"x": 1302,
						"y": 1104,
						"w": 315,
						"h": 327
					},
					"anchor": {
						"x": 0.5,
						"y": 0.5
					}
				},
				{
					"filename": "robot_matter.png",
					"rotated": false,
					"trimmed": true,
					"sourceSize": {
						"w": 336,
						"h": 325
					},
					"spriteSourceSize": {
						"x": 7,
						"y": 31,
						"w": 315,
						"h": 293
					},
					"frame": {
						"x": 1264,
						"y": 1433,
						"w": 315,
						"h": 293
					},
					"anchor": {
						"x": 0.5,
						"y": 0.5
					}
				},
				{
					"filename": "void_knight_3.png",
					"rotated": false,
					"trimmed": true,
					"sourceSize": {
						"w": 365,
						"h": 325
					},
					"spriteSourceSize": {
						"x": 50,
						"y": 0,
						"w": 312,
						"h": 291
					},
					"frame": {
						"x": 1245,
						"y": 1728,
						"w": 312,
						"h": 291
					},
					"anchor": {
						"x": 0.5,
						"y": 0.5
					}
				},
				{
					"filename": "gobbo4.png",
					"rotated": false,
					"trimmed": true,
					"sourceSize": {
						"w": 245,
						"h": 277
					},
					"spriteSourceSize": {
						"x": 0,
						"y": 0,
						"w": 245,
						"h": 271
					},
					"frame": {
						"x": 1456,
						"y": 412,
						"w": 245,
						"h": 271
					},
					"anchor": {
						"x": 0.5,
						"y": 0.5
					}
				},
				{
					"filename": "void_knight_attack.png",
					"rotated": false,
					"trimmed": true,
					"sourceSize": {
						"w": 432,
						"h": 416
					},
					"spriteSourceSize": {
						"x": 124,
						"y": 105,
						"w": 302,
						"h": 308
					},
					"frame": {
						"x": 1433,
						"y": 685,
						"w": 302,
						"h": 308
					},
					"anchor": {
						"x": 0.5,
						"y": 0.5
					}
				},
				{
					"filename": "robot2.png",
					"rotated": false,
					"trimmed": true,
					"sourceSize": {
						"w": 300,
						"h": 300
					},
					"spriteSourceSize": {
						"x": 0,
						"y": 14,
						"w": 280,
						"h": 285
					},
					"frame": {
						"x": 1703,
						"y": 341,
						"w": 280,
						"h": 285
					},
					"anchor": {
						"x": 0.5,
						"y": 0.5
					}
				},
				{
					"filename": "void_knight_shield_2.png",
					"rotated": false,
					"trimmed": false,
					"sourceSize": {
						"w": 260,
						"h": 260
					},
					"spriteSourceSize": {
						"x": 0,
						"y": 0,
						"w": 260,
						"h": 260
					},
					"frame": {
						"x": 1737,
						"y": 628,
						"w": 260,
						"h": 260
					},
					"anchor": {
						"x": 0.5,
						"y": 0.5
					}
				},
				{
					"filename": "tree_branch.webp",
					"rotated": false,
					"trimmed": true,
					"sourceSize": {
						"w": 274,
						"h": 184
					},
					"spriteSourceSize": {
						"x": 0,
						"y": 4,
						"w": 268,
						"h": 177
					},
					"frame": {
						"x": 1737,
						"y": 890,
						"w": 268,
						"h": 177
					},
					"anchor": {
						"x": 0.5,
						"y": 0.5
					}
				},
				{
					"filename": "falling_leaves_3.png",
					"rotated": false,
					"trimmed": true,
					"sourceSize": {
						"w": 101,
						"h": 111
					},
					"spriteSourceSize": {
						"x": 3,
						"y": 2,
						"w": 97,
						"h": 107
					},
					"frame": {
						"x": 1433,
						"y": 995,
						"w": 97,
						"h": 107
					},
					"anchor": {
						"x": 0.5,
						"y": 0.5
					}
				},
				{
					"filename": "mantis_b.png",
					"rotated": false,
					"trimmed": true,
					"sourceSize": {
						"w": 310,
						"h": 325
					},
					"spriteSourceSize": {
						"x": 13,
						"y": 95,
						"w": 231,
						"h": 201
					},
					"frame": {
						"x": 1619,
						"y": 1069,
						"w": 231,
						"h": 201
					},
					"anchor": {
						"x": 0.5,
						"y": 0.5
					}
				},
				{
					"filename": "void_knight_died.png",
					"rotated": false,
					"trimmed": true,
					"sourceSize": {
						"w": 285,
						"h": 377
					},
					"spriteSourceSize": {
						"x": 87,
						"y": 196,
						"w": 196,
						"h": 181
					},
					"frame": {
						"x": 1619,
						"y": 1272,
						"w": 196,
						"h": 181
					},
					"anchor": {
						"x": 0.5,
						"y": 0.5
					}
				},
				{
					"filename": "void_knight_tent_1_back.png",
					"rotated": false,
					"trimmed": true,
					"sourceSize": {
						"w": 365,
						"h": 325
					},
					"spriteSourceSize": {
						"x": 181,
						"y": 77,
						"w": 162,
						"h": 210
					},
					"frame": {
						"x": 1581,
						"y": 1455,
						"w": 162,
						"h": 210
					},
					"anchor": {
						"x": 0.5,
						"y": 0.5
					}
				},
				{
					"filename": "falling_leaves.png",
					"rotated": false,
					"trimmed": true,
					"sourceSize": {
						"w": 121,
						"h": 182
					},
					"spriteSourceSize": {
						"x": 8,
						"y": 5,
						"w": 111,
						"h": 177
					},
					"frame": {
						"x": 1852,
						"y": 1069,
						"w": 111,
						"h": 177
					},
					"anchor": {
						"x": 0.5,
						"y": 0.5
					}
				},
				{
					"filename": "red_clock_arm_large.png",
					"rotated": false,
					"trimmed": true,
					"sourceSize": {
						"w": 60,
						"h": 215
					},
					"spriteSourceSize": {
						"x": 0,
						"y": 0,
						"w": 60,
						"h": 214
					},
					"frame": {
						"x": 1745,
						"y": 1455,
						"w": 60,
						"h": 214
					},
					"anchor": {
						"x": 0.5,
						"y": 0.5
					}
				},
				{
					"filename": "clock4.png",
					"rotated": false,
					"trimmed": false,
					"sourceSize": {
						"w": 78,
						"h": 78
					},
					"spriteSourceSize": {
						"x": 0,
						"y": 0,
						"w": 78,
						"h": 78
					},
					"frame": {
						"x": 886,
						"y": 1969,
						"w": 78,
						"h": 78
					},
					"anchor": {
						"x": 0.5,
						"y": 0.5
					}
				},
				{
					"filename": "void_knight_shield_eye.png",
					"rotated": false,
					"trimmed": true,
					"sourceSize": {
						"w": 80,
						"h": 80
					},
					"spriteSourceSize": {
						"x": 1,
						"y": 1,
						"w": 78,
						"h": 78
					},
					"frame": {
						"x": 966,
						"y": 1969,
						"w": 78,
						"h": 78
					},
					"anchor": {
						"x": 0.5,
						"y": 0.5
					}
				},
				{
					"filename": "warning.png",
					"rotated": false,
					"trimmed": false,
					"sourceSize": {
						"w": 10,
						"h": 200
					},
					"spriteSourceSize": {
						"x": 0,
						"y": 0,
						"w": 10,
						"h": 200
					},
					"frame": {
						"x": 1559,
						"y": 1728,
						"w": 10,
						"h": 200
					},
					"anchor": {
						"x": 0.5,
						"y": 0.5
					}
				},
				{
					"filename": "robot_dead_right.png",
					"rotated": false,
					"trimmed": false,
					"sourceSize": {
						"w": 150,
						"h": 123
					},
					"spriteSourceSize": {
						"x": 0,
						"y": 0,
						"w": 150,
						"h": 123
					},
					"frame": {
						"x": 1581,
						"y": 1667,
						"w": 150,
						"h": 123
					},
					"anchor": {
						"x": 0.5,
						"y": 0.5
					}
				},
				{
					"filename": "gunflash_1.png",
					"rotated": false,
					"trimmed": true,
					"sourceSize": {
						"w": 138,
						"h": 138
					},
					"spriteSourceSize": {
						"x": 6,
						"y": 4,
						"w": 129,
						"h": 126
					},
					"frame": {
						"x": 1571,
						"y": 1792,
						"w": 129,
						"h": 126
					},
					"anchor": {
						"x": 0.5,
						"y": 0.5
					}
				},
				{
					"filename": "max_death_1_magic_1.png",
					"rotated": false,
					"trimmed": true,
					"sourceSize": {
						"w": 170,
						"h": 185
					},
					"spriteSourceSize": {
						"x": 1,
						"y": 10,
						"w": 94,
						"h": 170
					},
					"frame": {
						"x": 1817,
						"y": 1272,
						"w": 94,
						"h": 170
					},
					"anchor": {
						"x": 0.5,
						"y": 0.5
					}
				},
				{
					"filename": "max_death_1_magic_2.png",
					"rotated": false,
					"trimmed": true,
					"sourceSize": {
						"w": 170,
						"h": 185
					},
					"spriteSourceSize": {
						"x": 1,
						"y": 10,
						"w": 94,
						"h": 170
					},
					"frame": {
						"x": 1817,
						"y": 1272,
						"w": 94,
						"h": 170
					},
					"anchor": {
						"x": 0.5,
						"y": 0.5
					}
				},
				{
					"filename": "void_shock.png",
					"rotated": false,
					"trimmed": true,
					"sourceSize": {
						"w": 275,
						"h": 50
					},
					"spriteSourceSize": {
						"x": 124,
						"y": 4,
						"w": 150,
						"h": 43
					},
					"frame": {
						"x": 1532,
						"y": 995,
						"w": 150,
						"h": 43
					},
					"anchor": {
						"x": 0.5,
						"y": 0.5
					}
				},
				{
					"filename": "gobbo_knock_full.png",
					"rotated": false,
					"trimmed": true,
					"sourceSize": {
						"w": 457,
						"h": 657
					},
					"spriteSourceSize": {
						"x": 157,
						"y": 4,
						"w": 104,
						"h": 123
					},
					"frame": {
						"x": 1733,
						"y": 1671,
						"w": 104,
						"h": 123
					},
					"anchor": {
						"x": 0.5,
						"y": 0.5
					}
				},
				{
					"filename": "void_knight_3_legs.png",
					"rotated": false,
					"trimmed": true,
					"sourceSize": {
						"w": 365,
						"h": 325
					},
					"spriteSourceSize": {
						"x": 127,
						"y": 170,
						"w": 117,
						"h": 122
					},
					"frame": {
						"x": 1702,
						"y": 1796,
						"w": 117,
						"h": 122
					},
					"anchor": {
						"x": 0.5,
						"y": 0.5
					}
				},
				{
					"filename": "roboteye.png",
					"rotated": false,
					"trimmed": true,
					"sourceSize": {
						"w": 200,
						"h": 80
					},
					"spriteSourceSize": {
						"x": 8,
						"y": 0,
						"w": 183,
						"h": 80
					},
					"frame": {
						"x": 1571,
						"y": 1920,
						"w": 183,
						"h": 80
					},
					"anchor": {
						"x": 0.5,
						"y": 0.5
					}
				},
				{
					"filename": "void_tentacle_eye.png",
					"rotated": false,
					"trimmed": true,
					"sourceSize": {
						"w": 116,
						"h": 115
					},
					"spriteSourceSize": {
						"x": 2,
						"y": 1,
						"w": 85,
						"h": 57
					},
					"frame": {
						"x": 1532,
						"y": 1040,
						"w": 85,
						"h": 57
					},
					"anchor": {
						"x": 0.5,
						"y": 0.5
					}
				},
				{
					"filename": "blood_0.png",
					"rotated": false,
					"trimmed": true,
					"sourceSize": {
						"w": 148,
						"h": 106
					},
					"spriteSourceSize": {
						"x": 18,
						"y": 32,
						"w": 118,
						"h": 44
					},
					"frame": {
						"x": 1046,
						"y": 1969,
						"w": 118,
						"h": 44
					},
					"anchor": {
						"x": 0.5,
						"y": 0.5
					}
				},
				{
					"filename": "missile.png",
					"rotated": false,
					"trimmed": true,
					"sourceSize": {
						"w": 138,
						"h": 138
					},
					"spriteSourceSize": {
						"x": 38,
						"y": 6,
						"w": 68,
						"h": 126
					},
					"frame": {
						"x": 1913,
						"y": 1248,
						"w": 68,
						"h": 126
					},
					"anchor": {
						"x": 0.5,
						"y": 0.5
					}
				},
				{
					"filename": "glowSpike.png",
					"rotated": false,
					"trimmed": true,
					"sourceSize": {
						"w": 130,
						"h": 130
					},
					"spriteSourceSize": {
						"x": 13,
						"y": 9,
						"w": 103,
						"h": 99
					},
					"frame": {
						"x": 1756,
						"y": 1920,
						"w": 103,
						"h": 99
					},
					"anchor": {
						"x": 0.5,
						"y": 0.5
					}
				},
				{
					"filename": "tree_leaf.webp",
					"rotated": false,
					"trimmed": true,
					"sourceSize": {
						"w": 40,
						"h": 100
					},
					"spriteSourceSize": {
						"x": 0,
						"y": 2,
						"w": 40,
						"h": 97
					},
					"frame": {
						"x": 1965,
						"y": 1069,
						"w": 40,
						"h": 97
					},
					"anchor": {
						"x": 0.5,
						"y": 0.5
					}
				},
				{
					"filename": "void_knight_helmet.png",
					"rotated": false,
					"trimmed": true,
					"sourceSize": {
						"w": 84,
						"h": 66
					},
					"spriteSourceSize": {
						"x": 13,
						"y": 0,
						"w": 71,
						"h": 63
					},
					"frame": {
						"x": 1622,
						"y": 341,
						"w": 71,
						"h": 63
					},
					"anchor": {
						"x": 0.5,
						"y": 0.5
					}
				},
				{
					"filename": "gunflash_4.png",
					"rotated": false,
					"trimmed": true,
					"sourceSize": {
						"w": 138,
						"h": 138
					},
					"spriteSourceSize": {
						"x": 33,
						"y": 32,
						"w": 81,
						"h": 71
					},
					"frame": {
						"x": 1913,
						"y": 1376,
						"w": 81,
						"h": 71
					},
					"anchor": {
						"x": 0.5,
						"y": 0.5
					}
				},
				{
					"filename": "void_knight_arm.png",
					"rotated": false,
					"trimmed": true,
					"sourceSize": {
						"w": 47,
						"h": 110
					},
					"spriteSourceSize": {
						"x": 0,
						"y": 6,
						"w": 47,
						"h": 104
					},
					"frame": {
						"x": 1821,
						"y": 1796,
						"w": 47,
						"h": 104
					},
					"anchor": {
						"x": 0.5,
						"y": 0.5
					}
				},
				{
					"filename": "bird_2.png",
					"rotated": false,
					"trimmed": true,
					"sourceSize": {
						"w": 66,
						"h": 51
					},
					"spriteSourceSize": {
						"x": 12,
						"y": 7,
						"w": 45,
						"h": 39
					},
					"frame": {
						"x": 1965,
						"y": 1168,
						"w": 45,
						"h": 39
					},
					"anchor": {
						"x": 0.5,
						"y": 0.5
					}
				},
				{
					"filename": "music_note_blue.png",
					"rotated": false,
					"trimmed": true,
					"sourceSize": {
						"w": 110,
						"h": 110
					},
					"spriteSourceSize": {
						"x": 16,
						"y": 16,
						"w": 68,
						"h": 77
					},
					"frame": {
						"x": 1166,
						"y": 1969,
						"w": 68,
						"h": 77
					},
					"anchor": {
						"x": 0.5,
						"y": 0.5
					}
				},
				{
					"filename": "mantis_head_1.png",
					"rotated": false,
					"trimmed": true,
					"sourceSize": {
						"w": 87,
						"h": 130
					},
					"spriteSourceSize": {
						"x": 10,
						"y": 0,
						"w": 77,
						"h": 95
					},
					"frame": {
						"x": 1807,
						"y": 1455,
						"w": 77,
						"h": 95
					},
					"anchor": {
						"x": 0.5,
						"y": 0.5
					}
				},
				{
					"filename": "gunflash_2.png",
					"rotated": false,
					"trimmed": true,
					"sourceSize": {
						"w": 138,
						"h": 138
					},
					"spriteSourceSize": {
						"x": 26,
						"y": 26,
						"w": 89,
						"h": 92
					},
					"frame": {
						"x": 1807,
						"y": 1552,
						"w": 89,
						"h": 92
					},
					"anchor": {
						"x": 0.5,
						"y": 0.5
					}
				},
				{
					"filename": "blurryball.png",
					"rotated": false,
					"trimmed": true,
					"sourceSize": {
						"w": 80,
						"h": 80
					},
					"spriteSourceSize": {
						"x": 0,
						"y": 0,
						"w": 79,
						"h": 79
					},
					"frame": {
						"x": 1886,
						"y": 1449,
						"w": 79,
						"h": 79
					},
					"anchor": {
						"x": 0.5,
						"y": 0.5
					}
				},
				{
					"filename": "gunflash_3.png",
					"rotated": false,
					"trimmed": true,
					"sourceSize": {
						"w": 138,
						"h": 138
					},
					"spriteSourceSize": {
						"x": 40,
						"y": 24,
						"w": 67,
						"h": 89
					},
					"frame": {
						"x": 1898,
						"y": 1530,
						"w": 67,
						"h": 89
					},
					"anchor": {
						"x": 0.5,
						"y": 0.5
					}
				},
				{
					"filename": "blood_1.png",
					"rotated": false,
					"trimmed": true,
					"sourceSize": {
						"w": 148,
						"h": 106
					},
					"spriteSourceSize": {
						"x": 1,
						"y": 0,
						"w": 144,
						"h": 91
					},
					"frame": {
						"x": 1839,
						"y": 1646,
						"w": 144,
						"h": 91
					},
					"anchor": {
						"x": 0.5,
						"y": 0.5
					}
				},
				{
					"filename": "ready_glow.png",
					"rotated": false,
					"trimmed": true,
					"sourceSize": {
						"w": 117,
						"h": 49
					},
					"spriteSourceSize": {
						"x": 1,
						"y": 1,
						"w": 115,
						"h": 47
					},
					"frame": {
						"x": 1839,
						"y": 1739,
						"w": 115,
						"h": 47
					},
					"anchor": {
						"x": 0.5,
						"y": 0.5
					}
				},
				{
					"filename": "void_knight_shield_eye_2.png",
					"rotated": false,
					"trimmed": true,
					"sourceSize": {
						"w": 80,
						"h": 80
					},
					"spriteSourceSize": {
						"x": 13,
						"y": 13,
						"w": 54,
						"h": 54
					},
					"frame": {
						"x": 1956,
						"y": 1739,
						"w": 54,
						"h": 54
					},
					"anchor": {
						"x": 0.5,
						"y": 0.5
					}
				},
				{
					"filename": "max_death_left_sleeve_a.png",
					"rotated": false,
					"trimmed": true,
					"sourceSize": {
						"w": 675,
						"h": 700
					},
					"spriteSourceSize": {
						"x": 182,
						"y": 326,
						"w": 65,
						"h": 72
					},
					"frame": {
						"x": 1870,
						"y": 1788,
						"w": 65,
						"h": 72
					},
					"anchor": {
						"x": 0.5,
						"y": 0.5
					}
				},
				{
					"filename": "clock2.png",
					"rotated": false,
					"trimmed": false,
					"sourceSize": {
						"w": 43,
						"h": 43
					},
					"spriteSourceSize": {
						"x": 0,
						"y": 0,
						"w": 43,
						"h": 43
					},
					"frame": {
						"x": 1967,
						"y": 1449,
						"w": 43,
						"h": 43
					},
					"anchor": {
						"x": 0.5,
						"y": 0.5
					}
				},
				{
					"filename": "mantis_head_2.png",
					"rotated": false,
					"trimmed": true,
					"sourceSize": {
						"w": 65,
						"h": 44
					},
					"spriteSourceSize": {
						"x": 1,
						"y": 1,
						"w": 64,
						"h": 43
					},
					"frame": {
						"x": 1870,
						"y": 1862,
						"w": 64,
						"h": 43
					},
					"anchor": {
						"x": 0.5,
						"y": 0.5
					}
				},
				{
					"filename": "gunflash_5.png",
					"rotated": false,
					"trimmed": true,
					"sourceSize": {
						"w": 138,
						"h": 138
					},
					"spriteSourceSize": {
						"x": 47,
						"y": 34,
						"w": 55,
						"h": 71
					},
					"frame": {
						"x": 1861,
						"y": 1907,
						"w": 55,
						"h": 71
					},
					"anchor": {
						"x": 0.5,
						"y": 0.5
					}
				},
				{
					"filename": "void_knight_sigil2.png",
					"rotated": false,
					"trimmed": true,
					"sourceSize": {
						"w": 200,
						"h": 245
					},
					"spriteSourceSize": {
						"x": 59,
						"y": 61,
						"w": 60,
						"h": 60
					},
					"frame": {
						"x": 1937,
						"y": 1795,
						"w": 60,
						"h": 60
					},
					"anchor": {
						"x": 0.5,
						"y": 0.5
					}
				},
				{
					"filename": "clock3.png",
					"rotated": false,
					"trimmed": false,
					"sourceSize": {
						"w": 58,
						"h": 58
					},
					"spriteSourceSize": {
						"x": 0,
						"y": 0,
						"w": 58,
						"h": 58
					},
					"frame": {
						"x": 1861,
						"y": 1980,
						"w": 58,
						"h": 58
					},
					"anchor": {
						"x": 0.5,
						"y": 0.5
					}
				},
				{
					"filename": "tree_eye.png",
					"rotated": false,
					"trimmed": false,
					"sourceSize": {
						"w": 21,
						"h": 68
					},
					"spriteSourceSize": {
						"x": 0,
						"y": 0,
						"w": 21,
						"h": 68
					},
					"frame": {
						"x": 499,
						"y": 530,
						"w": 21,
						"h": 68
					},
					"anchor": {
						"x": 0.5,
						"y": 0.5
					}
				},
				{
					"filename": "lesser_dummy_eyes2.png",
					"rotated": false,
					"trimmed": true,
					"sourceSize": {
						"w": 184,
						"h": 248
					},
					"spriteSourceSize": {
						"x": 55,
						"y": 30,
						"w": 30,
						"h": 27
					},
					"frame": {
						"x": 1619,
						"y": 1040,
						"w": 30,
						"h": 27
					},
					"anchor": {
						"x": 0.5,
						"y": 0.5
					}
				},
				{
					"filename": "lesser_dummy_eyes6.png",
					"rotated": false,
					"trimmed": true,
					"sourceSize": {
						"w": 184,
						"h": 248
					},
					"spriteSourceSize": {
						"x": 55,
						"y": 30,
						"w": 30,
						"h": 27
					},
					"frame": {
						"x": 1619,
						"y": 1040,
						"w": 30,
						"h": 27
					},
					"anchor": {
						"x": 0.5,
						"y": 0.5
					}
				},
				{
					"filename": "lesser_dummy_eyes3.png",
					"rotated": false,
					"trimmed": true,
					"sourceSize": {
						"w": 184,
						"h": 248
					},
					"spriteSourceSize": {
						"x": 55,
						"y": 30,
						"w": 30,
						"h": 27
					},
					"frame": {
						"x": 1651,
						"y": 1040,
						"w": 30,
						"h": 27
					},
					"anchor": {
						"x": 0.5,
						"y": 0.5
					}
				},
				{
					"filename": "lesser_dummy_eyes4.png",
					"rotated": false,
					"trimmed": true,
					"sourceSize": {
						"w": 184,
						"h": 248
					},
					"spriteSourceSize": {
						"x": 55,
						"y": 30,
						"w": 30,
						"h": 27
					},
					"frame": {
						"x": 1651,
						"y": 1040,
						"w": 30,
						"h": 27
					},
					"anchor": {
						"x": 0.5,
						"y": 0.5
					}
				},
				{
					"filename": "max_death_left_sleeve_b.png",
					"rotated": false,
					"trimmed": true,
					"sourceSize": {
						"w": 675,
						"h": 700
					},
					"spriteSourceSize": {
						"x": 190,
						"y": 335,
						"w": 47,
						"h": 38
					},
					"frame": {
						"x": 1684,
						"y": 995,
						"w": 47,
						"h": 38
					},
					"anchor": {
						"x": 0.5,
						"y": 0.5
					}
				},
				{
					"filename": "lesser_dummy_eyes5.png",
					"rotated": false,
					"trimmed": true,
					"sourceSize": {
						"w": 184,
						"h": 248
					},
					"spriteSourceSize": {
						"x": 55,
						"y": 30,
						"w": 30,
						"h": 27
					},
					"frame": {
						"x": 499,
						"y": 600,
						"w": 30,
						"h": 27
					},
					"anchor": {
						"x": 0.5,
						"y": 0.5
					}
				},
				{
					"filename": "bird_1.png",
					"rotated": false,
					"trimmed": true,
					"sourceSize": {
						"w": 45,
						"h": 40
					},
					"spriteSourceSize": {
						"x": 4,
						"y": 0,
						"w": 39,
						"h": 38
					},
					"frame": {
						"x": 1967,
						"y": 1494,
						"w": 39,
						"h": 38
					},
					"anchor": {
						"x": 0.5,
						"y": 0.5
					}
				},
				{
					"filename": "lesser_dummy_eyes1.png",
					"rotated": false,
					"trimmed": true,
					"sourceSize": {
						"w": 184,
						"h": 248
					},
					"spriteSourceSize": {
						"x": 56,
						"y": 30,
						"w": 29,
						"h": 26
					},
					"frame": {
						"x": 1236,
						"y": 2021,
						"w": 29,
						"h": 26
					},
					"anchor": {
						"x": 0.5,
						"y": 0.5
					}
				},
				{
					"filename": "lesser_dummy_eyes7.png",
					"rotated": false,
					"trimmed": true,
					"sourceSize": {
						"w": 184,
						"h": 248
					},
					"spriteSourceSize": {
						"x": 56,
						"y": 30,
						"w": 29,
						"h": 26
					},
					"frame": {
						"x": 1236,
						"y": 2021,
						"w": 29,
						"h": 26
					},
					"anchor": {
						"x": 0.5,
						"y": 0.5
					}
				},
				{
					"filename": "lesser_dummy_eyes9.png",
					"rotated": false,
					"trimmed": true,
					"sourceSize": {
						"w": 184,
						"h": 248
					},
					"spriteSourceSize": {
						"x": 56,
						"y": 30,
						"w": 29,
						"h": 26
					},
					"frame": {
						"x": 1236,
						"y": 2021,
						"w": 29,
						"h": 26
					},
					"anchor": {
						"x": 0.5,
						"y": 0.5
					}
				},
				{
					"filename": "lesser_dummy_eyes8.png",
					"rotated": false,
					"trimmed": true,
					"sourceSize": {
						"w": 184,
						"h": 248
					},
					"spriteSourceSize": {
						"x": 56,
						"y": 30,
						"w": 29,
						"h": 26
					},
					"frame": {
						"x": 1267,
						"y": 2021,
						"w": 29,
						"h": 26
					},
					"anchor": {
						"x": 0.5,
						"y": 0.5
					}
				},
				{
					"filename": "lesser_dummy_mouth6.png",
					"rotated": false,
					"trimmed": true,
					"sourceSize": {
						"w": 184,
						"h": 248
					},
					"spriteSourceSize": {
						"x": 41,
						"y": 39,
						"w": 71,
						"h": 35
					},
					"frame": {
						"x": 1559,
						"y": 2002,
						"w": 71,
						"h": 35
					},
					"anchor": {
						"x": 0.5,
						"y": 0.5
					}
				},
				{
					"filename": "lesser_dummy_mouth7.png",
					"rotated": false,
					"trimmed": true,
					"sourceSize": {
						"w": 184,
						"h": 248
					},
					"spriteSourceSize": {
						"x": 41,
						"y": 39,
						"w": 71,
						"h": 35
					},
					"frame": {
						"x": 1632,
						"y": 2002,
						"w": 71,
						"h": 35
					},
					"anchor": {
						"x": 0.5,
						"y": 0.5
					}
				},
				{
					"filename": "void_knight_sigil.png",
					"rotated": false,
					"trimmed": true,
					"sourceSize": {
						"w": 216,
						"h": 265
					},
					"spriteSourceSize": {
						"x": 74,
						"y": 74,
						"w": 37,
						"h": 35
					},
					"frame": {
						"x": 1965,
						"y": 1209,
						"w": 37,
						"h": 35
					},
					"anchor": {
						"x": 0.5,
						"y": 0.5
					}
				},
				{
					"filename": "lesser_dummy_mouth4.png",
					"rotated": false,
					"trimmed": true,
					"sourceSize": {
						"w": 184,
						"h": 248
					},
					"spriteSourceSize": {
						"x": 49,
						"y": 56,
						"w": 46,
						"h": 18
					},
					"frame": {
						"x": 1029,
						"y": 382,
						"w": 46,
						"h": 18
					},
					"anchor": {
						"x": 0.5,
						"y": 0.5
					}
				},
				{
					"filename": "lesser_dummy_mouth8.png",
					"rotated": false,
					"trimmed": true,
					"sourceSize": {
						"w": 184,
						"h": 248
					},
					"spriteSourceSize": {
						"x": 41,
						"y": 39,
						"w": 71,
						"h": 35
					},
					"frame": {
						"x": 1937,
						"y": 1857,
						"w": 71,
						"h": 35
					},
					"anchor": {
						"x": 0.5,
						"y": 0.5
					}
				},
				{
					"filename": "lesser_dummy_mouth9.png",
					"rotated": false,
					"trimmed": true,
					"sourceSize": {
						"w": 184,
						"h": 248
					},
					"spriteSourceSize": {
						"x": 41,
						"y": 39,
						"w": 71,
						"h": 35
					},
					"frame": {
						"x": 1936,
						"y": 1894,
						"w": 71,
						"h": 35
					},
					"anchor": {
						"x": 0.5,
						"y": 0.5
					}
				},
				{
					"filename": "lesser_dummy_mouth5.png",
					"rotated": false,
					"trimmed": true,
					"sourceSize": {
						"w": 184,
						"h": 248
					},
					"spriteSourceSize": {
						"x": 42,
						"y": 41,
						"w": 70,
						"h": 33
					},
					"frame": {
						"x": 1918,
						"y": 1931,
						"w": 70,
						"h": 33
					},
					"anchor": {
						"x": 0.5,
						"y": 0.5
					}
				},
				{
					"filename": "mantis_head_3.png",
					"rotated": false,
					"trimmed": true,
					"sourceSize": {
						"w": 60,
						"h": 47
					},
					"spriteSourceSize": {
						"x": 3,
						"y": 6,
						"w": 56,
						"h": 40
					},
					"frame": {
						"x": 1921,
						"y": 1966,
						"w": 56,
						"h": 40
					},
					"anchor": {
						"x": 0.5,
						"y": 0.5
					}
				},
				{
					"filename": "lesser_dummy_mouth3.png",
					"rotated": false,
					"trimmed": true,
					"sourceSize": {
						"w": 184,
						"h": 248
					},
					"spriteSourceSize": {
						"x": 59,
						"y": 59,
						"w": 19,
						"h": 15
					},
					"frame": {
						"x": 917,
						"y": 1084,
						"w": 19,
						"h": 15
					},
					"anchor": {
						"x": 0.5,
						"y": 0.5
					}
				},
				{
					"filename": "lesser_dummy_mouth2.png",
					"rotated": false,
					"trimmed": true,
					"sourceSize": {
						"w": 184,
						"h": 248
					},
					"spriteSourceSize": {
						"x": 65,
						"y": 60,
						"w": 8,
						"h": 11
					},
					"frame": {
						"x": 2002,
						"y": 1,
						"w": 8,
						"h": 11
					},
					"anchor": {
						"x": 0.5,
						"y": 0.5
					}
				},
				{
					"filename": "lesser_dummy_mouth1.png",
					"rotated": false,
					"trimmed": true,
					"sourceSize": {
						"w": 184,
						"h": 248
					},
					"spriteSourceSize": {
						"x": 65,
						"y": 60,
						"w": 7,
						"h": 11
					},
					"frame": {
						"x": 886,
						"y": 1893,
						"w": 7,
						"h": 11
					},
					"anchor": {
						"x": 0.5,
						"y": 0.5
					}
				},
				{
					"filename": "blank.png",
					"rotated": false,
					"trimmed": true,
					"sourceSize": {
						"w": 2,
						"h": 2
					},
					"spriteSourceSize": {
						"x": 0,
						"y": 0,
						"w": 3,
						"h": 3
					},
					"frame": {
						"x": 494,
						"y": 1833,
						"w": 3,
						"h": 3
					},
					"anchor": {
						"x": 0.5,
						"y": 0.5
					}
				}
			]
		},
		{
			"image": "sprites/enemies-1.webp",
			"format": "RGBA8888",
			"size": {
				"w": 2046,
				"h": 2033
			},
			"scale": 1,
			"frames": [
				{
					"filename": "max_death_1a_angry.png",
					"rotated": false,
					"trimmed": true,
					"sourceSize": {
						"w": 641,
						"h": 665
					},
					"spriteSourceSize": {
						"x": 202,
						"y": 226,
						"w": 242,
						"h": 439
					},
					"frame": {
						"x": 1,
						"y": 1,
						"w": 242,
						"h": 439
					},
					"anchor": {
						"x": 0.5,
						"y": 0.5
					}
				},
				{
					"filename": "robot_heart.png",
					"rotated": false,
					"trimmed": true,
					"sourceSize": {
						"w": 354,
						"h": 330
					},
					"spriteSourceSize": {
						"x": 1,
						"y": 5,
						"w": 345,
						"h": 321
					},
					"frame": {
						"x": 245,
						"y": 1,
						"w": 345,
						"h": 321
					},
					"anchor": {
						"x": 0.5,
						"y": 0.5
					}
				},
				{
					"filename": "robot_laser_fire.png",
					"rotated": false,
					"trimmed": true,
					"sourceSize": {
						"w": 300,
						"h": 470
					},
					"spriteSourceSize": {
						"x": 43,
						"y": 23,
						"w": 210,
						"h": 428
					},
					"frame": {
						"x": 1,
						"y": 442,
						"w": 210,
						"h": 428
					},
					"anchor": {
						"x": 0.5,
						"y": 0.5
					}
				},
				{
					"filename": "gobbo_elec1.png",
					"rotated": false,
					"trimmed": true,
					"sourceSize": {
						"w": 314,
						"h": 319
					},
					"spriteSourceSize": {
						"x": 0,
						"y": 0,
						"w": 311,
						"h": 318
					},
					"frame": {
						"x": 592,
						"y": 1,
						"w": 311,
						"h": 318
					},
					"anchor": {
						"x": 0.5,
						"y": 0.5
					}
				},
				{
					"filename": "gobbo_elec2.png",
					"rotated": false,
					"trimmed": true,
					"sourceSize": {
						"w": 314,
						"h": 319
					},
					"spriteSourceSize": {
						"x": 0,
						"y": 0,
						"w": 311,
						"h": 318
					},
					"frame": {
						"x": 905,
						"y": 1,
						"w": 311,
						"h": 318
					},
					"anchor": {
						"x": 0.5,
						"y": 0.5
					}
				},
				{
					"filename": "robot_laser.png",
					"rotated": false,
					"trimmed": true,
					"sourceSize": {
						"w": 307,
						"h": 341
					},
					"spriteSourceSize": {
						"x": 1,
						"y": 0,
						"w": 305,
						"h": 338
					},
					"frame": {
						"x": 1218,
						"y": 1,
						"w": 305,
						"h": 338
					},
					"anchor": {
						"x": 0.5,
						"y": 0.5
					}
				},
				{
					"filename": "mantis_shoot_right.png",
					"rotated": false,
					"trimmed": true,
					"sourceSize": {
						"w": 360,
						"h": 325
					},
					"spriteSourceSize": {
						"x": 12,
						"y": 32,
						"w": 348,
						"h": 270
					},
					"frame": {
						"x": 1525,
						"y": 1,
						"w": 348,
						"h": 270
					},
					"anchor": {
						"x": 0.5,
						"y": 0.5
					}
				},
				{
					"filename": "time_magi_shock1.png",
					"rotated": false,
					"trimmed": true,
					"sourceSize": {
						"w": 259,
						"h": 444
					},
					"spriteSourceSize": {
						"x": 24,
						"y": 21,
						"w": 222,
						"h": 357
					},
					"frame": {
						"x": 1,
						"y": 872,
						"w": 222,
						"h": 357
					},
					"anchor": {
						"x": 0.5,
						"y": 0.5
					}
				},
				{
					"filename": "time_magi_shock2.png",
					"rotated": false,
					"trimmed": true,
					"sourceSize": {
						"w": 259,
						"h": 444
					},
					"spriteSourceSize": {
						"x": 24,
						"y": 21,
						"w": 222,
						"h": 357
					},
					"frame": {
						"x": 1,
						"y": 1231,
						"w": 222,
						"h": 357
					},
					"anchor": {
						"x": 0.5,
						"y": 0.5
					}
				},
				{
					"filename": "mantis_reveal.png",
					"rotated": false,
					"trimmed": true,
					"sourceSize": {
						"w": 360,
						"h": 325
					},
					"spriteSourceSize": {
						"x": 53,
						"y": 0,
						"w": 244,
						"h": 321
					},
					"frame": {
						"x": 1,
						"y": 1590,
						"w": 244,
						"h": 321
					},
					"anchor": {
						"x": 0.5,
						"y": 0.5
					}
				},
				{
					"filename": "mantis_unveiled.png",
					"rotated": false,
					"trimmed": true,
					"sourceSize": {
						"w": 360,
						"h": 325
					},
					"spriteSourceSize": {
						"x": 12,
						"y": 32,
						"w": 348,
						"h": 270
					},
					"frame": {
						"x": 245,
						"y": 324,
						"w": 348,
						"h": 270
					},
					"anchor": {
						"x": 0.5,
						"y": 0.5
					}
				},
				{
					"filename": "mantis_shoot_headless.png",
					"rotated": false,
					"trimmed": true,
					"sourceSize": {
						"w": 360,
						"h": 325
					},
					"spriteSourceSize": {
						"x": 12,
						"y": 51,
						"w": 348,
						"h": 251
					},
					"frame": {
						"x": 595,
						"y": 321,
						"w": 348,
						"h": 251
					},
					"anchor": {
						"x": 0.5,
						"y": 0.5
					}
				},
				{
					"filename": "robot_charge.png",
					"rotated": false,
					"trimmed": true,
					"sourceSize": {
						"w": 300,
						"h": 300
					},
					"spriteSourceSize": {
						"x": 13,
						"y": 13,
						"w": 275,
						"h": 272
					},
					"frame": {
						"x": 213,
						"y": 596,
						"w": 275,
						"h": 272
					},
					"anchor": {
						"x": 0.5,
						"y": 0.5
					}
				},
				{
					"filename": "robot_broken.png",
					"rotated": false,
					"trimmed": true,
					"sourceSize": {
						"w": 325,
						"h": 365
					},
					"spriteSourceSize": {
						"x": 0,
						"y": 50,
						"w": 289,
						"h": 315
					},
					"frame": {
						"x": 225,
						"y": 870,
						"w": 289,
						"h": 315
					},
					"anchor": {
						"x": 0.5,
						"y": 0.5
					}
				},
				{
					"filename": "robot1.png",
					"rotated": false,
					"trimmed": true,
					"sourceSize": {
						"w": 300,
						"h": 300
					},
					"spriteSourceSize": {
						"x": 0,
						"y": 8,
						"w": 280,
						"h": 291
					},
					"frame": {
						"x": 225,
						"y": 1187,
						"w": 280,
						"h": 291
					},
					"anchor": {
						"x": 0.5,
						"y": 0.5
					}
				},
				{
					"filename": "gobboAttack1.png",
					"rotated": false,
					"trimmed": true,
					"sourceSize": {
						"w": 248,
						"h": 278
					},
					"spriteSourceSize": {
						"x": 4,
						"y": 0,
						"w": 242,
						"h": 271
					},
					"frame": {
						"x": 945,
						"y": 321,
						"w": 242,
						"h": 271
					},
					"anchor": {
						"x": 0.5,
						"y": 0.5
					}
				},
				{
					"filename": "gobbo0_atk.png",
					"rotated": false,
					"trimmed": true,
					"sourceSize": {
						"w": 306,
						"h": 241
					},
					"spriteSourceSize": {
						"x": 0,
						"y": 0,
						"w": 297,
						"h": 241
					},
					"frame": {
						"x": 1189,
						"y": 341,
						"w": 297,
						"h": 241
					},
					"anchor": {
						"x": 0.5,
						"y": 0.5
					}
				},
				{
					"filename": "robot_time1.png",
					"rotated": false,
					"trimmed": true,
					"sourceSize": {
						"w": 295,
						"h": 295
					},
					"spriteSourceSize": {
						"x": 0,
						"y": 7,
						"w": 275,
						"h": 287
					},
					"frame": {
						"x": 247,
						"y": 1480,
						"w": 275,
						"h": 287
					},
					"anchor": {
						"x": 0.5,
						"y": 0.5
					}
				},
				{
					"filename": "time_magi.png",
					"rotated": false,
					"trimmed": true,
					"sourceSize": {
						"w": 233,
						"h": 300
					},
					"spriteSourceSize": {
						"x": 36,
						"y": 0,
						"w": 159,
						"h": 279
					},
					"frame": {
						"x": 1875,
						"y": 1,
						"w": 159,
						"h": 279
					},
					"anchor": {
						"x": 0.5,
						"y": 0.5
					}
				},
				{
					"filename": "gobbo2.png",
					"rotated": false,
					"trimmed": true,
					"sourceSize": {
						"w": 282,
						"h": 220
					},
					"spriteSourceSize": {
						"x": 2,
						"y": 0,
						"w": 280,
						"h": 220
					},
					"frame": {
						"x": 247,
						"y": 1769,
						"w": 280,
						"h": 220
					},
					"anchor": {
						"x": 0.5,
						"y": 0.5
					}
				},
				{
					"filename": "void_knight_dazed.png",
					"rotated": false,
					"trimmed": true,
					"sourceSize": {
						"w": 234,
						"h": 286
					},
					"spriteSourceSize": {
						"x": 24,
						"y": 2,
						"w": 196,
						"h": 272
					},
					"frame": {
						"x": 490,
						"y": 596,
						"w": 196,
						"h": 272
					},
					"anchor": {
						"x": 0.5,
						"y": 0.5
					}
				},
				{
					"filename": "gobbo_knock2.png",
					"rotated": false,
					"trimmed": true,
					"sourceSize": {
						"w": 274,
						"h": 394
					},
					"spriteSourceSize": {
						"x": 2,
						"y": 2,
						"w": 233,
						"h": 291
					},
					"frame": {
						"x": 688,
						"y": 574,
						"w": 233,
						"h": 291
					},
					"anchor": {
						"x": 0.5,
						"y": 0.5
					}
				},
				{
					"filename": "robot_time2.png",
					"rotated": false,
					"trimmed": true,
					"sourceSize": {
						"w": 295,
						"h": 295
					},
					"spriteSourceSize": {
						"x": 0,
						"y": 7,
						"w": 275,
						"h": 287
					},
					"frame": {
						"x": 923,
						"y": 594,
						"w": 275,
						"h": 287
					},
					"anchor": {
						"x": 0.5,
						"y": 0.5
					}
				},
				{
					"filename": "gobbo_knock3.png",
					"rotated": false,
					"trimmed": true,
					"sourceSize": {
						"w": 274,
						"h": 394
					},
					"spriteSourceSize": {
						"x": 2,
						"y": 2,
						"w": 233,
						"h": 291
					},
					"frame": {
						"x": 1200,
						"y": 584,
						"w": 233,
						"h": 291
					},
					"anchor": {
						"x": 0.5,
						"y": 0.5
					}
				},
				{
					"filename": "void_knight_pullback.png",
					"rotated": false,
					"trimmed": true,
					"sourceSize": {
						"w": 270,
						"h": 335
					},
					"spriteSourceSize": {
						"x": 33,
						"y": 1,
						"w": 187,
						"h": 320
					},
					"frame": {
						"x": 516,
						"y": 870,
						"w": 187,
						"h": 320
					},
					"anchor": {
						"x": 0.5,
						"y": 0.5
					}
				},
				{
					"filename": "time_magi_cast.png",
					"rotated": false,
					"trimmed": true,
					"sourceSize": {
						"w": 248,
						"h": 320
					},
					"spriteSourceSize": {
						"x": 0,
						"y": 1,
						"w": 202,
						"h": 319
					},
					"frame": {
						"x": 705,
						"y": 867,
						"w": 202,
						"h": 319
					},
					"anchor": {
						"x": 0.5,
						"y": 0.5
					}
				},
				{
					"filename": "gobbo_knock4.png",
					"rotated": false,
					"trimmed": true,
					"sourceSize": {
						"w": 274,
						"h": 394
					},
					"spriteSourceSize": {
						"x": 2,
						"y": 2,
						"w": 233,
						"h": 291
					},
					"frame": {
						"x": 909,
						"y": 883,
						"w": 233,
						"h": 291
					},
					"anchor": {
						"x": 0.5,
						"y": 0.5
					}
				},
				{
					"filename": "gobbo_fire2.png",
					"rotated": false,
					"trimmed": true,
					"sourceSize": {
						"w": 192,
						"h": 382
					},
					"spriteSourceSize": {
						"x": 1,
						"y": 12,
						"w": 191,
						"h": 280
					},
					"frame": {
						"x": 507,
						"y": 1192,
						"w": 191,
						"h": 280
					},
					"anchor": {
						"x": 0.5,
						"y": 0.5
					}
				},
				{
					"filename": "gobbo_fire1.png",
					"rotated": false,
					"trimmed": true,
					"sourceSize": {
						"w": 192,
						"h": 382
					},
					"spriteSourceSize": {
						"x": 0,
						"y": 0,
						"w": 192,
						"h": 292
					},
					"frame": {
						"x": 524,
						"y": 1474,
						"w": 192,
						"h": 292
					},
					"anchor": {
						"x": 0.5,
						"y": 0.5
					}
				},
				{
					"filename": "time_magi_cast_big.png",
					"rotated": false,
					"trimmed": true,
					"sourceSize": {
						"w": 249,
						"h": 320
					},
					"spriteSourceSize": {
						"x": 8,
						"y": 55,
						"w": 241,
						"h": 238
					},
					"frame": {
						"x": 529,
						"y": 1768,
						"w": 241,
						"h": 238
					},
					"anchor": {
						"x": 0.5,
						"y": 0.5
					}
				},
				{
					"filename": "robot_shoot.png",
					"rotated": false,
					"trimmed": true,
					"sourceSize": {
						"w": 328,
						"h": 315
					},
					"spriteSourceSize": {
						"x": 0,
						"y": 125,
						"w": 327,
						"h": 189
					},
					"frame": {
						"x": 1525,
						"y": 273,
						"w": 327,
						"h": 189
					},
					"anchor": {
						"x": 0.5,
						"y": 0.5
					}
				},
				{
					"filename": "void_knight_tent_1_front.png",
					"rotated": false,
					"trimmed": true,
					"sourceSize": {
						"w": 365,
						"h": 325
					},
					"spriteSourceSize": {
						"x": 55,
						"y": 2,
						"w": 309,
						"h": 167
					},
					"frame": {
						"x": 1488,
						"y": 464,
						"w": 309,
						"h": 167
					},
					"anchor": {
						"x": 0.5,
						"y": 0.5
					}
				},
				{
					"filename": "robot_energy2.png",
					"rotated": false,
					"trimmed": true,
					"sourceSize": {
						"w": 303,
						"h": 221
					},
					"spriteSourceSize": {
						"x": 3,
						"y": 2,
						"w": 296,
						"h": 219
					},
					"frame": {
						"x": 1435,
						"y": 633,
						"w": 296,
						"h": 219
					},
					"anchor": {
						"x": 0.5,
						"y": 0.5
					}
				},
				{
					"filename": "robot_void.png",
					"rotated": false,
					"trimmed": true,
					"sourceSize": {
						"w": 290,
						"h": 290
					},
					"spriteSourceSize": {
						"x": 44,
						"y": 1,
						"w": 190,
						"h": 288
					},
					"frame": {
						"x": 1144,
						"y": 883,
						"w": 190,
						"h": 288
					},
					"anchor": {
						"x": 0.5,
						"y": 0.5
					}
				},
				{
					"filename": "gobboAttack2.png",
					"rotated": false,
					"trimmed": true,
					"sourceSize": {
						"w": 248,
						"h": 278
					},
					"spriteSourceSize": {
						"x": 0,
						"y": 0,
						"w": 242,
						"h": 270
					},
					"frame": {
						"x": 1336,
						"y": 877,
						"w": 242,
						"h": 270
					},
					"anchor": {
						"x": 0.5,
						"y": 0.5
					}
				},
				{
					"filename": "time_magi_fade.png",
					"rotated": false,
					"trimmed": true,
					"sourceSize": {
						"w": 223,
						"h": 288
					},
					"spriteSourceSize": {
						"x": 35,
						"y": 0,
						"w": 152,
						"h": 268
					},
					"frame": {
						"x": 1580,
						"y": 854,
						"w": 152,
						"h": 268
					},
					"anchor": {
						"x": 0.5,
						"y": 0.5
					}
				},
				{
					"filename": "gobboshield1.png",
					"rotated": false,
					"trimmed": false,
					"sourceSize": {
						"w": 187,
						"h": 200
					},
					"spriteSourceSize": {
						"x": 0,
						"y": 0,
						"w": 187,
						"h": 200
					},
					"frame": {
						"x": 1854,
						"y": 282,
						"w": 187,
						"h": 200
					},
					"anchor": {
						"x": 0.5,
						"y": 0.5
					}
				},
				{
					"filename": "gobboDead.png",
					"rotated": false,
					"trimmed": true,
					"sourceSize": {
						"w": 235,
						"h": 263
					},
					"spriteSourceSize": {
						"x": 0,
						"y": 162,
						"w": 233,
						"h": 101
					},
					"frame": {
						"x": 1,
						"y": 1913,
						"w": 233,
						"h": 101
					},
					"anchor": {
						"x": 0.5,
						"y": 0.5
					}
				},
				{
					"filename": "gobbo_extinguish1.png",
					"rotated": false,
					"trimmed": true,
					"sourceSize": {
						"w": 270,
						"h": 277
					},
					"spriteSourceSize": {
						"x": 11,
						"y": 0,
						"w": 233,
						"h": 253
					},
					"frame": {
						"x": 1799,
						"y": 484,
						"w": 233,
						"h": 253
					},
					"anchor": {
						"x": 0.5,
						"y": 0.5
					}
				},
				{
					"filename": "gobbo_extinguish2.png",
					"rotated": false,
					"trimmed": true,
					"sourceSize": {
						"w": 270,
						"h": 277
					},
					"spriteSourceSize": {
						"x": 13,
						"y": 1,
						"w": 223,
						"h": 252
					},
					"frame": {
						"x": 1734,
						"y": 739,
						"w": 223,
						"h": 252
					},
					"anchor": {
						"x": 0.5,
						"y": 0.5
					}
				},
				{
					"filename": "tree_shock1.png",
					"rotated": false,
					"trimmed": true,
					"sourceSize": {
						"w": 297,
						"h": 177
					},
					"spriteSourceSize": {
						"x": 1,
						"y": 0,
						"w": 252,
						"h": 176
					},
					"frame": {
						"x": 1734,
						"y": 993,
						"w": 252,
						"h": 176
					},
					"anchor": {
						"x": 0.5,
						"y": 0.5
					}
				},
				{
					"filename": "void_knight.png",
					"rotated": false,
					"trimmed": true,
					"sourceSize": {
						"w": 216,
						"h": 265
					},
					"spriteSourceSize": {
						"x": 12,
						"y": 0,
						"w": 202,
						"h": 265
					},
					"frame": {
						"x": 700,
						"y": 1192,
						"w": 202,
						"h": 265
					},
					"anchor": {
						"x": 0.5,
						"y": 0.5
					}
				},
				{
					"filename": "time_magi_nervous.png",
					"rotated": false,
					"trimmed": true,
					"sourceSize": {
						"w": 236,
						"h": 304
					},
					"spriteSourceSize": {
						"x": 15,
						"y": 27,
						"w": 187,
						"h": 259
					},
					"frame": {
						"x": 718,
						"y": 1459,
						"w": 187,
						"h": 259
					},
					"anchor": {
						"x": 0.5,
						"y": 0.5
					}
				},
				{
					"filename": "time_magi_terrified.png",
					"rotated": false,
					"trimmed": true,
					"sourceSize": {
						"w": 226,
						"h": 292
					},
					"spriteSourceSize": {
						"x": 48,
						"y": 32,
						"w": 178,
						"h": 255
					},
					"frame": {
						"x": 772,
						"y": 1720,
						"w": 178,
						"h": 255
					},
					"anchor": {
						"x": 0.5,
						"y": 0.5
					}
				},
				{
					"filename": "void_knight_tent_1_front_spike.png",
					"rotated": false,
					"trimmed": true,
					"sourceSize": {
						"w": 350,
						"h": 416
					},
					"spriteSourceSize": {
						"x": 64,
						"y": 3,
						"w": 250,
						"h": 148
					},
					"frame": {
						"x": 1336,
						"y": 1149,
						"w": 250,
						"h": 148
					},
					"anchor": {
						"x": 0.5,
						"y": 0.5
					}
				},
				{
					"filename": "falling_leaves_2.png",
					"rotated": false,
					"trimmed": true,
					"sourceSize": {
						"w": 206,
						"h": 260
					},
					"spriteSourceSize": {
						"x": 67,
						"y": 10,
						"w": 132,
						"h": 233
					},
					"frame": {
						"x": 1588,
						"y": 1124,
						"w": 132,
						"h": 233
					},
					"anchor": {
						"x": 0.5,
						"y": 0.5
					}
				},
				{
					"filename": "gobbo5.png",
					"rotated": false,
					"trimmed": true,
					"sourceSize": {
						"w": 241,
						"h": 270
					},
					"spriteSourceSize": {
						"x": 20,
						"y": 13,
						"w": 213,
						"h": 251
					},
					"frame": {
						"x": 1722,
						"y": 1171,
						"w": 213,
						"h": 251
					},
					"anchor": {
						"x": 0.5,
						"y": 0.5
					}
				},
				{
					"filename": "lesser_dummy.png",
					"rotated": false,
					"trimmed": true,
					"sourceSize": {
						"w": 184,
						"h": 248
					},
					"spriteSourceSize": {
						"x": 12,
						"y": 0,
						"w": 171,
						"h": 248
					},
					"frame": {
						"x": 904,
						"y": 1188,
						"w": 171,
						"h": 248
					},
					"anchor": {
						"x": 0.5,
						"y": 0.5
					}
				},
				{
					"filename": "lesser_dummy_blank.png",
					"rotated": false,
					"trimmed": true,
					"sourceSize": {
						"w": 184,
						"h": 248
					},
					"spriteSourceSize": {
						"x": 12,
						"y": 0,
						"w": 171,
						"h": 247
					},
					"frame": {
						"x": 907,
						"y": 1438,
						"w": 171,
						"h": 247
					},
					"anchor": {
						"x": 0.5,
						"y": 0.5
					}
				},
				{
					"filename": "lesser_dummy_noshadow.png",
					"rotated": false,
					"trimmed": true,
					"sourceSize": {
						"w": 184,
						"h": 248
					},
					"spriteSourceSize": {
						"x": 12,
						"y": 0,
						"w": 171,
						"h": 247
					},
					"frame": {
						"x": 952,
						"y": 1687,
						"w": 171,
						"h": 247
					},
					"anchor": {
						"x": 0.5,
						"y": 0.5
					}
				},
				{
					"filename": "lesser_dummy_smile.png",
					"rotated": false,
					"trimmed": true,
					"sourceSize": {
						"w": 184,
						"h": 248
					},
					"spriteSourceSize": {
						"x": 12,
						"y": 0,
						"w": 171,
						"h": 247
					},
					"frame": {
						"x": 1077,
						"y": 1176,
						"w": 171,
						"h": 247
					},
					"anchor": {
						"x": 0.5,
						"y": 0.5
					}
				},
				{
					"filename": "lesser_dummy_hurt.png",
					"rotated": false,
					"trimmed": true,
					"sourceSize": {
						"w": 184,
						"h": 248
					},
					"spriteSourceSize": {
						"x": 12,
						"y": 3,
						"w": 171,
						"h": 241
					},
					"frame": {
						"x": 1080,
						"y": 1425,
						"w": 171,
						"h": 241
					},
					"anchor": {
						"x": 0.5,
						"y": 0.5
					}
				},
				{
					"filename": "gobbo3.png",
					"rotated": false,
					"trimmed": true,
					"sourceSize": {
						"w": 190,
						"h": 244
					},
					"spriteSourceSize": {
						"x": 1,
						"y": 10,
						"w": 184,
						"h": 223
					},
					"frame": {
						"x": 1125,
						"y": 1668,
						"w": 184,
						"h": 223
					},
					"anchor": {
						"x": 0.5,
						"y": 0.5
					}
				},
				{
					"filename": "mantis_dead.png",
					"rotated": false,
					"trimmed": true,
					"sourceSize": {
						"w": 313,
						"h": 325
					},
					"spriteSourceSize": {
						"x": 16,
						"y": 225,
						"w": 237,
						"h": 87
					},
					"frame": {
						"x": 1250,
						"y": 1299,
						"w": 237,
						"h": 87
					},
					"anchor": {
						"x": 0.5,
						"y": 0.5
					}
				},
				{
					"filename": "gobbo0.png",
					"rotated": false,
					"trimmed": false,
					"sourceSize": {
						"w": 203,
						"h": 219
					},
					"spriteSourceSize": {
						"x": 0,
						"y": 0,
						"w": 203,
						"h": 219
					},
					"frame": {
						"x": 1253,
						"y": 1388,
						"w": 203,
						"h": 219
					},
					"anchor": {
						"x": 0.5,
						"y": 0.5
					}
				},
				{
					"filename": "void_knight_injured.png",
					"rotated": false,
					"trimmed": true,
					"sourceSize": {
						"w": 216,
						"h": 258
					},
					"spriteSourceSize": {
						"x": 20,
						"y": 37,
						"w": 163,
						"h": 221
					},
					"frame": {
						"x": 1311,
						"y": 1609,
						"w": 163,
						"h": 221
					},
					"anchor": {
						"x": 0.5,
						"y": 0.5
					}
				},
				{
					"filename": "void_knight_3_empty.png",
					"rotated": false,
					"trimmed": true,
					"sourceSize": {
						"w": 365,
						"h": 325
					},
					"spriteSourceSize": {
						"x": 94,
						"y": 83,
						"w": 163,
						"h": 209
					},
					"frame": {
						"x": 1458,
						"y": 1388,
						"w": 163,
						"h": 209
					},
					"anchor": {
						"x": 0.5,
						"y": 0.5
					}
				},
				{
					"filename": "void_knight_3_torso.png",
					"rotated": false,
					"trimmed": true,
					"sourceSize": {
						"w": 365,
						"h": 325
					},
					"spriteSourceSize": {
						"x": 94,
						"y": 83,
						"w": 164,
						"h": 207
					},
					"frame": {
						"x": 1476,
						"y": 1599,
						"w": 164,
						"h": 207
					},
					"anchor": {
						"x": 0.5,
						"y": 0.5
					}
				},
				{
					"filename": "robot_blast_small1.png",
					"rotated": false,
					"trimmed": true,
					"sourceSize": {
						"w": 213,
						"h": 171
					},
					"spriteSourceSize": {
						"x": 2,
						"y": 2,
						"w": 210,
						"h": 168
					},
					"frame": {
						"x": 1623,
						"y": 1424,
						"w": 210,
						"h": 168
					},
					"anchor": {
						"x": 0.5,
						"y": 0.5
					}
				},
				{
					"filename": "robot_blast_small2.png",
					"rotated": false,
					"trimmed": true,
					"sourceSize": {
						"w": 213,
						"h": 171
					},
					"spriteSourceSize": {
						"x": 1,
						"y": 2,
						"w": 210,
						"h": 168
					},
					"frame": {
						"x": 1835,
						"y": 1424,
						"w": 210,
						"h": 168
					},
					"anchor": {
						"x": 0.5,
						"y": 0.5
					}
				},
				{
					"filename": "mantis_preparing.png",
					"rotated": false,
					"trimmed": true,
					"sourceSize": {
						"w": 313,
						"h": 325
					},
					"spriteSourceSize": {
						"x": 76,
						"y": 118,
						"w": 172,
						"h": 182
					},
					"frame": {
						"x": 1642,
						"y": 1594,
						"w": 172,
						"h": 182
					},
					"anchor": {
						"x": 0.5,
						"y": 0.5
					}
				},
				{
					"filename": "music_note.png",
					"rotated": false,
					"trimmed": true,
					"sourceSize": {
						"w": 220,
						"h": 220
					},
					"spriteSourceSize": {
						"x": 17,
						"y": 20,
						"w": 166,
						"h": 182
					},
					"frame": {
						"x": 1816,
						"y": 1594,
						"w": 166,
						"h": 182
					},
					"anchor": {
						"x": 0.5,
						"y": 0.5
					}
				},
				{
					"filename": "thorns.png",
					"rotated": false,
					"trimmed": true,
					"sourceSize": {
						"w": 220,
						"h": 96
					},
					"spriteSourceSize": {
						"x": 0,
						"y": 2,
						"w": 220,
						"h": 90
					},
					"frame": {
						"x": 1642,
						"y": 1778,
						"w": 220,
						"h": 90
					},
					"anchor": {
						"x": 0.5,
						"y": 0.5
					}
				},
				{
					"filename": "robot_blush.png",
					"rotated": false,
					"trimmed": true,
					"sourceSize": {
						"w": 500,
						"h": 484
					},
					"spriteSourceSize": {
						"x": 157,
						"y": 157,
						"w": 186,
						"h": 101
					},
					"frame": {
						"x": 1125,
						"y": 1893,
						"w": 186,
						"h": 101
					},
					"anchor": {
						"x": 0.5,
						"y": 0.5
					}
				},
				{
					"filename": "glowSpike2.png",
					"rotated": false,
					"trimmed": true,
					"sourceSize": {
						"w": 180,
						"h": 180
					},
					"spriteSourceSize": {
						"x": 4,
						"y": 0,
						"w": 172,
						"h": 169
					},
					"frame": {
						"x": 1313,
						"y": 1832,
						"w": 172,
						"h": 169
					},
					"anchor": {
						"x": 0.5,
						"y": 0.5
					}
				},
				{
					"filename": "robot_dead_left.png",
					"rotated": false,
					"trimmed": false,
					"sourceSize": {
						"w": 142,
						"h": 125
					},
					"spriteSourceSize": {
						"x": 0,
						"y": 0,
						"w": 142,
						"h": 125
					},
					"frame": {
						"x": 1487,
						"y": 1808,
						"w": 142,
						"h": 125
					},
					"anchor": {
						"x": 0.5,
						"y": 0.5
					}
				},
				{
					"filename": "robot_dead.png",
					"rotated": false,
					"trimmed": false,
					"sourceSize": {
						"w": 179,
						"h": 97
					},
					"spriteSourceSize": {
						"x": 0,
						"y": 0,
						"w": 179,
						"h": 97
					},
					"frame": {
						"x": 1487,
						"y": 1935,
						"w": 179,
						"h": 97
					},
					"anchor": {
						"x": 0.5,
						"y": 0.5
					}
				},
				{
					"filename": "clock1.png",
					"rotated": false,
					"trimmed": true,
					"sourceSize": {
						"w": 156,
						"h": 156
					},
					"spriteSourceSize": {
						"x": 0,
						"y": 0,
						"w": 156,
						"h": 155
					},
					"frame": {
						"x": 1668,
						"y": 1870,
						"w": 156,
						"h": 155
					},
					"anchor": {
						"x": 0.5,
						"y": 0.5
					}
				},
				{
					"filename": "bonk.png",
					"rotated": false,
					"trimmed": false,
					"sourceSize": {
						"w": 180,
						"h": 100
					},
					"spriteSourceSize": {
						"x": 0,
						"y": 0,
						"w": 180,
						"h": 100
					},
					"frame": {
						"x": 1864,
						"y": 1778,
						"w": 180,
						"h": 100
					},
					"anchor": {
						"x": 0.5,
						"y": 0.5
					}
				},
				{
					"filename": "time_magi_flattened.png",
					"rotated": false,
					"trimmed": true,
					"sourceSize": {
						"w": 233,
						"h": 300
					},
					"spriteSourceSize": {
						"x": 39,
						"y": 135,
						"w": 172,
						"h": 120
					},
					"frame": {
						"x": 1826,
						"y": 1880,
						"w": 172,
						"h": 120
					},
					"anchor": {
						"x": 0.5,
						"y": 0.5
					}
				},
				{
					"filename": "max_death_right_hand.png",
					"rotated": false,
					"trimmed": true,
					"sourceSize": {
						"w": 250,
						"h": 150
					},
					"spriteSourceSize": {
						"x": 93,
						"y": 0,
						"w": 157,
						"h": 84
					},
					"frame": {
						"x": 952,
						"y": 1936,
						"w": 157,
						"h": 84
					},
					"anchor": {
						"x": 0.5,
						"y": 0.5
					}
				}
			]
		},
		{
			"image": "sprites/enemies-2.webp",
			"format": "RGBA8888",
			"size": {
				"w": 495,
				"h": 985
			},
			"scale": 1,
			"frames": [
				{
					"filename": "robot_energy1.png",
					"rotated": false,
					"trimmed": true,
					"sourceSize": {
						"w": 303,
						"h": 221
					},
					"spriteSourceSize": {
						"x": 3,
						"y": 3,
						"w": 296,
						"h": 218
					},
					"frame": {
						"x": 1,
						"y": 1,
						"w": 296,
						"h": 218
					},
					"anchor": {
						"x": 0.5,
						"y": 0.5
					}
				},
				{
					"filename": "robot_energy3.png",
					"rotated": false,
					"trimmed": true,
					"sourceSize": {
						"w": 303,
						"h": 221
					},
					"spriteSourceSize": {
						"x": 3,
						"y": 3,
						"w": 296,
						"h": 218
					},
					"frame": {
						"x": 1,
						"y": 1,
						"w": 296,
						"h": 218
					},
					"anchor": {
						"x": 0.5,
						"y": 0.5
					}
				},
				{
					"filename": "gobboshield2.png",
					"rotated": false,
					"trimmed": false,
					"sourceSize": {
						"w": 187,
						"h": 200
					},
					"spriteSourceSize": {
						"x": 0,
						"y": 0,
						"w": 187,
						"h": 200
					},
					"frame": {
						"x": 299,
						"y": 1,
						"w": 187,
						"h": 200
					},
					"anchor": {
						"x": 0.5,
						"y": 0.5
					}
				},
				{
					"filename": "robot_hide.png",
					"rotated": false,
					"trimmed": true,
					"sourceSize": {
						"w": 188,
						"h": 231
					},
					"spriteSourceSize": {
						"x": 0,
						"y": 0,
						"w": 188,
						"h": 195
					},
					"frame": {
						"x": 299,
						"y": 203,
						"w": 188,
						"h": 195
					},
					"anchor": {
						"x": 0.5,
						"y": 0.5
					}
				},
				{
					"filename": "tree_stumped.png",
					"rotated": false,
					"trimmed": true,
					"sourceSize": {
						"w": 497,
						"h": 424
					},
					"spriteSourceSize": {
						"x": 124,
						"y": 228,
						"w": 289,
						"h": 194
					},
					"frame": {
						"x": 1,
						"y": 221,
						"w": 289,
						"h": 194
					},
					"anchor": {
						"x": 0.5,
						"y": 0.5
					}
				},
				{
					"filename": "robot_hide_2.png",
					"rotated": false,
					"trimmed": true,
					"sourceSize": {
						"w": 188,
						"h": 231
					},
					"spriteSourceSize": {
						"x": 0,
						"y": 0,
						"w": 188,
						"h": 195
					},
					"frame": {
						"x": 292,
						"y": 400,
						"w": 188,
						"h": 195
					},
					"anchor": {
						"x": 0.5,
						"y": 0.5
					}
				},
				{
					"filename": "gobbo_knock1.png",
					"rotated": false,
					"trimmed": true,
					"sourceSize": {
						"w": 274,
						"h": 394
					},
					"spriteSourceSize": {
						"x": 2,
						"y": 60,
						"w": 233,
						"h": 233
					},
					"frame": {
						"x": 1,
						"y": 417,
						"w": 233,
						"h": 233
					},
					"anchor": {
						"x": 0.5,
						"y": 0.5
					}
				},
				{
					"filename": "tree_shock2.png",
					"rotated": false,
					"trimmed": true,
					"sourceSize": {
						"w": 297,
						"h": 177
					},
					"spriteSourceSize": {
						"x": 1,
						"y": 0,
						"w": 252,
						"h": 176
					},
					"frame": {
						"x": 236,
						"y": 597,
						"w": 252,
						"h": 176
					},
					"anchor": {
						"x": 0.5,
						"y": 0.5
					}
				},
				{
					"filename": "mantis_a.png",
					"rotated": false,
					"trimmed": true,
					"sourceSize": {
						"w": 310,
						"h": 325
					},
					"spriteSourceSize": {
						"x": 13,
						"y": 107,
						"w": 231,
						"h": 189
					},
					"frame": {
						"x": 1,
						"y": 652,
						"w": 231,
						"h": 189
					},
					"anchor": {
						"x": 0.5,
						"y": 0.5
					}
				},
				{
					"filename": "lesser_dummy_dead.png",
					"rotated": false,
					"trimmed": true,
					"sourceSize": {
						"w": 260,
						"h": 162
					},
					"spriteSourceSize": {
						"x": 0,
						"y": 0,
						"w": 260,
						"h": 160
					},
					"frame": {
						"x": 234,
						"y": 775,
						"w": 260,
						"h": 160
					},
					"anchor": {
						"x": 0.5,
						"y": 0.5
					}
				},
				{
					"filename": "max_death_left_arm.png",
					"rotated": false,
					"trimmed": true,
					"sourceSize": {
						"w": 368,
						"h": 286
					},
					"spriteSourceSize": {
						"x": 0,
						"y": 4,
						"w": 176,
						"h": 141
					},
					"frame": {
						"x": 1,
						"y": 843,
						"w": 176,
						"h": 141
					},
					"anchor": {
						"x": 0.5,
						"y": 0.5
					}
				}
			]
		}
	],
	"meta": {
		"app": "https://www.codeandweb.com/texturepacker",
		"version": "3.0",
		"smartupdate": "$TexturePacker:SmartUpdate:e5860dc70df0f774eb282b178ff06373:66f665574ba7af80c3ef4735cc0d8b11:ef05bb2e08b15355d77e46a2cc7ab503$"
	}
}
