{
	"textures": [
		{
			"image": "sprites/lowq-0.webp",
			"format": "RGBA5555",
			"size": {
				"w": 952,
				"h": 1925
			},
			"scale": 1,
			"frames": [
				{
					"filename": "clockbg.png",
					"rotated": false,
					"trimmed": false,
					"sourceSize": {
						"w": 473,
						"h": 623
					},
					"spriteSourceSize": {
						"x": 0,
						"y": 0,
						"w": 473,
						"h": 623
					},
					"frame": {
						"x": 1,
						"y": 1,
						"w": 473,
						"h": 623
					},
					"anchor": {
						"x": 0.5,
						"y": 0.5
					}
				},
				{
					"filename": "biggestgear.png",
					"rotated": false,
					"trimmed": false,
					"sourceSize": {
						"w": 428,
						"h": 428
					},
					"spriteSourceSize": {
						"x": 0,
						"y": 0,
						"w": 428,
						"h": 428
					},
					"frame": {
						"x": 1,
						"y": 626,
						"w": 428,
						"h": 428
					},
					"anchor": {
						"x": 0.5,
						"y": 0.5
					}
				},
				{
					"filename": "star_black.png",
					"rotated": false,
					"trimmed": true,
					"sourceSize": {
						"w": 400,
						"h": 400
					},
					"spriteSourceSize": {
						"x": 24,
						"y": 23,
						"w": 354,
						"h": 353
					},
					"frame": {
						"x": 476,
						"y": 1,
						"w": 354,
						"h": 353
					},
					"anchor": {
						"x": 0.5,
						"y": 0.5
					}
				},
				{
					"filename": "circle_blue0.png",
					"rotated": false,
					"trimmed": false,
					"sourceSize": {
						"w": 302,
						"h": 302
					},
					"spriteSourceSize": {
						"x": 0,
						"y": 0,
						"w": 302,
						"h": 302
					},
					"frame": {
						"x": 1,
						"y": 1056,
						"w": 302,
						"h": 302
					},
					"anchor": {
						"x": 0.5,
						"y": 0.5
					}
				},
				{
					"filename": "circle_blue1.png",
					"rotated": false,
					"trimmed": false,
					"sourceSize": {
						"w": 302,
						"h": 302
					},
					"spriteSourceSize": {
						"x": 0,
						"y": 0,
						"w": 302,
						"h": 302
					},
					"frame": {
						"x": 1,
						"y": 1056,
						"w": 302,
						"h": 302
					},
					"anchor": {
						"x": 0.5,
						"y": 0.5
					}
				},
				{
					"filename": "circle_blue2.png",
					"rotated": false,
					"trimmed": false,
					"sourceSize": {
						"w": 302,
						"h": 302
					},
					"spriteSourceSize": {
						"x": 0,
						"y": 0,
						"w": 302,
						"h": 302
					},
					"frame": {
						"x": 1,
						"y": 1360,
						"w": 302,
						"h": 302
					},
					"anchor": {
						"x": 0.5,
						"y": 0.5
					}
				},
				{
					"filename": "circle_blue3.png",
					"rotated": false,
					"trimmed": false,
					"sourceSize": {
						"w": 302,
						"h": 302
					},
					"spriteSourceSize": {
						"x": 0,
						"y": 0,
						"w": 302,
						"h": 302
					},
					"frame": {
						"x": 476,
						"y": 356,
						"w": 302,
						"h": 302
					},
					"anchor": {
						"x": 0.5,
						"y": 0.5
					}
				},
				{
					"filename": "circle_blue4.png",
					"rotated": false,
					"trimmed": false,
					"sourceSize": {
						"w": 302,
						"h": 302
					},
					"spriteSourceSize": {
						"x": 0,
						"y": 0,
						"w": 302,
						"h": 302
					},
					"frame": {
						"x": 431,
						"y": 660,
						"w": 302,
						"h": 302
					},
					"anchor": {
						"x": 0.5,
						"y": 0.5
					}
				},
				{
					"filename": "sharpflashred.webp",
					"rotated": false,
					"trimmed": true,
					"sourceSize": {
						"w": 140,
						"h": 380
					},
					"spriteSourceSize": {
						"x": 13,
						"y": 19,
						"w": 113,
						"h": 339
					},
					"frame": {
						"x": 832,
						"y": 1,
						"w": 113,
						"h": 339
					},
					"anchor": {
						"x": 0.5,
						"y": 0.5
					}
				},
				{
					"filename": "green_spike.png",
					"rotated": false,
					"trimmed": false,
					"sourceSize": {
						"w": 300,
						"h": 300
					},
					"spriteSourceSize": {
						"x": 0,
						"y": 0,
						"w": 300,
						"h": 300
					},
					"frame": {
						"x": 305,
						"y": 1056,
						"w": 300,
						"h": 300
					},
					"anchor": {
						"x": 0.5,
						"y": 0.5
					}
				},
				{
					"filename": "star_white.png",
					"rotated": false,
					"trimmed": true,
					"sourceSize": {
						"w": 301,
						"h": 301
					},
					"spriteSourceSize": {
						"x": 6,
						"y": 6,
						"w": 289,
						"h": 289
					},
					"frame": {
						"x": 305,
						"y": 1358,
						"w": 289,
						"h": 289
					},
					"anchor": {
						"x": 0.5,
						"y": 0.5
					}
				},
				{
					"filename": "flashplain.webp",
					"rotated": false,
					"trimmed": true,
					"sourceSize": {
						"w": 400,
						"h": 200
					},
					"spriteSourceSize": {
						"x": 29,
						"y": 44,
						"w": 339,
						"h": 113
					},
					"frame": {
						"x": 1,
						"y": 1664,
						"w": 339,
						"h": 113
					},
					"anchor": {
						"x": 0.5,
						"y": 0.5
					}
				},
				{
					"filename": "story_img_1.png",
					"rotated": false,
					"trimmed": true,
					"sourceSize": {
						"w": 219,
						"h": 162
					},
					"spriteSourceSize": {
						"x": 7,
						"y": 5,
						"w": 207,
						"h": 145
					},
					"frame": {
						"x": 1,
						"y": 1779,
						"w": 207,
						"h": 145
					},
					"anchor": {
						"x": 0.5,
						"y": 0.5
					}
				},
				{
					"filename": "story_img_4.png",
					"rotated": false,
					"trimmed": true,
					"sourceSize": {
						"w": 185,
						"h": 151
					},
					"spriteSourceSize": {
						"x": 6,
						"y": 5,
						"w": 178,
						"h": 145
					},
					"frame": {
						"x": 210,
						"y": 1779,
						"w": 178,
						"h": 145
					},
					"anchor": {
						"x": 0.5,
						"y": 0.5
					}
				},
				{
					"filename": "story_img_9.png",
					"rotated": false,
					"trimmed": true,
					"sourceSize": {
						"w": 230,
						"h": 124
					},
					"spriteSourceSize": {
						"x": 1,
						"y": 1,
						"w": 229,
						"h": 122
					},
					"frame": {
						"x": 342,
						"y": 1649,
						"w": 229,
						"h": 122
					},
					"anchor": {
						"x": 0.5,
						"y": 0.5
					}
				},
				{
					"filename": "story_img_0.png",
					"rotated": false,
					"trimmed": true,
					"sourceSize": {
						"w": 230,
						"h": 170
					},
					"spriteSourceSize": {
						"x": 0,
						"y": 6,
						"w": 230,
						"h": 151
					},
					"frame": {
						"x": 390,
						"y": 1773,
						"w": 230,
						"h": 151
					},
					"anchor": {
						"x": 0.5,
						"y": 0.5
					}
				},
				{
					"filename": "story_img_5.png",
					"rotated": false,
					"trimmed": true,
					"sourceSize": {
						"w": 121,
						"h": 142
					},
					"spriteSourceSize": {
						"x": 0,
						"y": 7,
						"w": 119,
						"h": 131
					},
					"frame": {
						"x": 832,
						"y": 342,
						"w": 119,
						"h": 131
					},
					"anchor": {
						"x": 0.5,
						"y": 0.5
					}
				},
				{
					"filename": "temporal6.png",
					"rotated": false,
					"trimmed": true,
					"sourceSize": {
						"w": 211,
						"h": 189
					},
					"spriteSourceSize": {
						"x": 44,
						"y": 0,
						"w": 165,
						"h": 178
					},
					"frame": {
						"x": 780,
						"y": 475,
						"w": 165,
						"h": 178
					},
					"anchor": {
						"x": 0.5,
						"y": 0.5
					}
				},
				{
					"filename": "temporal2.png",
					"rotated": false,
					"trimmed": true,
					"sourceSize": {
						"w": 173,
						"h": 202
					},
					"spriteSourceSize": {
						"x": 1,
						"y": 0,
						"w": 172,
						"h": 199
					},
					"frame": {
						"x": 735,
						"y": 660,
						"w": 172,
						"h": 199
					},
					"anchor": {
						"x": 0.5,
						"y": 0.5
					}
				},
				{
					"filename": "temporal9.png",
					"rotated": false,
					"trimmed": true,
					"sourceSize": {
						"w": 200,
						"h": 223
					},
					"spriteSourceSize": {
						"x": 7,
						"y": 13,
						"w": 177,
						"h": 193
					},
					"frame": {
						"x": 735,
						"y": 861,
						"w": 177,
						"h": 193
					},
					"anchor": {
						"x": 0.5,
						"y": 0.5
					}
				},
				{
					"filename": "story_img_8.png",
					"rotated": false,
					"trimmed": true,
					"sourceSize": {
						"w": 210,
						"h": 149
					},
					"spriteSourceSize": {
						"x": 0,
						"y": 4,
						"w": 210,
						"h": 144
					},
					"frame": {
						"x": 607,
						"y": 1056,
						"w": 210,
						"h": 144
					},
					"anchor": {
						"x": 0.5,
						"y": 0.5
					}
				},
				{
					"filename": "temporal1.png",
					"rotated": false,
					"trimmed": true,
					"sourceSize": {
						"w": 189,
						"h": 163
					},
					"spriteSourceSize": {
						"x": 2,
						"y": 1,
						"w": 181,
						"h": 146
					},
					"frame": {
						"x": 607,
						"y": 1202,
						"w": 181,
						"h": 146
					},
					"anchor": {
						"x": 0.5,
						"y": 0.5
					}
				},
				{
					"filename": "temporal8.png",
					"rotated": false,
					"trimmed": true,
					"sourceSize": {
						"w": 199,
						"h": 161
					},
					"spriteSourceSize": {
						"x": 9,
						"y": 11,
						"w": 161,
						"h": 143
					},
					"frame": {
						"x": 790,
						"y": 1202,
						"w": 161,
						"h": 143
					},
					"anchor": {
						"x": 0.5,
						"y": 0.5
					}
				},
				{
					"filename": "story_img_2.png",
					"rotated": false,
					"trimmed": true,
					"sourceSize": {
						"w": 141,
						"h": 154
					},
					"spriteSourceSize": {
						"x": 7,
						"y": 3,
						"w": 122,
						"h": 142
					},
					"frame": {
						"x": 819,
						"y": 1056,
						"w": 122,
						"h": 142
					},
					"anchor": {
						"x": 0.5,
						"y": 0.5
					}
				},
				{
					"filename": "story_img_10.png",
					"rotated": false,
					"trimmed": true,
					"sourceSize": {
						"w": 141,
						"h": 154
					},
					"spriteSourceSize": {
						"x": 7,
						"y": 3,
						"w": 122,
						"h": 142
					},
					"frame": {
						"x": 819,
						"y": 1056,
						"w": 122,
						"h": 142
					},
					"anchor": {
						"x": 0.5,
						"y": 0.5
					}
				},
				{
					"filename": "story_img_6.png",
					"rotated": false,
					"trimmed": true,
					"sourceSize": {
						"w": 149,
						"h": 93
					},
					"spriteSourceSize": {
						"x": 7,
						"y": 13,
						"w": 138,
						"h": 67
					},
					"frame": {
						"x": 431,
						"y": 964,
						"w": 138,
						"h": 67
					},
					"anchor": {
						"x": 0.5,
						"y": 0.5
					}
				},
				{
					"filename": "temporal5.png",
					"rotated": false,
					"trimmed": true,
					"sourceSize": {
						"w": 169,
						"h": 202
					},
					"spriteSourceSize": {
						"x": 16,
						"y": 2,
						"w": 135,
						"h": 185
					},
					"frame": {
						"x": 596,
						"y": 1358,
						"w": 135,
						"h": 185
					},
					"anchor": {
						"x": 0.5,
						"y": 0.5
					}
				},
				{
					"filename": "story_img_7.png",
					"rotated": false,
					"trimmed": true,
					"sourceSize": {
						"w": 175,
						"h": 177
					},
					"spriteSourceSize": {
						"x": 1,
						"y": 2,
						"w": 168,
						"h": 168
					},
					"frame": {
						"x": 596,
						"y": 1545,
						"w": 168,
						"h": 168
					},
					"anchor": {
						"x": 0.5,
						"y": 0.5
					}
				},
				{
					"filename": "temporal3.png",
					"rotated": false,
					"trimmed": true,
					"sourceSize": {
						"w": 168,
						"h": 172
					},
					"spriteSourceSize": {
						"x": 11,
						"y": 0,
						"w": 152,
						"h": 166
					},
					"frame": {
						"x": 622,
						"y": 1715,
						"w": 152,
						"h": 166
					},
					"anchor": {
						"x": 0.5,
						"y": 0.5
					}
				},
				{
					"filename": "story_img_3.png",
					"rotated": false,
					"trimmed": true,
					"sourceSize": {
						"w": 240,
						"h": 120
					},
					"spriteSourceSize": {
						"x": 14,
						"y": 0,
						"w": 218,
						"h": 91
					},
					"frame": {
						"x": 733,
						"y": 1350,
						"w": 218,
						"h": 91
					},
					"anchor": {
						"x": 0.5,
						"y": 0.5
					}
				},
				{
					"filename": "temporal4.png",
					"rotated": false,
					"trimmed": true,
					"sourceSize": {
						"w": 177,
						"h": 123
					},
					"spriteSourceSize": {
						"x": 7,
						"y": 7,
						"w": 163,
						"h": 99
					},
					"frame": {
						"x": 733,
						"y": 1443,
						"w": 163,
						"h": 99
					},
					"anchor": {
						"x": 0.5,
						"y": 0.5
					}
				},
				{
					"filename": "temporal0.png",
					"rotated": false,
					"trimmed": true,
					"sourceSize": {
						"w": 163,
						"h": 163
					},
					"spriteSourceSize": {
						"x": 10,
						"y": 1,
						"w": 153,
						"h": 162
					},
					"frame": {
						"x": 766,
						"y": 1544,
						"w": 153,
						"h": 162
					},
					"anchor": {
						"x": 0.5,
						"y": 0.5
					}
				},
				{
					"filename": "temporal7.png",
					"rotated": false,
					"trimmed": true,
					"sourceSize": {
						"w": 144,
						"h": 159
					},
					"spriteSourceSize": {
						"x": 0,
						"y": 4,
						"w": 122,
						"h": 139
					},
					"frame": {
						"x": 776,
						"y": 1708,
						"w": 122,
						"h": 139
					},
					"anchor": {
						"x": 0.5,
						"y": 0.5
					}
				},
				{
					"filename": "victory_banner.webp",
					"rotated": false,
					"trimmed": true,
					"sourceSize": {
						"w": 10,
						"h": 180
					},
					"spriteSourceSize": {
						"x": 0,
						"y": 0,
						"w": 10,
						"h": 178
					},
					"frame": {
						"x": 909,
						"y": 655,
						"w": 10,
						"h": 178
					},
					"anchor": {
						"x": 0.5,
						"y": 0.5
					}
				}
			]
		}
	],
	"meta": {
		"app": "https://www.codeandweb.com/texturepacker",
		"version": "3.0",
		"smartupdate": "$TexturePacker:SmartUpdate:44b8a43e8754dd3272031285e7f77715:222fb7affb533eef7ffae9516a399ec5:0644d9afadc5ec39d626109554d3f3bc$"
	}
}
