{
	"textures": [
		{
			"image": "sprites/misc-0.webp",
			"format": "RGBA8888",
			"size": {
				"w": 1933,
				"h": 1882
			},
			"scale": 1,
			"frames": [
				{
					"filename": "slash1.png",
					"rotated": false,
					"trimmed": true,
					"sourceSize": {
						"w": 750,
						"h": 750
					},
					"spriteSourceSize": {
						"x": 76,
						"y": 76,
						"w": 598,
						"h": 587
					},
					"frame": {
						"x": 1,
						"y": 1,
						"w": 598,
						"h": 587
					},
					"anchor": {
						"x": 0.5,
						"y": 0.5
					}
				},
				{
					"filename": "locket3.png",
					"rotated": false,
					"trimmed": true,
					"sourceSize": {
						"w": 615,
						"h": 436
					},
					"spriteSourceSize": {
						"x": 0,
						"y": 1,
						"w": 585,
						"h": 430
					},
					"frame": {
						"x": 1,
						"y": 590,
						"w": 585,
						"h": 430
					},
					"anchor": {
						"x": 0.5,
						"y": 0.5
					}
				},
				{
					"filename": "locket2.png",
					"rotated": false,
					"trimmed": true,
					"sourceSize": {
						"w": 607,
						"h": 431
					},
					"spriteSourceSize": {
						"x": 160,
						"y": 0,
						"w": 406,
						"h": 417
					},
					"frame": {
						"x": 601,
						"y": 1,
						"w": 406,
						"h": 417
					},
					"anchor": {
						"x": 0.5,
						"y": 0.5
					}
				},
				{
					"filename": "announceBg.png",
					"rotated": false,
					"trimmed": true,
					"sourceSize": {
						"w": 600,
						"h": 180
					},
					"spriteSourceSize": {
						"x": 0,
						"y": 7,
						"w": 600,
						"h": 167
					},
					"frame": {
						"x": 1009,
						"y": 1,
						"w": 600,
						"h": 167
					},
					"anchor": {
						"x": 0.5,
						"y": 0.5
					}
				},
				{
					"filename": "locketwhite.png",
					"rotated": false,
					"trimmed": true,
					"sourceSize": {
						"w": 547,
						"h": 423
					},
					"spriteSourceSize": {
						"x": 2,
						"y": 37,
						"w": 407,
						"h": 356
					},
					"frame": {
						"x": 1,
						"y": 1022,
						"w": 407,
						"h": 356
					},
					"anchor": {
						"x": 0.5,
						"y": 0.5
					}
				},
				{
					"filename": "shadow_bar.png",
					"rotated": false,
					"trimmed": true,
					"sourceSize": {
						"w": 250,
						"h": 550
					},
					"spriteSourceSize": {
						"x": 0,
						"y": 49,
						"w": 250,
						"h": 501
					},
					"frame": {
						"x": 1,
						"y": 1380,
						"w": 250,
						"h": 501
					},
					"anchor": {
						"x": 0.5,
						"y": 0.5
					}
				},
				{
					"filename": "locket1.png",
					"rotated": false,
					"trimmed": true,
					"sourceSize": {
						"w": 607,
						"h": 431
					},
					"spriteSourceSize": {
						"x": 194,
						"y": 0,
						"w": 352,
						"h": 407
					},
					"frame": {
						"x": 1009,
						"y": 170,
						"w": 352,
						"h": 407
					},
					"anchor": {
						"x": 0.5,
						"y": 0.5
					}
				},
				{
					"filename": "scythebroke.png",
					"rotated": false,
					"trimmed": true,
					"sourceSize": {
						"w": 850,
						"h": 900
					},
					"spriteSourceSize": {
						"x": 165,
						"y": 0,
						"w": 256,
						"h": 505
					},
					"frame": {
						"x": 1363,
						"y": 170,
						"w": 256,
						"h": 505
					},
					"anchor": {
						"x": 0.5,
						"y": 0.5
					}
				},
				{
					"filename": "locket4.png",
					"rotated": false,
					"trimmed": true,
					"sourceSize": {
						"w": 607,
						"h": 431
					},
					"spriteSourceSize": {
						"x": 194,
						"y": 0,
						"w": 352,
						"h": 407
					},
					"frame": {
						"x": 253,
						"y": 1380,
						"w": 352,
						"h": 407
					},
					"anchor": {
						"x": 0.5,
						"y": 0.5
					}
				},
				{
					"filename": "scythe3.png",
					"rotated": false,
					"trimmed": true,
					"sourceSize": {
						"w": 638,
						"h": 675
					},
					"spriteSourceSize": {
						"x": 0,
						"y": 11,
						"w": 304,
						"h": 356
					},
					"frame": {
						"x": 410,
						"y": 1022,
						"w": 304,
						"h": 356
					},
					"anchor": {
						"x": 0.5,
						"y": 0.5
					}
				},
				{
					"filename": "scythe1.png",
					"rotated": false,
					"trimmed": true,
					"sourceSize": {
						"w": 638,
						"h": 675
					},
					"spriteSourceSize": {
						"x": 0,
						"y": 8,
						"w": 311,
						"h": 366
					},
					"frame": {
						"x": 1621,
						"y": 1,
						"w": 311,
						"h": 366
					},
					"anchor": {
						"x": 0.5,
						"y": 0.5
					}
				},
				{
					"filename": "scytheflash7.png",
					"rotated": false,
					"trimmed": true,
					"sourceSize": {
						"w": 638,
						"h": 675
					},
					"spriteSourceSize": {
						"x": 0,
						"y": 8,
						"w": 311,
						"h": 366
					},
					"frame": {
						"x": 1621,
						"y": 1,
						"w": 311,
						"h": 366
					},
					"anchor": {
						"x": 0.5,
						"y": 0.5
					}
				},
				{
					"filename": "scythe8.png",
					"rotated": false,
					"trimmed": true,
					"sourceSize": {
						"w": 638,
						"h": 675
					},
					"spriteSourceSize": {
						"x": 0,
						"y": 8,
						"w": 311,
						"h": 366
					},
					"frame": {
						"x": 1621,
						"y": 369,
						"w": 311,
						"h": 366
					},
					"anchor": {
						"x": 0.5,
						"y": 0.5
					}
				},
				{
					"filename": "swipe.png",
					"rotated": false,
					"trimmed": true,
					"sourceSize": {
						"w": 328,
						"h": 350
					},
					"spriteSourceSize": {
						"x": 0,
						"y": 9,
						"w": 327,
						"h": 341
					},
					"frame": {
						"x": 601,
						"y": 420,
						"w": 327,
						"h": 341
					},
					"anchor": {
						"x": 0.5,
						"y": 0.5
					}
				},
				{
					"filename": "scythepiece.png",
					"rotated": false,
					"trimmed": true,
					"sourceSize": {
						"w": 290,
						"h": 303
					},
					"spriteSourceSize": {
						"x": 10,
						"y": 36,
						"w": 237,
						"h": 257
					},
					"frame": {
						"x": 588,
						"y": 763,
						"w": 237,
						"h": 257
					},
					"anchor": {
						"x": 0.5,
						"y": 0.5
					}
				},
				{
					"filename": "scytheflash6.png",
					"rotated": false,
					"trimmed": true,
					"sourceSize": {
						"w": 638,
						"h": 675
					},
					"spriteSourceSize": {
						"x": 0,
						"y": 8,
						"w": 311,
						"h": 366
					},
					"frame": {
						"x": 607,
						"y": 1380,
						"w": 311,
						"h": 366
					},
					"anchor": {
						"x": 0.5,
						"y": 0.5
					}
				},
				{
					"filename": "scytheflash5.png",
					"rotated": false,
					"trimmed": true,
					"sourceSize": {
						"w": 638,
						"h": 675
					},
					"spriteSourceSize": {
						"x": 9,
						"y": 12,
						"w": 295,
						"h": 355
					},
					"frame": {
						"x": 716,
						"y": 1022,
						"w": 295,
						"h": 355
					},
					"anchor": {
						"x": 0.5,
						"y": 0.5
					}
				},
				{
					"filename": "scythe4.png",
					"rotated": false,
					"trimmed": true,
					"sourceSize": {
						"w": 638,
						"h": 675
					},
					"spriteSourceSize": {
						"x": 0,
						"y": 5,
						"w": 313,
						"h": 362
					},
					"frame": {
						"x": 920,
						"y": 1379,
						"w": 313,
						"h": 362
					},
					"anchor": {
						"x": 0.5,
						"y": 0.5
					}
				},
				{
					"filename": "scythe5.png",
					"rotated": false,
					"trimmed": true,
					"sourceSize": {
						"w": 638,
						"h": 675
					},
					"spriteSourceSize": {
						"x": 0,
						"y": 5,
						"w": 313,
						"h": 362
					},
					"frame": {
						"x": 920,
						"y": 1379,
						"w": 313,
						"h": 362
					},
					"anchor": {
						"x": 0.5,
						"y": 0.5
					}
				},
				{
					"filename": "scythe6.png",
					"rotated": false,
					"trimmed": true,
					"sourceSize": {
						"w": 638,
						"h": 675
					},
					"spriteSourceSize": {
						"x": 0,
						"y": 5,
						"w": 313,
						"h": 362
					},
					"frame": {
						"x": 920,
						"y": 1379,
						"w": 313,
						"h": 362
					},
					"anchor": {
						"x": 0.5,
						"y": 0.5
					}
				},
				{
					"filename": "complete.png",
					"rotated": false,
					"trimmed": true,
					"sourceSize": {
						"w": 365,
						"h": 58
					},
					"spriteSourceSize": {
						"x": 3,
						"y": 0,
						"w": 357,
						"h": 58
					},
					"frame": {
						"x": 253,
						"y": 1789,
						"w": 357,
						"h": 58
					},
					"anchor": {
						"x": 0.5,
						"y": 0.5
					}
				},
				{
					"filename": "scytheflash3.png",
					"rotated": false,
					"trimmed": true,
					"sourceSize": {
						"w": 638,
						"h": 675
					},
					"spriteSourceSize": {
						"x": 3,
						"y": 14,
						"w": 301,
						"h": 353
					},
					"frame": {
						"x": 930,
						"y": 579,
						"w": 301,
						"h": 353
					},
					"anchor": {
						"x": 0.5,
						"y": 0.5
					}
				},
				{
					"filename": "scytheflash4.png",
					"rotated": false,
					"trimmed": true,
					"sourceSize": {
						"w": 638,
						"h": 675
					},
					"spriteSourceSize": {
						"x": 4,
						"y": 12,
						"w": 300,
						"h": 355
					},
					"frame": {
						"x": 1013,
						"y": 934,
						"w": 300,
						"h": 355
					},
					"anchor": {
						"x": 0.5,
						"y": 0.5
					}
				},
				{
					"filename": "battletext_border_bot.png",
					"rotated": false,
					"trimmed": true,
					"sourceSize": {
						"w": 480,
						"h": 15
					},
					"spriteSourceSize": {
						"x": 3,
						"y": 7,
						"w": 474,
						"h": 8
					},
					"frame": {
						"x": 253,
						"y": 1849,
						"w": 474,
						"h": 8
					},
					"anchor": {
						"x": 0.5,
						"y": 0.5
					}
				},
				{
					"filename": "battletext_border_top.png",
					"rotated": false,
					"trimmed": true,
					"sourceSize": {
						"w": 480,
						"h": 15
					},
					"spriteSourceSize": {
						"x": 3,
						"y": 0,
						"w": 474,
						"h": 8
					},
					"frame": {
						"x": 253,
						"y": 1859,
						"w": 474,
						"h": 8
					},
					"anchor": {
						"x": 0.5,
						"y": 0.5
					}
				},
				{
					"filename": "victory_text.png",
					"rotated": false,
					"trimmed": false,
					"sourceSize": {
						"w": 297,
						"h": 54
					},
					"spriteSourceSize": {
						"x": 0,
						"y": 0,
						"w": 297,
						"h": 54
					},
					"frame": {
						"x": 1013,
						"y": 1291,
						"w": 297,
						"h": 54
					},
					"anchor": {
						"x": 0.5,
						"y": 0.5
					}
				},
				{
					"filename": "scythe2.png",
					"rotated": false,
					"trimmed": true,
					"sourceSize": {
						"w": 638,
						"h": 675
					},
					"spriteSourceSize": {
						"x": 5,
						"y": 17,
						"w": 299,
						"h": 350
					},
					"frame": {
						"x": 1235,
						"y": 1347,
						"w": 299,
						"h": 350
					},
					"anchor": {
						"x": 0.5,
						"y": 0.5
					}
				},
				{
					"filename": "scythe7.png",
					"rotated": false,
					"trimmed": true,
					"sourceSize": {
						"w": 638,
						"h": 675
					},
					"spriteSourceSize": {
						"x": 5,
						"y": 17,
						"w": 299,
						"h": 350
					},
					"frame": {
						"x": 1235,
						"y": 1347,
						"w": 299,
						"h": 350
					},
					"anchor": {
						"x": 0.5,
						"y": 0.5
					}
				},
				{
					"filename": "scytheflash1.png",
					"rotated": false,
					"trimmed": true,
					"sourceSize": {
						"w": 638,
						"h": 675
					},
					"spriteSourceSize": {
						"x": 3,
						"y": 18,
						"w": 301,
						"h": 349
					},
					"frame": {
						"x": 1315,
						"y": 677,
						"w": 301,
						"h": 349
					},
					"anchor": {
						"x": 0.5,
						"y": 0.5
					}
				},
				{
					"filename": "scytheflash2.png",
					"rotated": false,
					"trimmed": true,
					"sourceSize": {
						"w": 638,
						"h": 675
					},
					"spriteSourceSize": {
						"x": 3,
						"y": 18,
						"w": 301,
						"h": 349
					},
					"frame": {
						"x": 1618,
						"y": 737,
						"w": 301,
						"h": 349
					},
					"anchor": {
						"x": 0.5,
						"y": 0.5
					}
				},
				{
					"filename": "shadow_circle.png",
					"rotated": false,
					"trimmed": false,
					"sourceSize": {
						"w": 250,
						"h": 300
					},
					"spriteSourceSize": {
						"x": 0,
						"y": 0,
						"w": 250,
						"h": 300
					},
					"frame": {
						"x": 1315,
						"y": 1028,
						"w": 250,
						"h": 300
					},
					"anchor": {
						"x": 0.5,
						"y": 0.5
					}
				},
				{
					"filename": "scytheflash2png.png",
					"rotated": false,
					"trimmed": true,
					"sourceSize": {
						"w": 638,
						"h": 675
					},
					"spriteSourceSize": {
						"x": 9,
						"y": 18,
						"w": 295,
						"h": 349
					},
					"frame": {
						"x": 1567,
						"y": 1088,
						"w": 295,
						"h": 349
					},
					"anchor": {
						"x": 0.5,
						"y": 0.5
					}
				},
				{
					"filename": "black_circle_2.png",
					"rotated": false,
					"trimmed": false,
					"sourceSize": {
						"w": 230,
						"h": 230
					},
					"spriteSourceSize": {
						"x": 0,
						"y": 0,
						"w": 230,
						"h": 230
					},
					"frame": {
						"x": 1536,
						"y": 1439,
						"w": 230,
						"h": 230
					},
					"anchor": {
						"x": 0.5,
						"y": 0.5
					}
				},
				{
					"filename": "heal.png",
					"rotated": false,
					"trimmed": true,
					"sourceSize": {
						"w": 290,
						"h": 204
					},
					"spriteSourceSize": {
						"x": 4,
						"y": 21,
						"w": 279,
						"h": 175
					},
					"frame": {
						"x": 1235,
						"y": 1699,
						"w": 279,
						"h": 175
					},
					"anchor": {
						"x": 0.5,
						"y": 0.5
					}
				},
				{
					"filename": "miniscythe.png",
					"rotated": false,
					"trimmed": true,
					"sourceSize": {
						"w": 119,
						"h": 122
					},
					"spriteSourceSize": {
						"x": 0,
						"y": 0,
						"w": 119,
						"h": 118
					},
					"frame": {
						"x": 1768,
						"y": 1439,
						"w": 119,
						"h": 118
					},
					"anchor": {
						"x": 0.5,
						"y": 0.5
					}
				},
				{
					"filename": "green_circle.png",
					"rotated": false,
					"trimmed": true,
					"sourceSize": {
						"w": 120,
						"h": 120
					},
					"spriteSourceSize": {
						"x": 1,
						"y": 1,
						"w": 118,
						"h": 118
					},
					"frame": {
						"x": 1768,
						"y": 1559,
						"w": 118,
						"h": 118
					},
					"anchor": {
						"x": 0.5,
						"y": 0.5
					}
				},
				{
					"filename": "victory_banner.png",
					"rotated": false,
					"trimmed": true,
					"sourceSize": {
						"w": 10,
						"h": 200
					},
					"spriteSourceSize": {
						"x": 0,
						"y": 3,
						"w": 10,
						"h": 197
					},
					"frame": {
						"x": 827,
						"y": 763,
						"w": 10,
						"h": 197
					},
					"anchor": {
						"x": 0.5,
						"y": 0.5
					}
				},
				{
					"filename": "black_circle.png",
					"rotated": false,
					"trimmed": false,
					"sourceSize": {
						"w": 180,
						"h": 180
					},
					"spriteSourceSize": {
						"x": 0,
						"y": 0,
						"w": 180,
						"h": 180
					},
					"frame": {
						"x": 1536,
						"y": 1671,
						"w": 180,
						"h": 180
					},
					"anchor": {
						"x": 0.5,
						"y": 0.5
					}
				},
				{
					"filename": "dizzy_2.png",
					"rotated": false,
					"trimmed": true,
					"sourceSize": {
						"w": 109,
						"h": 101
					},
					"spriteSourceSize": {
						"x": 2,
						"y": 0,
						"w": 102,
						"h": 93
					},
					"frame": {
						"x": 1233,
						"y": 579,
						"w": 102,
						"h": 93
					},
					"anchor": {
						"x": 0.5,
						"y": 0.5
					}
				},
				{
					"filename": "dizzy_3.png",
					"rotated": false,
					"trimmed": true,
					"sourceSize": {
						"w": 95,
						"h": 94
					},
					"spriteSourceSize": {
						"x": 5,
						"y": 5,
						"w": 80,
						"h": 86
					},
					"frame": {
						"x": 1233,
						"y": 674,
						"w": 80,
						"h": 86
					},
					"anchor": {
						"x": 0.5,
						"y": 0.5
					}
				},
				{
					"filename": "dizzy_1.png",
					"rotated": false,
					"trimmed": true,
					"sourceSize": {
						"w": 87,
						"h": 85
					},
					"spriteSourceSize": {
						"x": 4,
						"y": 1,
						"w": 80,
						"h": 81
					},
					"frame": {
						"x": 1233,
						"y": 762,
						"w": 80,
						"h": 81
					},
					"anchor": {
						"x": 0.5,
						"y": 0.5
					}
				},
				{
					"filename": "purple_circle.png",
					"rotated": false,
					"trimmed": true,
					"sourceSize": {
						"w": 120,
						"h": 120
					},
					"spriteSourceSize": {
						"x": 1,
						"y": 1,
						"w": 118,
						"h": 118
					},
					"frame": {
						"x": 1718,
						"y": 1679,
						"w": 118,
						"h": 118
					},
					"anchor": {
						"x": 0.5,
						"y": 0.5
					}
				},
				{
					"filename": "angrybig1.png",
					"rotated": false,
					"trimmed": true,
					"sourceSize": {
						"w": 76,
						"h": 80
					},
					"spriteSourceSize": {
						"x": 5,
						"y": 2,
						"w": 70,
						"h": 77
					},
					"frame": {
						"x": 930,
						"y": 420,
						"w": 70,
						"h": 77
					},
					"anchor": {
						"x": 0.5,
						"y": 0.5
					}
				},
				{
					"filename": "exclamation1.png",
					"rotated": false,
					"trimmed": false,
					"sourceSize": {
						"w": 24,
						"h": 48
					},
					"spriteSourceSize": {
						"x": 0,
						"y": 0,
						"w": 24,
						"h": 48
					},
					"frame": {
						"x": 1337,
						"y": 579,
						"w": 24,
						"h": 48
					},
					"anchor": {
						"x": 0.5,
						"y": 0.5
					}
				},
				{
					"filename": "lowline.png",
					"rotated": false,
					"trimmed": false,
					"sourceSize": {
						"w": 106,
						"h": 4
					},
					"spriteSourceSize": {
						"x": 0,
						"y": 0,
						"w": 106,
						"h": 4
					},
					"frame": {
						"x": 1013,
						"y": 1347,
						"w": 106,
						"h": 4
					},
					"anchor": {
						"x": 0.5,
						"y": 0.5
					}
				},
				{
					"filename": "battletext_bg.png",
					"rotated": false,
					"trimmed": false,
					"sourceSize": {
						"w": 100,
						"h": 10
					},
					"spriteSourceSize": {
						"x": 0,
						"y": 0,
						"w": 100,
						"h": 10
					},
					"frame": {
						"x": 607,
						"y": 1748,
						"w": 100,
						"h": 10
					},
					"anchor": {
						"x": 0.5,
						"y": 0.5
					}
				},
				{
					"filename": "bone2.png",
					"rotated": false,
					"trimmed": true,
					"sourceSize": {
						"w": 50,
						"h": 46
					},
					"spriteSourceSize": {
						"x": 3,
						"y": 1,
						"w": 47,
						"h": 45
					},
					"frame": {
						"x": 1567,
						"y": 1028,
						"w": 47,
						"h": 45
					},
					"anchor": {
						"x": 0.5,
						"y": 0.5
					}
				},
				{
					"filename": "angry2.png",
					"rotated": false,
					"trimmed": false,
					"sourceSize": {
						"w": 46,
						"h": 46
					},
					"spriteSourceSize": {
						"x": 0,
						"y": 0,
						"w": 46,
						"h": 46
					},
					"frame": {
						"x": 1864,
						"y": 1088,
						"w": 46,
						"h": 46
					},
					"anchor": {
						"x": 0.5,
						"y": 0.5
					}
				},
				{
					"filename": "bone1.png",
					"rotated": false,
					"trimmed": true,
					"sourceSize": {
						"w": 50,
						"h": 46
					},
					"spriteSourceSize": {
						"x": 4,
						"y": 2,
						"w": 46,
						"h": 43
					},
					"frame": {
						"x": 839,
						"y": 763,
						"w": 46,
						"h": 43
					},
					"anchor": {
						"x": 0.5,
						"y": 0.5
					}
				},
				{
					"filename": "angry1.png",
					"rotated": false,
					"trimmed": true,
					"sourceSize": {
						"w": 46,
						"h": 46
					},
					"spriteSourceSize": {
						"x": 1,
						"y": 2,
						"w": 44,
						"h": 42
					},
					"frame": {
						"x": 1233,
						"y": 845,
						"w": 44,
						"h": 42
					},
					"anchor": {
						"x": 0.5,
						"y": 0.5
					}
				},
				{
					"filename": "exclamation2.png",
					"rotated": false,
					"trimmed": true,
					"sourceSize": {
						"w": 22,
						"h": 44
					},
					"spriteSourceSize": {
						"x": 1,
						"y": 1,
						"w": 20,
						"h": 42
					},
					"frame": {
						"x": 1718,
						"y": 1799,
						"w": 20,
						"h": 42
					},
					"anchor": {
						"x": 0.5,
						"y": 0.5
					}
				}
			]
		}
	],
	"meta": {
		"app": "https://www.codeandweb.com/texturepacker",
		"version": "3.0",
		"smartupdate": "$TexturePacker:SmartUpdate:b6ca68544ab1cdfce82764e130197379:045895045965854f128bc226457a0abe:425349c955ef088fe78b9c114ef0ee5b$"
	}
}
