{
	"textures": [
		{
			"image": "sprites/pixels.webp",
			"format": "RGBA5555",
			"size": {
				"w": 36,
				"h": 4
			},
			"scale": 1,
			"frames": [
				{
					"filename": "blue_pixel.png",
					"rotated": false,
					"trimmed": false,
					"sourceSize": {
						"w": 2,
						"h": 2
					},
					"spriteSourceSize": {
						"x": 0,
						"y": 0,
						"w": 2,
						"h": 2
					},
					"frame": {
						"x": 1,
						"y": 1,
						"w": 2,
						"h": 2
					}
				},
				{
					"filename": "gloom_pixel.png",
					"rotated": false,
					"trimmed": false,
					"sourceSize": {
						"w": 2,
						"h": 2
					},
					"spriteSourceSize": {
						"x": 0,
						"y": 0,
						"w": 2,
						"h": 2
					},
					"frame": {
						"x": 5,
						"y": 1,
						"w": 2,
						"h": 2
					}
				},
				{
					"filename": "green_pixel.png",
					"rotated": false,
					"trimmed": false,
					"sourceSize": {
						"w": 2,
						"h": 2
					},
					"spriteSourceSize": {
						"x": 0,
						"y": 0,
						"w": 2,
						"h": 2
					},
					"frame": {
						"x": 9,
						"y": 1,
						"w": 2,
						"h": 2
					}
				},
				{
					"filename": "grey_pixel.png",
					"rotated": false,
					"trimmed": false,
					"sourceSize": {
						"w": 2,
						"h": 2
					},
					"spriteSourceSize": {
						"x": 0,
						"y": 0,
						"w": 2,
						"h": 2
					},
					"frame": {
						"x": 13,
						"y": 1,
						"w": 2,
						"h": 2
					}
				},
				{
					"filename": "purple_pixel.png",
					"rotated": false,
					"trimmed": false,
					"sourceSize": {
						"w": 2,
						"h": 2
					},
					"spriteSourceSize": {
						"x": 0,
						"y": 0,
						"w": 2,
						"h": 2
					},
					"frame": {
						"x": 17,
						"y": 1,
						"w": 2,
						"h": 2
					}
				},
				{
					"filename": "red_pixel.png",
					"rotated": false,
					"trimmed": false,
					"sourceSize": {
						"w": 2,
						"h": 2
					},
					"spriteSourceSize": {
						"x": 0,
						"y": 0,
						"w": 2,
						"h": 2
					},
					"frame": {
						"x": 21,
						"y": 1,
						"w": 2,
						"h": 2
					}
				},
				{
					"filename": "semiblack_pixel.png",
					"rotated": false,
					"trimmed": false,
					"sourceSize": {
						"w": 2,
						"h": 2
					},
					"spriteSourceSize": {
						"x": 0,
						"y": 0,
						"w": 2,
						"h": 2
					},
					"frame": {
						"x": 25,
						"y": 1,
						"w": 2,
						"h": 2
					}
				},
				{
					"filename": "white_pixel.png",
					"rotated": false,
					"trimmed": false,
					"sourceSize": {
						"w": 2,
						"h": 2
					},
					"spriteSourceSize": {
						"x": 0,
						"y": 0,
						"w": 2,
						"h": 2
					},
					"frame": {
						"x": 29,
						"y": 1,
						"w": 2,
						"h": 2
					}
				},
				{
					"filename": "yellow_pixel.png",
					"rotated": false,
					"trimmed": false,
					"sourceSize": {
						"w": 2,
						"h": 2
					},
					"spriteSourceSize": {
						"x": 0,
						"y": 0,
						"w": 2,
						"h": 2
					},
					"frame": {
						"x": 33,
						"y": 1,
						"w": 2,
						"h": 2
					}
				}
			]
		}
	],
	"meta": {
		"app": "https://www.codeandweb.com/texturepacker",
		"version": "3.0",
		"smartupdate": "$TexturePacker:SmartUpdate:ea0c400c83079bc66f2cc2806c451e36:a3bc68c4b3af8e022d0423af40a2309d:1b79fc7d42966befa1016d29f4ccadf3$"
	}
}
