{
	"textures": [
		{
			"image": "sprites/shields-0.webp",
			"format": "RGBA8888",
			"size": {
				"w": 1665,
				"h": 2030
			},
			"scale": 1,
			"frames": [
				{
					"filename": "handshield10.png",
					"rotated": false,
					"trimmed": true,
					"sourceSize": {
						"w": 445,
						"h": 500
					},
					"spriteSourceSize": {
						"x": 9,
						"y": 4,
						"w": 433,
						"h": 463
					},
					"frame": {
						"x": 1,
						"y": 1,
						"w": 433,
						"h": 463
					},
					"anchor": {
						"x": 0.5,
						"y": 0.5
					}
				},
				{
					"filename": "forceBreak2.png",
					"rotated": false,
					"trimmed": true,
					"sourceSize": {
						"w": 375,
						"h": 375
					},
					"spriteSourceSize": {
						"x": 1,
						"y": 2,
						"w": 366,
						"h": 368
					},
					"frame": {
						"x": 1,
						"y": 466,
						"w": 366,
						"h": 368
					},
					"anchor": {
						"x": 0.5,
						"y": 0.5
					}
				},
				{
					"filename": "forceBreak3.png",
					"rotated": false,
					"trimmed": true,
					"sourceSize": {
						"w": 375,
						"h": 375
					},
					"spriteSourceSize": {
						"x": 2,
						"y": 2,
						"w": 365,
						"h": 367
					},
					"frame": {
						"x": 436,
						"y": 1,
						"w": 365,
						"h": 367
					},
					"anchor": {
						"x": 0.5,
						"y": 0.5
					}
				},
				{
					"filename": "forceBreak1.png",
					"rotated": false,
					"trimmed": true,
					"sourceSize": {
						"w": 375,
						"h": 375
					},
					"spriteSourceSize": {
						"x": 11,
						"y": 11,
						"w": 349,
						"h": 343
					},
					"frame": {
						"x": 1,
						"y": 836,
						"w": 349,
						"h": 343
					},
					"anchor": {
						"x": 0.5,
						"y": 0.5
					}
				},
				{
					"filename": "forceField1.png",
					"rotated": false,
					"trimmed": true,
					"sourceSize": {
						"w": 312,
						"h": 312
					},
					"spriteSourceSize": {
						"x": 7,
						"y": 7,
						"w": 299,
						"h": 299
					},
					"frame": {
						"x": 803,
						"y": 1,
						"w": 299,
						"h": 299
					},
					"anchor": {
						"x": 0.5,
						"y": 0.5
					}
				},
				{
					"filename": "forceField2.png",
					"rotated": false,
					"trimmed": true,
					"sourceSize": {
						"w": 312,
						"h": 312
					},
					"spriteSourceSize": {
						"x": 7,
						"y": 7,
						"w": 299,
						"h": 299
					},
					"frame": {
						"x": 1,
						"y": 1181,
						"w": 299,
						"h": 299
					},
					"anchor": {
						"x": 0.5,
						"y": 0.5
					}
				},
				{
					"filename": "forceField3.png",
					"rotated": false,
					"trimmed": true,
					"sourceSize": {
						"w": 312,
						"h": 312
					},
					"spriteSourceSize": {
						"x": 7,
						"y": 7,
						"w": 299,
						"h": 299
					},
					"frame": {
						"x": 1104,
						"y": 1,
						"w": 299,
						"h": 299
					},
					"anchor": {
						"x": 0.5,
						"y": 0.5
					}
				},
				{
					"filename": "forceFieldShort1.png",
					"rotated": false,
					"trimmed": true,
					"sourceSize": {
						"w": 312,
						"h": 312
					},
					"spriteSourceSize": {
						"x": 7,
						"y": 7,
						"w": 299,
						"h": 299
					},
					"frame": {
						"x": 1104,
						"y": 1,
						"w": 299,
						"h": 299
					},
					"anchor": {
						"x": 0.5,
						"y": 0.5
					}
				},
				{
					"filename": "forceField4.png",
					"rotated": false,
					"trimmed": true,
					"sourceSize": {
						"w": 312,
						"h": 312
					},
					"spriteSourceSize": {
						"x": 7,
						"y": 7,
						"w": 299,
						"h": 299
					},
					"frame": {
						"x": 1,
						"y": 1482,
						"w": 299,
						"h": 299
					},
					"anchor": {
						"x": 0.5,
						"y": 0.5
					}
				},
				{
					"filename": "shield1.png",
					"rotated": false,
					"trimmed": true,
					"sourceSize": {
						"w": 260,
						"h": 230
					},
					"spriteSourceSize": {
						"x": 1,
						"y": 0,
						"w": 258,
						"h": 230
					},
					"frame": {
						"x": 1405,
						"y": 1,
						"w": 258,
						"h": 230
					},
					"anchor": {
						"x": 0.5,
						"y": 0.5
					}
				},
				{
					"filename": "shield2.png",
					"rotated": false,
					"trimmed": true,
					"sourceSize": {
						"w": 260,
						"h": 230
					},
					"spriteSourceSize": {
						"x": 1,
						"y": 0,
						"w": 258,
						"h": 230
					},
					"frame": {
						"x": 1,
						"y": 1783,
						"w": 258,
						"h": 230
					},
					"anchor": {
						"x": 0.5,
						"y": 0.5
					}
				},
				{
					"filename": "frame0014.png",
					"rotated": false,
					"trimmed": true,
					"sourceSize": {
						"w": 375,
						"h": 475
					},
					"spriteSourceSize": {
						"x": 0,
						"y": 368,
						"w": 375,
						"h": 107
					},
					"frame": {
						"x": 436,
						"y": 370,
						"w": 375,
						"h": 107
					},
					"anchor": {
						"x": 0.5,
						"y": 0.5
					}
				},
				{
					"filename": "frame0015.png",
					"rotated": false,
					"trimmed": true,
					"sourceSize": {
						"w": 375,
						"h": 475
					},
					"spriteSourceSize": {
						"x": 0,
						"y": 368,
						"w": 375,
						"h": 107
					},
					"frame": {
						"x": 436,
						"y": 370,
						"w": 375,
						"h": 107
					},
					"anchor": {
						"x": 0.5,
						"y": 0.5
					}
				},
				{
					"filename": "forceField5.png",
					"rotated": false,
					"trimmed": true,
					"sourceSize": {
						"w": 312,
						"h": 312
					},
					"spriteSourceSize": {
						"x": 7,
						"y": 7,
						"w": 299,
						"h": 299
					},
					"frame": {
						"x": 369,
						"y": 479,
						"w": 299,
						"h": 299
					},
					"anchor": {
						"x": 0.5,
						"y": 0.5
					}
				},
				{
					"filename": "forceField6.png",
					"rotated": false,
					"trimmed": true,
					"sourceSize": {
						"w": 312,
						"h": 312
					},
					"spriteSourceSize": {
						"x": 7,
						"y": 7,
						"w": 299,
						"h": 299
					},
					"frame": {
						"x": 670,
						"y": 479,
						"w": 299,
						"h": 299
					},
					"anchor": {
						"x": 0.5,
						"y": 0.5
					}
				},
				{
					"filename": "forceFieldShort2.png",
					"rotated": false,
					"trimmed": true,
					"sourceSize": {
						"w": 312,
						"h": 312
					},
					"spriteSourceSize": {
						"x": 7,
						"y": 7,
						"w": 299,
						"h": 299
					},
					"frame": {
						"x": 670,
						"y": 479,
						"w": 299,
						"h": 299
					},
					"anchor": {
						"x": 0.5,
						"y": 0.5
					}
				},
				{
					"filename": "frame0016.png",
					"rotated": false,
					"trimmed": true,
					"sourceSize": {
						"w": 375,
						"h": 475
					},
					"spriteSourceSize": {
						"x": 0,
						"y": 368,
						"w": 375,
						"h": 88
					},
					"frame": {
						"x": 369,
						"y": 780,
						"w": 375,
						"h": 88
					},
					"anchor": {
						"x": 0.5,
						"y": 0.5
					}
				},
				{
					"filename": "frame0017.png",
					"rotated": false,
					"trimmed": true,
					"sourceSize": {
						"w": 375,
						"h": 475
					},
					"spriteSourceSize": {
						"x": 0,
						"y": 368,
						"w": 375,
						"h": 88
					},
					"frame": {
						"x": 369,
						"y": 780,
						"w": 375,
						"h": 88
					},
					"anchor": {
						"x": 0.5,
						"y": 0.5
					}
				},
				{
					"filename": "forceField7.png",
					"rotated": false,
					"trimmed": true,
					"sourceSize": {
						"w": 312,
						"h": 312
					},
					"spriteSourceSize": {
						"x": 7,
						"y": 7,
						"w": 299,
						"h": 299
					},
					"frame": {
						"x": 352,
						"y": 870,
						"w": 299,
						"h": 299
					},
					"anchor": {
						"x": 0.5,
						"y": 0.5
					}
				},
				{
					"filename": "forceFieldShort3.png",
					"rotated": false,
					"trimmed": true,
					"sourceSize": {
						"w": 312,
						"h": 312
					},
					"spriteSourceSize": {
						"x": 7,
						"y": 7,
						"w": 299,
						"h": 299
					},
					"frame": {
						"x": 352,
						"y": 870,
						"w": 299,
						"h": 299
					},
					"anchor": {
						"x": 0.5,
						"y": 0.5
					}
				},
				{
					"filename": "forceField8.png",
					"rotated": false,
					"trimmed": true,
					"sourceSize": {
						"w": 312,
						"h": 312
					},
					"spriteSourceSize": {
						"x": 7,
						"y": 7,
						"w": 299,
						"h": 299
					},
					"frame": {
						"x": 971,
						"y": 302,
						"w": 299,
						"h": 299
					},
					"anchor": {
						"x": 0.5,
						"y": 0.5
					}
				},
				{
					"filename": "forceFieldShort4.png",
					"rotated": false,
					"trimmed": true,
					"sourceSize": {
						"w": 312,
						"h": 312
					},
					"spriteSourceSize": {
						"x": 7,
						"y": 7,
						"w": 299,
						"h": 299
					},
					"frame": {
						"x": 971,
						"y": 302,
						"w": 299,
						"h": 299
					},
					"anchor": {
						"x": 0.5,
						"y": 0.5
					}
				},
				{
					"filename": "forceField9.png",
					"rotated": false,
					"trimmed": true,
					"sourceSize": {
						"w": 312,
						"h": 312
					},
					"spriteSourceSize": {
						"x": 7,
						"y": 7,
						"w": 299,
						"h": 299
					},
					"frame": {
						"x": 971,
						"y": 603,
						"w": 299,
						"h": 299
					},
					"anchor": {
						"x": 0.5,
						"y": 0.5
					}
				},
				{
					"filename": "forceFieldShort5.png",
					"rotated": false,
					"trimmed": true,
					"sourceSize": {
						"w": 312,
						"h": 312
					},
					"spriteSourceSize": {
						"x": 7,
						"y": 7,
						"w": 299,
						"h": 299
					},
					"frame": {
						"x": 971,
						"y": 603,
						"w": 299,
						"h": 299
					},
					"anchor": {
						"x": 0.5,
						"y": 0.5
					}
				},
				{
					"filename": "forceField10.png",
					"rotated": false,
					"trimmed": true,
					"sourceSize": {
						"w": 312,
						"h": 312
					},
					"spriteSourceSize": {
						"x": 7,
						"y": 7,
						"w": 299,
						"h": 299
					},
					"frame": {
						"x": 1272,
						"y": 302,
						"w": 299,
						"h": 299
					},
					"anchor": {
						"x": 0.5,
						"y": 0.5
					}
				},
				{
					"filename": "forceFieldShort6.png",
					"rotated": false,
					"trimmed": true,
					"sourceSize": {
						"w": 312,
						"h": 312
					},
					"spriteSourceSize": {
						"x": 7,
						"y": 7,
						"w": 299,
						"h": 299
					},
					"frame": {
						"x": 1272,
						"y": 302,
						"w": 299,
						"h": 299
					},
					"anchor": {
						"x": 0.5,
						"y": 0.5
					}
				},
				{
					"filename": "forceField11.png",
					"rotated": false,
					"trimmed": true,
					"sourceSize": {
						"w": 312,
						"h": 312
					},
					"spriteSourceSize": {
						"x": 7,
						"y": 7,
						"w": 299,
						"h": 299
					},
					"frame": {
						"x": 1272,
						"y": 603,
						"w": 299,
						"h": 299
					},
					"anchor": {
						"x": 0.5,
						"y": 0.5
					}
				},
				{
					"filename": "forceFieldShort7.png",
					"rotated": false,
					"trimmed": true,
					"sourceSize": {
						"w": 312,
						"h": 312
					},
					"spriteSourceSize": {
						"x": 7,
						"y": 7,
						"w": 299,
						"h": 299
					},
					"frame": {
						"x": 1272,
						"y": 603,
						"w": 299,
						"h": 299
					},
					"anchor": {
						"x": 0.5,
						"y": 0.5
					}
				},
				{
					"filename": "frame0022.png",
					"rotated": false,
					"trimmed": true,
					"sourceSize": {
						"w": 375,
						"h": 475
					},
					"spriteSourceSize": {
						"x": 1,
						"y": 387,
						"w": 259,
						"h": 65
					},
					"frame": {
						"x": 1405,
						"y": 233,
						"w": 259,
						"h": 65
					},
					"anchor": {
						"x": 0.5,
						"y": 0.5
					}
				},
				{
					"filename": "frame0023.png",
					"rotated": false,
					"trimmed": true,
					"sourceSize": {
						"w": 375,
						"h": 475
					},
					"spriteSourceSize": {
						"x": 1,
						"y": 387,
						"w": 259,
						"h": 65
					},
					"frame": {
						"x": 1405,
						"y": 233,
						"w": 259,
						"h": 65
					},
					"anchor": {
						"x": 0.5,
						"y": 0.5
					}
				},
				{
					"filename": "frame0024.png",
					"rotated": false,
					"trimmed": true,
					"sourceSize": {
						"w": 375,
						"h": 475
					},
					"spriteSourceSize": {
						"x": 1,
						"y": 387,
						"w": 259,
						"h": 65
					},
					"frame": {
						"x": 1405,
						"y": 233,
						"w": 259,
						"h": 65
					},
					"anchor": {
						"x": 0.5,
						"y": 0.5
					}
				},
				{
					"filename": "frame0025.png",
					"rotated": false,
					"trimmed": true,
					"sourceSize": {
						"w": 375,
						"h": 475
					},
					"spriteSourceSize": {
						"x": 1,
						"y": 387,
						"w": 259,
						"h": 65
					},
					"frame": {
						"x": 1405,
						"y": 233,
						"w": 259,
						"h": 65
					},
					"anchor": {
						"x": 0.5,
						"y": 0.5
					}
				},
				{
					"filename": "forceField12.png",
					"rotated": false,
					"trimmed": true,
					"sourceSize": {
						"w": 312,
						"h": 312
					},
					"spriteSourceSize": {
						"x": 7,
						"y": 7,
						"w": 299,
						"h": 299
					},
					"frame": {
						"x": 653,
						"y": 870,
						"w": 299,
						"h": 299
					},
					"anchor": {
						"x": 0.5,
						"y": 0.5
					}
				},
				{
					"filename": "forceFieldShort8.png",
					"rotated": false,
					"trimmed": true,
					"sourceSize": {
						"w": 312,
						"h": 312
					},
					"spriteSourceSize": {
						"x": 7,
						"y": 7,
						"w": 299,
						"h": 299
					},
					"frame": {
						"x": 653,
						"y": 870,
						"w": 299,
						"h": 299
					},
					"anchor": {
						"x": 0.5,
						"y": 0.5
					}
				},
				{
					"filename": "handshieldbroke.png",
					"rotated": false,
					"trimmed": true,
					"sourceSize": {
						"w": 276,
						"h": 310
					},
					"spriteSourceSize": {
						"x": 6,
						"y": 3,
						"w": 268,
						"h": 286
					},
					"frame": {
						"x": 954,
						"y": 904,
						"w": 268,
						"h": 286
					},
					"anchor": {
						"x": 0.5,
						"y": 0.5
					}
				},
				{
					"filename": "shield3.png",
					"rotated": false,
					"trimmed": true,
					"sourceSize": {
						"w": 260,
						"h": 230
					},
					"spriteSourceSize": {
						"x": 1,
						"y": 0,
						"w": 258,
						"h": 230
					},
					"frame": {
						"x": 1224,
						"y": 904,
						"w": 258,
						"h": 230
					},
					"anchor": {
						"x": 0.5,
						"y": 0.5
					}
				},
				{
					"filename": "frame0008.png",
					"rotated": false,
					"trimmed": true,
					"sourceSize": {
						"w": 375,
						"h": 475
					},
					"spriteSourceSize": {
						"x": 19,
						"y": 379,
						"w": 356,
						"h": 93
					},
					"frame": {
						"x": 352,
						"y": 1171,
						"w": 356,
						"h": 93
					},
					"anchor": {
						"x": 0.5,
						"y": 0.5
					}
				},
				{
					"filename": "frame0009.png",
					"rotated": false,
					"trimmed": true,
					"sourceSize": {
						"w": 375,
						"h": 475
					},
					"spriteSourceSize": {
						"x": 19,
						"y": 379,
						"w": 356,
						"h": 93
					},
					"frame": {
						"x": 352,
						"y": 1171,
						"w": 356,
						"h": 93
					},
					"anchor": {
						"x": 0.5,
						"y": 0.5
					}
				},
				{
					"filename": "shield4.png",
					"rotated": false,
					"trimmed": true,
					"sourceSize": {
						"w": 260,
						"h": 230
					},
					"spriteSourceSize": {
						"x": 1,
						"y": 0,
						"w": 258,
						"h": 230
					},
					"frame": {
						"x": 302,
						"y": 1266,
						"w": 258,
						"h": 230
					},
					"anchor": {
						"x": 0.5,
						"y": 0.5
					}
				},
				{
					"filename": "shield5.png",
					"rotated": false,
					"trimmed": true,
					"sourceSize": {
						"w": 260,
						"h": 230
					},
					"spriteSourceSize": {
						"x": 1,
						"y": 0,
						"w": 258,
						"h": 230
					},
					"frame": {
						"x": 302,
						"y": 1498,
						"w": 258,
						"h": 230
					},
					"anchor": {
						"x": 0.5,
						"y": 0.5
					}
				},
				{
					"filename": "shield6.png",
					"rotated": false,
					"trimmed": true,
					"sourceSize": {
						"w": 260,
						"h": 230
					},
					"spriteSourceSize": {
						"x": 1,
						"y": 0,
						"w": 258,
						"h": 230
					},
					"frame": {
						"x": 562,
						"y": 1266,
						"w": 258,
						"h": 230
					},
					"anchor": {
						"x": 0.5,
						"y": 0.5
					}
				},
				{
					"filename": "shield7.png",
					"rotated": false,
					"trimmed": true,
					"sourceSize": {
						"w": 260,
						"h": 230
					},
					"spriteSourceSize": {
						"x": 1,
						"y": 0,
						"w": 258,
						"h": 230
					},
					"frame": {
						"x": 562,
						"y": 1498,
						"w": 258,
						"h": 230
					},
					"anchor": {
						"x": 0.5,
						"y": 0.5
					}
				},
				{
					"filename": "frame0002.png",
					"rotated": false,
					"trimmed": true,
					"sourceSize": {
						"w": 375,
						"h": 475
					},
					"spriteSourceSize": {
						"x": 21,
						"y": 383,
						"w": 354,
						"h": 68
					},
					"frame": {
						"x": 302,
						"y": 1730,
						"w": 354,
						"h": 68
					},
					"anchor": {
						"x": 0.5,
						"y": 0.5
					}
				},
				{
					"filename": "ring_flash4.png",
					"rotated": false,
					"trimmed": true,
					"sourceSize": {
						"w": 228,
						"h": 228
					},
					"spriteSourceSize": {
						"x": 8,
						"y": 8,
						"w": 212,
						"h": 212
					},
					"frame": {
						"x": 261,
						"y": 1800,
						"w": 212,
						"h": 212
					},
					"anchor": {
						"x": 0.5,
						"y": 0.5
					}
				},
				{
					"filename": "ring_flash5.png",
					"rotated": false,
					"trimmed": true,
					"sourceSize": {
						"w": 228,
						"h": 228
					},
					"spriteSourceSize": {
						"x": 8,
						"y": 8,
						"w": 212,
						"h": 212
					},
					"frame": {
						"x": 475,
						"y": 1800,
						"w": 212,
						"h": 212
					},
					"anchor": {
						"x": 0.5,
						"y": 0.5
					}
				},
				{
					"filename": "ring_flash6.png",
					"rotated": false,
					"trimmed": true,
					"sourceSize": {
						"w": 228,
						"h": 228
					},
					"spriteSourceSize": {
						"x": 8,
						"y": 8,
						"w": 212,
						"h": 212
					},
					"frame": {
						"x": 475,
						"y": 1800,
						"w": 212,
						"h": 212
					},
					"anchor": {
						"x": 0.5,
						"y": 0.5
					}
				},
				{
					"filename": "frame0010.png",
					"rotated": false,
					"trimmed": true,
					"sourceSize": {
						"w": 375,
						"h": 475
					},
					"spriteSourceSize": {
						"x": 55,
						"y": 392,
						"w": 313,
						"h": 83
					},
					"frame": {
						"x": 1224,
						"y": 1136,
						"w": 313,
						"h": 83
					},
					"anchor": {
						"x": 0.5,
						"y": 0.5
					}
				},
				{
					"filename": "frame0011.png",
					"rotated": false,
					"trimmed": true,
					"sourceSize": {
						"w": 375,
						"h": 475
					},
					"spriteSourceSize": {
						"x": 55,
						"y": 392,
						"w": 313,
						"h": 83
					},
					"frame": {
						"x": 1224,
						"y": 1136,
						"w": 313,
						"h": 83
					},
					"anchor": {
						"x": 0.5,
						"y": 0.5
					}
				},
				{
					"filename": "shield8.png",
					"rotated": false,
					"trimmed": true,
					"sourceSize": {
						"w": 260,
						"h": 230
					},
					"spriteSourceSize": {
						"x": 1,
						"y": 0,
						"w": 258,
						"h": 230
					},
					"frame": {
						"x": 689,
						"y": 1730,
						"w": 258,
						"h": 230
					},
					"anchor": {
						"x": 0.5,
						"y": 0.5
					}
				},
				{
					"filename": "frame0000.png",
					"rotated": false,
					"trimmed": true,
					"sourceSize": {
						"w": 375,
						"h": 475
					},
					"spriteSourceSize": {
						"x": 0,
						"y": 385,
						"w": 336,
						"h": 59
					},
					"frame": {
						"x": 689,
						"y": 1962,
						"w": 336,
						"h": 59
					},
					"anchor": {
						"x": 0.5,
						"y": 0.5
					}
				},
				{
					"filename": "frame0001.png",
					"rotated": false,
					"trimmed": true,
					"sourceSize": {
						"w": 375,
						"h": 475
					},
					"spriteSourceSize": {
						"x": 0,
						"y": 385,
						"w": 336,
						"h": 59
					},
					"frame": {
						"x": 689,
						"y": 1962,
						"w": 336,
						"h": 59
					},
					"anchor": {
						"x": 0.5,
						"y": 0.5
					}
				},
				{
					"filename": "frame0003.png",
					"rotated": false,
					"trimmed": true,
					"sourceSize": {
						"w": 375,
						"h": 475
					},
					"spriteSourceSize": {
						"x": 59,
						"y": 389,
						"w": 229,
						"h": 58
					},
					"frame": {
						"x": 710,
						"y": 1171,
						"w": 229,
						"h": 58
					},
					"anchor": {
						"x": 0.5,
						"y": 0.5
					}
				},
				{
					"filename": "frame0004.png",
					"rotated": false,
					"trimmed": true,
					"sourceSize": {
						"w": 375,
						"h": 475
					},
					"spriteSourceSize": {
						"x": 59,
						"y": 389,
						"w": 229,
						"h": 58
					},
					"frame": {
						"x": 710,
						"y": 1171,
						"w": 229,
						"h": 58
					},
					"anchor": {
						"x": 0.5,
						"y": 0.5
					}
				},
				{
					"filename": "frame0005.png",
					"rotated": false,
					"trimmed": true,
					"sourceSize": {
						"w": 375,
						"h": 475
					},
					"spriteSourceSize": {
						"x": 59,
						"y": 389,
						"w": 229,
						"h": 58
					},
					"frame": {
						"x": 710,
						"y": 1171,
						"w": 229,
						"h": 58
					},
					"anchor": {
						"x": 0.5,
						"y": 0.5
					}
				},
				{
					"filename": "shield9.png",
					"rotated": false,
					"trimmed": true,
					"sourceSize": {
						"w": 260,
						"h": 230
					},
					"spriteSourceSize": {
						"x": 1,
						"y": 0,
						"w": 258,
						"h": 230
					},
					"frame": {
						"x": 822,
						"y": 1231,
						"w": 258,
						"h": 230
					},
					"anchor": {
						"x": 0.5,
						"y": 0.5
					}
				},
				{
					"filename": "shield10.png",
					"rotated": false,
					"trimmed": true,
					"sourceSize": {
						"w": 260,
						"h": 230
					},
					"spriteSourceSize": {
						"x": 1,
						"y": 0,
						"w": 258,
						"h": 230
					},
					"frame": {
						"x": 822,
						"y": 1463,
						"w": 258,
						"h": 230
					},
					"anchor": {
						"x": 0.5,
						"y": 0.5
					}
				},
				{
					"filename": "ring_flash1.png",
					"rotated": false,
					"trimmed": true,
					"sourceSize": {
						"w": 228,
						"h": 228
					},
					"spriteSourceSize": {
						"x": 9,
						"y": 9,
						"w": 210,
						"h": 210
					},
					"frame": {
						"x": 949,
						"y": 1695,
						"w": 210,
						"h": 210
					},
					"anchor": {
						"x": 0.5,
						"y": 0.5
					}
				},
				{
					"filename": "frame0018.png",
					"rotated": false,
					"trimmed": true,
					"sourceSize": {
						"w": 375,
						"h": 475
					},
					"spriteSourceSize": {
						"x": 21,
						"y": 393,
						"w": 354,
						"h": 51
					},
					"frame": {
						"x": 1161,
						"y": 1221,
						"w": 354,
						"h": 51
					},
					"anchor": {
						"x": 0.5,
						"y": 0.5
					}
				},
				{
					"filename": "frame0019.png",
					"rotated": false,
					"trimmed": true,
					"sourceSize": {
						"w": 375,
						"h": 475
					},
					"spriteSourceSize": {
						"x": 21,
						"y": 393,
						"w": 354,
						"h": 51
					},
					"frame": {
						"x": 1161,
						"y": 1221,
						"w": 354,
						"h": 51
					},
					"anchor": {
						"x": 0.5,
						"y": 0.5
					}
				},
				{
					"filename": "frame0020.png",
					"rotated": false,
					"trimmed": true,
					"sourceSize": {
						"w": 375,
						"h": 475
					},
					"spriteSourceSize": {
						"x": 21,
						"y": 393,
						"w": 354,
						"h": 51
					},
					"frame": {
						"x": 1161,
						"y": 1221,
						"w": 354,
						"h": 51
					},
					"anchor": {
						"x": 0.5,
						"y": 0.5
					}
				},
				{
					"filename": "frame0021.png",
					"rotated": false,
					"trimmed": true,
					"sourceSize": {
						"w": 375,
						"h": 475
					},
					"spriteSourceSize": {
						"x": 21,
						"y": 393,
						"w": 354,
						"h": 51
					},
					"frame": {
						"x": 1161,
						"y": 1221,
						"w": 354,
						"h": 51
					},
					"anchor": {
						"x": 0.5,
						"y": 0.5
					}
				},
				{
					"filename": "ring_flash2.png",
					"rotated": false,
					"trimmed": true,
					"sourceSize": {
						"w": 228,
						"h": 228
					},
					"spriteSourceSize": {
						"x": 9,
						"y": 9,
						"w": 210,
						"h": 210
					},
					"frame": {
						"x": 1082,
						"y": 1274,
						"w": 210,
						"h": 210
					},
					"anchor": {
						"x": 0.5,
						"y": 0.5
					}
				},
				{
					"filename": "ring_flash3.png",
					"rotated": false,
					"trimmed": true,
					"sourceSize": {
						"w": 228,
						"h": 228
					},
					"spriteSourceSize": {
						"x": 9,
						"y": 9,
						"w": 210,
						"h": 210
					},
					"frame": {
						"x": 1294,
						"y": 1274,
						"w": 210,
						"h": 210
					},
					"anchor": {
						"x": 0.5,
						"y": 0.5
					}
				},
				{
					"filename": "ring_flash7.png",
					"rotated": false,
					"trimmed": true,
					"sourceSize": {
						"w": 228,
						"h": 228
					},
					"spriteSourceSize": {
						"x": 21,
						"y": 21,
						"w": 186,
						"h": 186
					},
					"frame": {
						"x": 1082,
						"y": 1486,
						"w": 186,
						"h": 186
					},
					"anchor": {
						"x": 0.5,
						"y": 0.5
					}
				},
				{
					"filename": "ring_flash8.png",
					"rotated": false,
					"trimmed": true,
					"sourceSize": {
						"w": 228,
						"h": 228
					},
					"spriteSourceSize": {
						"x": 31,
						"y": 31,
						"w": 166,
						"h": 166
					},
					"frame": {
						"x": 1270,
						"y": 1486,
						"w": 166,
						"h": 166
					},
					"anchor": {
						"x": 0.5,
						"y": 0.5
					}
				},
				{
					"filename": "frame0006.png",
					"rotated": false,
					"trimmed": true,
					"sourceSize": {
						"w": 375,
						"h": 475
					},
					"spriteSourceSize": {
						"x": 0,
						"y": 411,
						"w": 329,
						"h": 37
					},
					"frame": {
						"x": 949,
						"y": 1907,
						"w": 329,
						"h": 37
					},
					"anchor": {
						"x": 0.5,
						"y": 0.5
					}
				},
				{
					"filename": "frame0007.png",
					"rotated": false,
					"trimmed": true,
					"sourceSize": {
						"w": 375,
						"h": 475
					},
					"spriteSourceSize": {
						"x": 0,
						"y": 411,
						"w": 329,
						"h": 37
					},
					"frame": {
						"x": 949,
						"y": 1907,
						"w": 329,
						"h": 37
					},
					"anchor": {
						"x": 0.5,
						"y": 0.5
					}
				},
				{
					"filename": "frame0012.png",
					"rotated": false,
					"trimmed": true,
					"sourceSize": {
						"w": 375,
						"h": 475
					},
					"spriteSourceSize": {
						"x": 91,
						"y": 392,
						"w": 277,
						"h": 83
					},
					"frame": {
						"x": 1027,
						"y": 1946,
						"w": 277,
						"h": 83
					},
					"anchor": {
						"x": 0.5,
						"y": 0.5
					}
				},
				{
					"filename": "frame0013.png",
					"rotated": false,
					"trimmed": true,
					"sourceSize": {
						"w": 375,
						"h": 475
					},
					"spriteSourceSize": {
						"x": 91,
						"y": 392,
						"w": 277,
						"h": 83
					},
					"frame": {
						"x": 1027,
						"y": 1946,
						"w": 277,
						"h": 83
					},
					"anchor": {
						"x": 0.5,
						"y": 0.5
					}
				},
				{
					"filename": "handshield4.png",
					"rotated": false,
					"trimmed": true,
					"sourceSize": {
						"w": 149,
						"h": 167
					},
					"spriteSourceSize": {
						"x": 1,
						"y": 0,
						"w": 148,
						"h": 158
					},
					"frame": {
						"x": 1484,
						"y": 904,
						"w": 148,
						"h": 158
					},
					"anchor": {
						"x": 0.5,
						"y": 0.5
					}
				},
				{
					"filename": "handshield5.png",
					"rotated": false,
					"trimmed": true,
					"sourceSize": {
						"w": 149,
						"h": 167
					},
					"spriteSourceSize": {
						"x": 1,
						"y": 0,
						"w": 148,
						"h": 158
					},
					"frame": {
						"x": 1161,
						"y": 1674,
						"w": 148,
						"h": 158
					},
					"anchor": {
						"x": 0.5,
						"y": 0.5
					}
				},
				{
					"filename": "handshield6.png",
					"rotated": false,
					"trimmed": true,
					"sourceSize": {
						"w": 149,
						"h": 167
					},
					"spriteSourceSize": {
						"x": 1,
						"y": 0,
						"w": 148,
						"h": 158
					},
					"frame": {
						"x": 1311,
						"y": 1654,
						"w": 148,
						"h": 158
					},
					"anchor": {
						"x": 0.5,
						"y": 0.5
					}
				},
				{
					"filename": "ring_flash9.png",
					"rotated": false,
					"trimmed": true,
					"sourceSize": {
						"w": 228,
						"h": 228
					},
					"spriteSourceSize": {
						"x": 37,
						"y": 37,
						"w": 154,
						"h": 154
					},
					"frame": {
						"x": 813,
						"y": 302,
						"w": 154,
						"h": 154
					},
					"anchor": {
						"x": 0.5,
						"y": 0.5
					}
				},
				{
					"filename": "handshield3.png",
					"rotated": false,
					"trimmed": true,
					"sourceSize": {
						"w": 149,
						"h": 167
					},
					"spriteSourceSize": {
						"x": 2,
						"y": 0,
						"w": 147,
						"h": 158
					},
					"frame": {
						"x": 1517,
						"y": 1221,
						"w": 147,
						"h": 158
					},
					"anchor": {
						"x": 0.5,
						"y": 0.5
					}
				},
				{
					"filename": "ring_flash10.png",
					"rotated": false,
					"trimmed": true,
					"sourceSize": {
						"w": 228,
						"h": 228
					},
					"spriteSourceSize": {
						"x": 40,
						"y": 40,
						"w": 148,
						"h": 148
					},
					"frame": {
						"x": 1506,
						"y": 1381,
						"w": 148,
						"h": 148
					},
					"anchor": {
						"x": 0.5,
						"y": 0.5
					}
				},
				{
					"filename": "handshield7.png",
					"rotated": false,
					"trimmed": true,
					"sourceSize": {
						"w": 149,
						"h": 167
					},
					"spriteSourceSize": {
						"x": 1,
						"y": 0,
						"w": 148,
						"h": 158
					},
					"frame": {
						"x": 1311,
						"y": 1814,
						"w": 148,
						"h": 158
					},
					"anchor": {
						"x": 0.5,
						"y": 0.5
					}
				},
				{
					"filename": "handshield8.png",
					"rotated": false,
					"trimmed": true,
					"sourceSize": {
						"w": 149,
						"h": 167
					},
					"spriteSourceSize": {
						"x": 1,
						"y": 0,
						"w": 148,
						"h": 158
					},
					"frame": {
						"x": 1461,
						"y": 1531,
						"w": 148,
						"h": 158
					},
					"anchor": {
						"x": 0.5,
						"y": 0.5
					}
				},
				{
					"filename": "handshield9.png",
					"rotated": false,
					"trimmed": true,
					"sourceSize": {
						"w": 149,
						"h": 167
					},
					"spriteSourceSize": {
						"x": 1,
						"y": 0,
						"w": 148,
						"h": 158
					},
					"frame": {
						"x": 1461,
						"y": 1691,
						"w": 148,
						"h": 158
					},
					"anchor": {
						"x": 0.5,
						"y": 0.5
					}
				},
				{
					"filename": "ring_flash11.png",
					"rotated": false,
					"trimmed": true,
					"sourceSize": {
						"w": 228,
						"h": 228
					},
					"spriteSourceSize": {
						"x": 41,
						"y": 41,
						"w": 146,
						"h": 146
					},
					"frame": {
						"x": 1461,
						"y": 1851,
						"w": 146,
						"h": 146
					},
					"anchor": {
						"x": 0.5,
						"y": 0.5
					}
				},
				{
					"filename": "ring_flash0.png",
					"rotated": false,
					"trimmed": true,
					"sourceSize": {
						"w": 228,
						"h": 228
					},
					"spriteSourceSize": {
						"x": 0,
						"y": 0,
						"w": 3,
						"h": 3
					},
					"frame": {
						"x": 369,
						"y": 466,
						"w": 3,
						"h": 3
					},
					"anchor": {
						"x": 0.5,
						"y": 0.5
					}
				},
				{
					"filename": "ring_flash12.png",
					"rotated": false,
					"trimmed": true,
					"sourceSize": {
						"w": 455,
						"h": 455
					},
					"spriteSourceSize": {
						"x": 0,
						"y": 0,
						"w": 3,
						"h": 3
					},
					"frame": {
						"x": 369,
						"y": 466,
						"w": 3,
						"h": 3
					},
					"anchor": {
						"x": 0.5,
						"y": 0.5
					}
				}
			]
		}
	],
	"meta": {
		"app": "https://www.codeandweb.com/texturepacker",
		"version": "3.0",
		"smartupdate": "$TexturePacker:SmartUpdate:d9f78af28d0a5b4a0b5f5b31142ed5f7:91871ed079db1b88b664ce2db5f1b669:e3951c6f68ce0c66739caba1d93c8ece$"
	}
}
