{
	"textures": [
		{
			"image": "sprites/spells-0.png",
			"format": "RGBA8888",
			"size": {
				"w": 2027,
				"h": 2038
			},
			"scale": 1,
			"frames": [
				{
					"filename": "mind_boost_2.png",
					"rotated": false,
					"trimmed": true,
					"sourceSize": {
						"w": 880,
						"h": 880
					},
					"spriteSourceSize": {
						"x": 45,
						"y": 41,
						"w": 790,
						"h": 790
					},
					"frame": {
						"x": 1,
						"y": 1,
						"w": 790,
						"h": 790
					},
					"anchor": {
						"x": 0.5,
						"y": 0.5
					}
				},
				{
					"filename": "blackHoleArms.png",
					"rotated": false,
					"trimmed": true,
					"sourceSize": {
						"w": 800,
						"h": 560
					},
					"spriteSourceSize": {
						"x": 0,
						"y": 10,
						"w": 800,
						"h": 540
					},
					"frame": {
						"x": 793,
						"y": 1,
						"w": 800,
						"h": 540
					},
					"anchor": {
						"x": 0.5,
						"y": 0.5
					}
				},
				{
					"filename": "mind_boost.png",
					"rotated": false,
					"trimmed": true,
					"sourceSize": {
						"w": 720,
						"h": 720
					},
					"spriteSourceSize": {
						"x": 33,
						"y": 31,
						"w": 656,
						"h": 656
					},
					"frame": {
						"x": 1,
						"y": 793,
						"w": 656,
						"h": 656
					},
					"anchor": {
						"x": 0.5,
						"y": 0.5
					}
				},
				{
					"filename": "stoneCircle.png",
					"rotated": false,
					"trimmed": true,
					"sourceSize": {
						"w": 465,
						"h": 465
					},
					"spriteSourceSize": {
						"x": 3,
						"y": 3,
						"w": 459,
						"h": 459
					},
					"frame": {
						"x": 1,
						"y": 1451,
						"w": 459,
						"h": 459
					},
					"anchor": {
						"x": 0.5,
						"y": 0.5
					}
				},
				{
					"filename": "whiteout_circle.png",
					"rotated": false,
					"trimmed": false,
					"sourceSize": {
						"w": 400,
						"h": 500
					},
					"spriteSourceSize": {
						"x": 0,
						"y": 0,
						"w": 400,
						"h": 500
					},
					"frame": {
						"x": 1595,
						"y": 1,
						"w": 400,
						"h": 500
					},
					"anchor": {
						"x": 0.5,
						"y": 0.5
					}
				},
				{
					"filename": "rockCircle.png",
					"rotated": false,
					"trimmed": true,
					"sourceSize": {
						"w": 600,
						"h": 600
					},
					"spriteSourceSize": {
						"x": 8,
						"y": 5,
						"w": 566,
						"h": 593
					},
					"frame": {
						"x": 793,
						"y": 543,
						"w": 566,
						"h": 593
					},
					"anchor": {
						"x": 0.5,
						"y": 0.5
					}
				},
				{
					"filename": "brickPattern2.png",
					"rotated": false,
					"trimmed": true,
					"sourceSize": {
						"w": 471,
						"h": 471
					},
					"spriteSourceSize": {
						"x": 4,
						"y": 8,
						"w": 461,
						"h": 455
					},
					"frame": {
						"x": 1361,
						"y": 543,
						"w": 461,
						"h": 455
					},
					"anchor": {
						"x": 0.5,
						"y": 0.5
					}
				},
				{
					"filename": "stalagmite.png",
					"rotated": false,
					"trimmed": true,
					"sourceSize": {
						"w": 195,
						"h": 488
					},
					"spriteSourceSize": {
						"x": 0,
						"y": 3,
						"w": 195,
						"h": 485
					},
					"frame": {
						"x": 462,
						"y": 1451,
						"w": 195,
						"h": 485
					},
					"anchor": {
						"x": 0.5,
						"y": 0.5
					}
				},
				{
					"filename": "brickPattern1.png",
					"rotated": false,
					"trimmed": true,
					"sourceSize": {
						"w": 471,
						"h": 471
					},
					"spriteSourceSize": {
						"x": 14,
						"y": 13,
						"w": 443,
						"h": 446
					},
					"frame": {
						"x": 659,
						"y": 1138,
						"w": 443,
						"h": 446
					},
					"anchor": {
						"x": 0.5,
						"y": 0.5
					}
				},
				{
					"filename": "clock_back_large.png",
					"rotated": false,
					"trimmed": false,
					"sourceSize": {
						"w": 441,
						"h": 441
					},
					"spriteSourceSize": {
						"x": 0,
						"y": 0,
						"w": 441,
						"h": 441
					},
					"frame": {
						"x": 659,
						"y": 1586,
						"w": 441,
						"h": 441
					},
					"anchor": {
						"x": 0.5,
						"y": 0.5
					}
				},
				{
					"filename": "clockStrike.png",
					"rotated": false,
					"trimmed": false,
					"sourceSize": {
						"w": 181,
						"h": 381
					},
					"spriteSourceSize": {
						"x": 0,
						"y": 0,
						"w": 181,
						"h": 381
					},
					"frame": {
						"x": 1104,
						"y": 1138,
						"w": 181,
						"h": 381
					},
					"anchor": {
						"x": 0.5,
						"y": 0.5
					}
				},
				{
					"filename": "clock_redStrike.png",
					"rotated": false,
					"trimmed": false,
					"sourceSize": {
						"w": 381,
						"h": 181
					},
					"spriteSourceSize": {
						"x": 0,
						"y": 0,
						"w": 381,
						"h": 181
					},
					"frame": {
						"x": 1361,
						"y": 1000,
						"w": 381,
						"h": 181
					},
					"anchor": {
						"x": 0.5,
						"y": 0.5
					}
				},
				{
					"filename": "blast.png",
					"rotated": false,
					"trimmed": false,
					"sourceSize": {
						"w": 225,
						"h": 300
					},
					"spriteSourceSize": {
						"x": 0,
						"y": 0,
						"w": 225,
						"h": 300
					},
					"frame": {
						"x": 1287,
						"y": 1183,
						"w": 225,
						"h": 300
					},
					"anchor": {
						"x": 0.5,
						"y": 0.5
					}
				},
				{
					"filename": "reticle.png",
					"rotated": false,
					"trimmed": false,
					"sourceSize": {
						"w": 260,
						"h": 260
					},
					"spriteSourceSize": {
						"x": 0,
						"y": 0,
						"w": 260,
						"h": 260
					},
					"frame": {
						"x": 1514,
						"y": 1183,
						"w": 260,
						"h": 260
					},
					"anchor": {
						"x": 0.5,
						"y": 0.5
					}
				},
				{
					"filename": "dark_tentacle.png",
					"rotated": false,
					"trimmed": true,
					"sourceSize": {
						"w": 106,
						"h": 304
					},
					"spriteSourceSize": {
						"x": 0,
						"y": 3,
						"w": 106,
						"h": 301
					},
					"frame": {
						"x": 659,
						"y": 793,
						"w": 106,
						"h": 301
					},
					"anchor": {
						"x": 0.5,
						"y": 0.5
					}
				},
				{
					"filename": "clockShieldTripleSatellite.png",
					"rotated": false,
					"trimmed": true,
					"sourceSize": {
						"w": 353,
						"h": 256
					},
					"spriteSourceSize": {
						"x": 22,
						"y": 5,
						"w": 310,
						"h": 75
					},
					"frame": {
						"x": 1,
						"y": 1912,
						"w": 310,
						"h": 75
					},
					"anchor": {
						"x": 0.5,
						"y": 0.5
					}
				},
				{
					"filename": "voidCharge.png",
					"rotated": false,
					"trimmed": true,
					"sourceSize": {
						"w": 300,
						"h": 40
					},
					"spriteSourceSize": {
						"x": 1,
						"y": 0,
						"w": 298,
						"h": 40
					},
					"frame": {
						"x": 1,
						"y": 1989,
						"w": 298,
						"h": 40
					},
					"anchor": {
						"x": 0.5,
						"y": 0.5
					}
				},
				{
					"filename": "timeGreen.png",
					"rotated": false,
					"trimmed": false,
					"sourceSize": {
						"w": 200,
						"h": 200
					},
					"spriteSourceSize": {
						"x": 0,
						"y": 0,
						"w": 200,
						"h": 200
					},
					"frame": {
						"x": 1824,
						"y": 503,
						"w": 200,
						"h": 200
					},
					"anchor": {
						"x": 0.5,
						"y": 0.5
					}
				},
				{
					"filename": "timeRed1.png",
					"rotated": false,
					"trimmed": false,
					"sourceSize": {
						"w": 200,
						"h": 200
					},
					"spriteSourceSize": {
						"x": 0,
						"y": 0,
						"w": 200,
						"h": 200
					},
					"frame": {
						"x": 1824,
						"y": 705,
						"w": 200,
						"h": 200
					},
					"anchor": {
						"x": 0.5,
						"y": 0.5
					}
				},
				{
					"filename": "blackPulse.png",
					"rotated": false,
					"trimmed": false,
					"sourceSize": {
						"w": 125,
						"h": 125
					},
					"spriteSourceSize": {
						"x": 0,
						"y": 0,
						"w": 125,
						"h": 125
					},
					"frame": {
						"x": 313,
						"y": 1912,
						"w": 125,
						"h": 125
					},
					"anchor": {
						"x": 0.5,
						"y": 0.5
					}
				},
				{
					"filename": "clockShield.png",
					"rotated": false,
					"trimmed": true,
					"sourceSize": {
						"w": 277,
						"h": 248
					},
					"spriteSourceSize": {
						"x": 0,
						"y": 0,
						"w": 277,
						"h": 68
					},
					"frame": {
						"x": 1514,
						"y": 1445,
						"w": 277,
						"h": 68
					},
					"anchor": {
						"x": 0.5,
						"y": 0.5
					}
				},
				{
					"filename": "clock.png",
					"rotated": false,
					"trimmed": false,
					"sourceSize": {
						"w": 181,
						"h": 181
					},
					"spriteSourceSize": {
						"x": 0,
						"y": 0,
						"w": 181,
						"h": 181
					},
					"frame": {
						"x": 1744,
						"y": 1000,
						"w": 181,
						"h": 181
					},
					"anchor": {
						"x": 0.5,
						"y": 0.5
					}
				},
				{
					"filename": "lightningBolt1.png",
					"rotated": false,
					"trimmed": true,
					"sourceSize": {
						"w": 100,
						"h": 300
					},
					"spriteSourceSize": {
						"x": 0,
						"y": 102,
						"w": 99,
						"h": 198
					},
					"frame": {
						"x": 1927,
						"y": 907,
						"w": 99,
						"h": 198
					},
					"anchor": {
						"x": 0.5,
						"y": 0.5
					}
				},
				{
					"filename": "lightningBolt2.png",
					"rotated": false,
					"trimmed": true,
					"sourceSize": {
						"w": 100,
						"h": 300
					},
					"spriteSourceSize": {
						"x": 1,
						"y": 102,
						"w": 99,
						"h": 198
					},
					"frame": {
						"x": 1927,
						"y": 1107,
						"w": 99,
						"h": 198
					},
					"anchor": {
						"x": 0.5,
						"y": 0.5
					}
				},
				{
					"filename": "mindEffect.png",
					"rotated": false,
					"trimmed": true,
					"sourceSize": {
						"w": 100,
						"h": 101
					},
					"spriteSourceSize": {
						"x": 1,
						"y": 1,
						"w": 98,
						"h": 99
					},
					"frame": {
						"x": 440,
						"y": 1938,
						"w": 98,
						"h": 99
					},
					"anchor": {
						"x": 0.5,
						"y": 0.5
					}
				},
				{
					"filename": "rock.png",
					"rotated": false,
					"trimmed": true,
					"sourceSize": {
						"w": 150,
						"h": 150
					},
					"spriteSourceSize": {
						"x": 7,
						"y": 7,
						"w": 136,
						"h": 138
					},
					"frame": {
						"x": 1776,
						"y": 1183,
						"w": 136,
						"h": 138
					},
					"anchor": {
						"x": 0.5,
						"y": 0.5
					}
				},
				{
					"filename": "spikeout.png",
					"rotated": false,
					"trimmed": true,
					"sourceSize": {
						"w": 236,
						"h": 236
					},
					"spriteSourceSize": {
						"x": 1,
						"y": 1,
						"w": 233,
						"h": 119
					},
					"frame": {
						"x": 1776,
						"y": 1323,
						"w": 233,
						"h": 119
					},
					"anchor": {
						"x": 0.5,
						"y": 0.5
					}
				},
				{
					"filename": "eyeShieldTriple.png",
					"rotated": false,
					"trimmed": true,
					"sourceSize": {
						"w": 194,
						"h": 238
					},
					"spriteSourceSize": {
						"x": 2,
						"y": 0,
						"w": 190,
						"h": 71
					},
					"frame": {
						"x": 1793,
						"y": 1444,
						"w": 190,
						"h": 71
					},
					"anchor": {
						"x": 0.5,
						"y": 0.5
					}
				},
				{
					"filename": "clock_arm_large.png",
					"rotated": false,
					"trimmed": false,
					"sourceSize": {
						"w": 213,
						"h": 43
					},
					"spriteSourceSize": {
						"x": 0,
						"y": 0,
						"w": 213,
						"h": 43
					},
					"frame": {
						"x": 1287,
						"y": 1485,
						"w": 213,
						"h": 43
					},
					"anchor": {
						"x": 0.5,
						"y": 0.5
					}
				},
				{
					"filename": "clockShieldTriple.png",
					"rotated": false,
					"trimmed": true,
					"sourceSize": {
						"w": 303,
						"h": 256
					},
					"spriteSourceSize": {
						"x": 15,
						"y": 3,
						"w": 272,
						"h": 80
					},
					"frame": {
						"x": 1502,
						"y": 1515,
						"w": 272,
						"h": 80
					},
					"anchor": {
						"x": 0.5,
						"y": 0.5
					}
				},
				{
					"filename": "stoneShieldTriple.png",
					"rotated": false,
					"trimmed": true,
					"sourceSize": {
						"w": 259,
						"h": 250
					},
					"spriteSourceSize": {
						"x": 6,
						"y": 6,
						"w": 247,
						"h": 80
					},
					"frame": {
						"x": 1776,
						"y": 1517,
						"w": 247,
						"h": 80
					},
					"anchor": {
						"x": 0.5,
						"y": 0.5
					}
				},
				{
					"filename": "clock_red.png",
					"rotated": false,
					"trimmed": false,
					"sourceSize": {
						"w": 181,
						"h": 181
					},
					"spriteSourceSize": {
						"x": 0,
						"y": 0,
						"w": 181,
						"h": 181
					},
					"frame": {
						"x": 1104,
						"y": 1521,
						"w": 181,
						"h": 181
					},
					"anchor": {
						"x": 0.5,
						"y": 0.5
					}
				},
				{
					"filename": "mindBurn2.png",
					"rotated": false,
					"trimmed": true,
					"sourceSize": {
						"w": 188,
						"h": 188
					},
					"spriteSourceSize": {
						"x": 4,
						"y": 7,
						"w": 180,
						"h": 179
					},
					"frame": {
						"x": 1102,
						"y": 1704,
						"w": 180,
						"h": 179
					},
					"anchor": {
						"x": 0.5,
						"y": 0.5
					}
				},
				{
					"filename": "mindBurn4.png",
					"rotated": false,
					"trimmed": true,
					"sourceSize": {
						"w": 188,
						"h": 188
					},
					"spriteSourceSize": {
						"x": 4,
						"y": 7,
						"w": 180,
						"h": 179
					},
					"frame": {
						"x": 1102,
						"y": 1704,
						"w": 180,
						"h": 179
					},
					"anchor": {
						"x": 0.5,
						"y": 0.5
					}
				},
				{
					"filename": "mindBurn1.png",
					"rotated": false,
					"trimmed": true,
					"sourceSize": {
						"w": 188,
						"h": 188
					},
					"spriteSourceSize": {
						"x": 4,
						"y": 7,
						"w": 173,
						"h": 179
					},
					"frame": {
						"x": 1287,
						"y": 1530,
						"w": 173,
						"h": 179
					},
					"anchor": {
						"x": 0.5,
						"y": 0.5
					}
				},
				{
					"filename": "mindBurn3.png",
					"rotated": false,
					"trimmed": true,
					"sourceSize": {
						"w": 188,
						"h": 188
					},
					"spriteSourceSize": {
						"x": 11,
						"y": 7,
						"w": 173,
						"h": 179
					},
					"frame": {
						"x": 1284,
						"y": 1711,
						"w": 173,
						"h": 179
					},
					"anchor": {
						"x": 0.5,
						"y": 0.5
					}
				},
				{
					"filename": "stoneShield.png",
					"rotated": false,
					"trimmed": true,
					"sourceSize": {
						"w": 259,
						"h": 244
					},
					"spriteSourceSize": {
						"x": 6,
						"y": 6,
						"w": 247,
						"h": 74
					},
					"frame": {
						"x": 1462,
						"y": 1597,
						"w": 247,
						"h": 74
					},
					"anchor": {
						"x": 0.5,
						"y": 0.5
					}
				},
				{
					"filename": "damageEffect1.png",
					"rotated": false,
					"trimmed": true,
					"sourceSize": {
						"w": 140,
						"h": 140
					},
					"spriteSourceSize": {
						"x": 3,
						"y": 3,
						"w": 134,
						"h": 134
					},
					"frame": {
						"x": 1102,
						"y": 1885,
						"w": 134,
						"h": 134
					},
					"anchor": {
						"x": 0.5,
						"y": 0.5
					}
				},
				{
					"filename": "eyeShield.png",
					"rotated": false,
					"trimmed": true,
					"sourceSize": {
						"w": 190,
						"h": 238
					},
					"spriteSourceSize": {
						"x": 1,
						"y": 1,
						"w": 189,
						"h": 66
					},
					"frame": {
						"x": 1462,
						"y": 1673,
						"w": 189,
						"h": 66
					},
					"anchor": {
						"x": 0.5,
						"y": 0.5
					}
				},
				{
					"filename": "damageEffect2.png",
					"rotated": false,
					"trimmed": true,
					"sourceSize": {
						"w": 140,
						"h": 140
					},
					"spriteSourceSize": {
						"x": 3,
						"y": 3,
						"w": 134,
						"h": 134
					},
					"frame": {
						"x": 1459,
						"y": 1741,
						"w": 134,
						"h": 134
					},
					"anchor": {
						"x": 0.5,
						"y": 0.5
					}
				},
				{
					"filename": "darkSlice.png",
					"rotated": false,
					"trimmed": true,
					"sourceSize": {
						"w": 154,
						"h": 117
					},
					"spriteSourceSize": {
						"x": 1,
						"y": 2,
						"w": 153,
						"h": 113
					},
					"frame": {
						"x": 1238,
						"y": 1892,
						"w": 153,
						"h": 113
					},
					"anchor": {
						"x": 0.5,
						"y": 0.5
					}
				},
				{
					"filename": "eyeShieldQuint.png",
					"rotated": false,
					"trimmed": true,
					"sourceSize": {
						"w": 194,
						"h": 238
					},
					"spriteSourceSize": {
						"x": 3,
						"y": 0,
						"w": 188,
						"h": 70
					},
					"frame": {
						"x": 1711,
						"y": 1599,
						"w": 188,
						"h": 70
					},
					"anchor": {
						"x": 0.5,
						"y": 0.5
					}
				},
				{
					"filename": "shockEffect1.png",
					"rotated": false,
					"trimmed": false,
					"sourceSize": {
						"w": 125,
						"h": 125
					},
					"spriteSourceSize": {
						"x": 0,
						"y": 0,
						"w": 125,
						"h": 125
					},
					"frame": {
						"x": 1901,
						"y": 1599,
						"w": 125,
						"h": 125
					},
					"anchor": {
						"x": 0.5,
						"y": 0.5
					}
				},
				{
					"filename": "damageEffect3.png",
					"rotated": false,
					"trimmed": true,
					"sourceSize": {
						"w": 140,
						"h": 140
					},
					"spriteSourceSize": {
						"x": 3,
						"y": 3,
						"w": 134,
						"h": 134
					},
					"frame": {
						"x": 1595,
						"y": 1741,
						"w": 134,
						"h": 134
					},
					"anchor": {
						"x": 0.5,
						"y": 0.5
					}
				},
				{
					"filename": "damageEffect4.png",
					"rotated": false,
					"trimmed": true,
					"sourceSize": {
						"w": 140,
						"h": 140
					},
					"spriteSourceSize": {
						"x": 3,
						"y": 3,
						"w": 134,
						"h": 134
					},
					"frame": {
						"x": 1731,
						"y": 1671,
						"w": 134,
						"h": 134
					},
					"anchor": {
						"x": 0.5,
						"y": 0.5
					}
				},
				{
					"filename": "timeEffect2.png",
					"rotated": false,
					"trimmed": false,
					"sourceSize": {
						"w": 126,
						"h": 126
					},
					"spriteSourceSize": {
						"x": 0,
						"y": 0,
						"w": 126,
						"h": 126
					},
					"frame": {
						"x": 1731,
						"y": 1807,
						"w": 126,
						"h": 126
					},
					"anchor": {
						"x": 0.5,
						"y": 0.5
					}
				},
				{
					"filename": "shockEffect2.png",
					"rotated": false,
					"trimmed": false,
					"sourceSize": {
						"w": 125,
						"h": 125
					},
					"spriteSourceSize": {
						"x": 0,
						"y": 0,
						"w": 125,
						"h": 125
					},
					"frame": {
						"x": 1393,
						"y": 1892,
						"w": 125,
						"h": 125
					},
					"anchor": {
						"x": 0.5,
						"y": 0.5
					}
				},
				{
					"filename": "shockEffect3.png",
					"rotated": false,
					"trimmed": false,
					"sourceSize": {
						"w": 125,
						"h": 125
					},
					"spriteSourceSize": {
						"x": 0,
						"y": 0,
						"w": 125,
						"h": 125
					},
					"frame": {
						"x": 1520,
						"y": 1877,
						"w": 125,
						"h": 125
					},
					"anchor": {
						"x": 0.5,
						"y": 0.5
					}
				},
				{
					"filename": "weakenLines_01.png",
					"rotated": false,
					"trimmed": true,
					"sourceSize": {
						"w": 84,
						"h": 60
					},
					"spriteSourceSize": {
						"x": 1,
						"y": 3,
						"w": 82,
						"h": 56
					},
					"frame": {
						"x": 1647,
						"y": 1877,
						"w": 82,
						"h": 56
					},
					"anchor": {
						"x": 0.5,
						"y": 0.5
					}
				},
				{
					"filename": "timeEffect.png",
					"rotated": false,
					"trimmed": true,
					"sourceSize": {
						"w": 126,
						"h": 126
					},
					"spriteSourceSize": {
						"x": 19,
						"y": 19,
						"w": 88,
						"h": 88
					},
					"frame": {
						"x": 1824,
						"y": 907,
						"w": 88,
						"h": 88
					},
					"anchor": {
						"x": 0.5,
						"y": 0.5
					}
				},
				{
					"filename": "shockEffect4.png",
					"rotated": false,
					"trimmed": false,
					"sourceSize": {
						"w": 125,
						"h": 125
					},
					"spriteSourceSize": {
						"x": 0,
						"y": 0,
						"w": 125,
						"h": 125
					},
					"frame": {
						"x": 1867,
						"y": 1726,
						"w": 125,
						"h": 125
					},
					"anchor": {
						"x": 0.5,
						"y": 0.5
					}
				},
				{
					"filename": "matter_boost.png",
					"rotated": false,
					"trimmed": true,
					"sourceSize": {
						"w": 90,
						"h": 520
					},
					"spriteSourceSize": {
						"x": 10,
						"y": 7,
						"w": 71,
						"h": 97
					},
					"frame": {
						"x": 540,
						"y": 1938,
						"w": 71,
						"h": 97
					},
					"anchor": {
						"x": 0.5,
						"y": 0.5
					}
				},
				{
					"filename": "clockShieldSpin.png",
					"rotated": false,
					"trimmed": true,
					"sourceSize": {
						"w": 140,
						"h": 40
					},
					"spriteSourceSize": {
						"x": 2,
						"y": 7,
						"w": 131,
						"h": 32
					},
					"frame": {
						"x": 1595,
						"y": 503,
						"w": 131,
						"h": 32
					},
					"anchor": {
						"x": 0.5,
						"y": 0.5
					}
				},
				{
					"filename": "blackCircle.png",
					"rotated": false,
					"trimmed": true,
					"sourceSize": {
						"w": 80,
						"h": 80
					},
					"spriteSourceSize": {
						"x": 0,
						"y": 1,
						"w": 79,
						"h": 79
					},
					"frame": {
						"x": 1859,
						"y": 1853,
						"w": 79,
						"h": 79
					},
					"anchor": {
						"x": 0.5,
						"y": 0.5
					}
				},
				{
					"filename": "impact.png",
					"rotated": false,
					"trimmed": false,
					"sourceSize": {
						"w": 81,
						"h": 70
					},
					"spriteSourceSize": {
						"x": 0,
						"y": 0,
						"w": 81,
						"h": 70
					},
					"frame": {
						"x": 1647,
						"y": 1935,
						"w": 81,
						"h": 70
					},
					"anchor": {
						"x": 0.5,
						"y": 0.5
					}
				},
				{
					"filename": "weakenLines_00.png",
					"rotated": false,
					"trimmed": true,
					"sourceSize": {
						"w": 84,
						"h": 60
					},
					"spriteSourceSize": {
						"x": 0,
						"y": 0,
						"w": 83,
						"h": 60
					},
					"frame": {
						"x": 1730,
						"y": 1935,
						"w": 83,
						"h": 60
					},
					"anchor": {
						"x": 0.5,
						"y": 0.5
					}
				},
				{
					"filename": "blackCirclePlain.png",
					"rotated": false,
					"trimmed": false,
					"sourceSize": {
						"w": 44,
						"h": 44
					},
					"spriteSourceSize": {
						"x": 0,
						"y": 0,
						"w": 44,
						"h": 44
					},
					"frame": {
						"x": 613,
						"y": 1938,
						"w": 44,
						"h": 44
					},
					"anchor": {
						"x": 0.5,
						"y": 0.5
					}
				},
				{
					"filename": "matter_boost_glow.png",
					"rotated": false,
					"trimmed": true,
					"sourceSize": {
						"w": 90,
						"h": 520
					},
					"spriteSourceSize": {
						"x": 10,
						"y": 7,
						"w": 71,
						"h": 97
					},
					"frame": {
						"x": 1940,
						"y": 1853,
						"w": 71,
						"h": 97
					},
					"anchor": {
						"x": 0.5,
						"y": 0.5
					}
				},
				{
					"filename": "whiteCircle.png",
					"rotated": false,
					"trimmed": false,
					"sourceSize": {
						"w": 40,
						"h": 40
					},
					"spriteSourceSize": {
						"x": 0,
						"y": 0,
						"w": 40,
						"h": 40
					},
					"frame": {
						"x": 659,
						"y": 1096,
						"w": 40,
						"h": 40
					},
					"anchor": {
						"x": 0.5,
						"y": 0.5
					}
				},
				{
					"filename": "burnParticle5.png",
					"rotated": false,
					"trimmed": true,
					"sourceSize": {
						"w": 200,
						"h": 200
					},
					"spriteSourceSize": {
						"x": 78,
						"y": 88,
						"w": 44,
						"h": 35
					},
					"frame": {
						"x": 613,
						"y": 1984,
						"w": 44,
						"h": 35
					},
					"anchor": {
						"x": 0.5,
						"y": 0.5
					}
				},
				{
					"filename": "burnParticle1.png",
					"rotated": false,
					"trimmed": true,
					"sourceSize": {
						"w": 200,
						"h": 200
					},
					"spriteSourceSize": {
						"x": 72,
						"y": 79,
						"w": 54,
						"h": 59
					},
					"frame": {
						"x": 1653,
						"y": 1673,
						"w": 54,
						"h": 59
					},
					"anchor": {
						"x": 0.5,
						"y": 0.5
					}
				},
				{
					"filename": "burnParticle6.png",
					"rotated": false,
					"trimmed": true,
					"sourceSize": {
						"w": 200,
						"h": 200
					},
					"spriteSourceSize": {
						"x": 78,
						"y": 89,
						"w": 42,
						"h": 32
					},
					"frame": {
						"x": 1287,
						"y": 1138,
						"w": 42,
						"h": 32
					},
					"anchor": {
						"x": 0.5,
						"y": 0.5
					}
				},
				{
					"filename": "burnParticle4.png",
					"rotated": false,
					"trimmed": true,
					"sourceSize": {
						"w": 200,
						"h": 200
					},
					"spriteSourceSize": {
						"x": 80,
						"y": 88,
						"w": 36,
						"h": 37
					},
					"frame": {
						"x": 1462,
						"y": 1530,
						"w": 36,
						"h": 37
					},
					"anchor": {
						"x": 0.5,
						"y": 0.5
					}
				},
				{
					"filename": "burnParticle9.png",
					"rotated": false,
					"trimmed": true,
					"sourceSize": {
						"w": 200,
						"h": 200
					},
					"spriteSourceSize": {
						"x": 82,
						"y": 84,
						"w": 36,
						"h": 37
					},
					"frame": {
						"x": 1815,
						"y": 1935,
						"w": 36,
						"h": 37
					},
					"anchor": {
						"x": 0.5,
						"y": 0.5
					}
				},
				{
					"filename": "burnParticle7.png",
					"rotated": false,
					"trimmed": true,
					"sourceSize": {
						"w": 200,
						"h": 200
					},
					"spriteSourceSize": {
						"x": 80,
						"y": 89,
						"w": 39,
						"h": 32
					},
					"frame": {
						"x": 1728,
						"y": 503,
						"w": 39,
						"h": 32
					},
					"anchor": {
						"x": 0.5,
						"y": 0.5
					}
				},
				{
					"filename": "burnParticle3.png",
					"rotated": false,
					"trimmed": true,
					"sourceSize": {
						"w": 200,
						"h": 200
					},
					"spriteSourceSize": {
						"x": 82,
						"y": 92,
						"w": 34,
						"h": 34
					},
					"frame": {
						"x": 701,
						"y": 1096,
						"w": 34,
						"h": 34
					},
					"anchor": {
						"x": 0.5,
						"y": 0.5
					}
				},
				{
					"filename": "burnParticle8.png",
					"rotated": false,
					"trimmed": true,
					"sourceSize": {
						"w": 200,
						"h": 200
					},
					"spriteSourceSize": {
						"x": 82,
						"y": 89,
						"w": 36,
						"h": 32
					},
					"frame": {
						"x": 1769,
						"y": 503,
						"w": 36,
						"h": 32
					},
					"anchor": {
						"x": 0.5,
						"y": 0.5
					}
				},
				{
					"filename": "burnParticle10.png",
					"rotated": false,
					"trimmed": true,
					"sourceSize": {
						"w": 200,
						"h": 200
					},
					"spriteSourceSize": {
						"x": 84,
						"y": 87,
						"w": 34,
						"h": 34
					},
					"frame": {
						"x": 737,
						"y": 1096,
						"w": 34,
						"h": 34
					},
					"anchor": {
						"x": 0.5,
						"y": 0.5
					}
				},
				{
					"filename": "rock_chip.png",
					"rotated": false,
					"trimmed": false,
					"sourceSize": {
						"w": 20,
						"h": 20
					},
					"spriteSourceSize": {
						"x": 0,
						"y": 0,
						"w": 20,
						"h": 20
					},
					"frame": {
						"x": 440,
						"y": 1912,
						"w": 20,
						"h": 20
					},
					"anchor": {
						"x": 0.5,
						"y": 0.5
					}
				},
				{
					"filename": "burnParticle2.png",
					"rotated": false,
					"trimmed": true,
					"sourceSize": {
						"w": 200,
						"h": 200
					},
					"spriteSourceSize": {
						"x": 86,
						"y": 94,
						"w": 27,
						"h": 32
					},
					"frame": {
						"x": 1997,
						"y": 1,
						"w": 27,
						"h": 32
					},
					"anchor": {
						"x": 0.5,
						"y": 0.5
					}
				},
				{
					"filename": "burnParticle11.png",
					"rotated": false,
					"trimmed": true,
					"sourceSize": {
						"w": 200,
						"h": 200
					},
					"spriteSourceSize": {
						"x": 84,
						"y": 87,
						"w": 34,
						"h": 34
					},
					"frame": {
						"x": 1985,
						"y": 1444,
						"w": 34,
						"h": 34
					},
					"anchor": {
						"x": 0.5,
						"y": 0.5
					}
				},
				{
					"filename": "green_plus.png",
					"rotated": false,
					"trimmed": false,
					"sourceSize": {
						"w": 34,
						"h": 34
					},
					"spriteSourceSize": {
						"x": 0,
						"y": 0,
						"w": 34,
						"h": 34
					},
					"frame": {
						"x": 1985,
						"y": 1480,
						"w": 34,
						"h": 34
					},
					"anchor": {
						"x": 0.5,
						"y": 0.5
					}
				},
				{
					"filename": "burnParticle12.png",
					"rotated": false,
					"trimmed": true,
					"sourceSize": {
						"w": 200,
						"h": 200
					},
					"spriteSourceSize": {
						"x": 84,
						"y": 89,
						"w": 34,
						"h": 32
					},
					"frame": {
						"x": 1815,
						"y": 1974,
						"w": 34,
						"h": 32
					},
					"anchor": {
						"x": 0.5,
						"y": 0.5
					}
				},
				{
					"filename": "time_red_mini.png",
					"rotated": false,
					"trimmed": false,
					"sourceSize": {
						"w": 25,
						"h": 25
					},
					"spriteSourceSize": {
						"x": 0,
						"y": 0,
						"w": 25,
						"h": 25
					},
					"frame": {
						"x": 1867,
						"y": 1671,
						"w": 25,
						"h": 25
					},
					"anchor": {
						"x": 0.5,
						"y": 0.5
					}
				},
				{
					"filename": "voidParticle.png",
					"rotated": false,
					"trimmed": false,
					"sourceSize": {
						"w": 17,
						"h": 17
					},
					"spriteSourceSize": {
						"x": 0,
						"y": 0,
						"w": 17,
						"h": 17
					},
					"frame": {
						"x": 1994,
						"y": 1726,
						"w": 17,
						"h": 17
					},
					"anchor": {
						"x": 0.5,
						"y": 0.5
					}
				},
				{
					"filename": "burnParticle13.png",
					"rotated": false,
					"trimmed": true,
					"sourceSize": {
						"w": 200,
						"h": 200
					},
					"spriteSourceSize": {
						"x": 109,
						"y": 111,
						"w": 9,
						"h": 10
					},
					"frame": {
						"x": 301,
						"y": 1989,
						"w": 9,
						"h": 10
					},
					"anchor": {
						"x": 0.5,
						"y": 0.5
					}
				},
				{
					"filename": "blank.png",
					"rotated": false,
					"trimmed": true,
					"sourceSize": {
						"w": 2,
						"h": 2
					},
					"spriteSourceSize": {
						"x": 0,
						"y": 0,
						"w": 3,
						"h": 3
					},
					"frame": {
						"x": 1,
						"y": 2031,
						"w": 3,
						"h": 3
					},
					"anchor": {
						"x": 0.5,
						"y": 0.5
					}
				},
				{
					"filename": "damageEffect5.png",
					"rotated": false,
					"trimmed": true,
					"sourceSize": {
						"w": 100,
						"h": 100
					},
					"spriteSourceSize": {
						"x": 0,
						"y": 0,
						"w": 3,
						"h": 3
					},
					"frame": {
						"x": 1,
						"y": 2031,
						"w": 3,
						"h": 3
					},
					"anchor": {
						"x": 0.5,
						"y": 0.5
					}
				},
				{
					"filename": "shockEffect10.png",
					"rotated": false,
					"trimmed": true,
					"sourceSize": {
						"w": 125,
						"h": 125
					},
					"spriteSourceSize": {
						"x": 0,
						"y": 0,
						"w": 3,
						"h": 3
					},
					"frame": {
						"x": 1,
						"y": 2031,
						"w": 3,
						"h": 3
					},
					"anchor": {
						"x": 0.5,
						"y": 0.5
					}
				}
			]
		},
		{
			"image": "sprites/spells-1.png",
			"format": "RGBA8888",
			"size": {
				"w": 505,
				"h": 1083
			},
			"scale": 1,
			"frames": [
				{
					"filename": "blackHoleBig.png",
					"rotated": false,
					"trimmed": true,
					"sourceSize": {
						"w": 300,
						"h": 302
					},
					"spriteSourceSize": {
						"x": 12,
						"y": 13,
						"w": 280,
						"h": 228
					},
					"frame": {
						"x": 1,
						"y": 1,
						"w": 280,
						"h": 228
					},
					"anchor": {
						"x": 0.5,
						"y": 0.5
					}
				},
				{
					"filename": "rockglow.png",
					"rotated": false,
					"trimmed": false,
					"sourceSize": {
						"w": 170,
						"h": 170
					},
					"spriteSourceSize": {
						"x": 0,
						"y": 0,
						"w": 170,
						"h": 170
					},
					"frame": {
						"x": 283,
						"y": 1,
						"w": 170,
						"h": 170
					},
					"anchor": {
						"x": 0.5,
						"y": 0.5
					}
				},
				{
					"filename": "blackHolePre.png",
					"rotated": false,
					"trimmed": true,
					"sourceSize": {
						"w": 165,
						"h": 165
					},
					"spriteSourceSize": {
						"x": 2,
						"y": 8,
						"w": 161,
						"h": 156
					},
					"frame": {
						"x": 283,
						"y": 173,
						"w": 161,
						"h": 156
					},
					"anchor": {
						"x": 0.5,
						"y": 0.5
					}
				},
				{
					"filename": "shield_glow.png",
					"rotated": false,
					"trimmed": true,
					"sourceSize": {
						"w": 260,
						"h": 264
					},
					"spriteSourceSize": {
						"x": 0,
						"y": 0,
						"w": 260,
						"h": 141
					},
					"frame": {
						"x": 1,
						"y": 231,
						"w": 260,
						"h": 141
					},
					"anchor": {
						"x": 0.5,
						"y": 0.5
					}
				},
				{
					"filename": "shockEffect5.png",
					"rotated": false,
					"trimmed": false,
					"sourceSize": {
						"w": 125,
						"h": 125
					},
					"spriteSourceSize": {
						"x": 0,
						"y": 0,
						"w": 125,
						"h": 125
					},
					"frame": {
						"x": 263,
						"y": 331,
						"w": 125,
						"h": 125
					},
					"anchor": {
						"x": 0.5,
						"y": 0.5
					}
				},
				{
					"filename": "shockEffect.png",
					"rotated": false,
					"trimmed": true,
					"sourceSize": {
						"w": 125,
						"h": 125
					},
					"spriteSourceSize": {
						"x": 6,
						"y": 5,
						"w": 111,
						"h": 113
					},
					"frame": {
						"x": 390,
						"y": 331,
						"w": 111,
						"h": 113
					},
					"anchor": {
						"x": 0.5,
						"y": 0.5
					}
				},
				{
					"filename": "energyTarget1.png",
					"rotated": false,
					"trimmed": false,
					"sourceSize": {
						"w": 252,
						"h": 252
					},
					"spriteSourceSize": {
						"x": 0,
						"y": 0,
						"w": 252,
						"h": 252
					},
					"frame": {
						"x": 1,
						"y": 374,
						"w": 252,
						"h": 252
					},
					"anchor": {
						"x": 0.5,
						"y": 0.5
					}
				},
				{
					"filename": "rock_bg.png",
					"rotated": false,
					"trimmed": true,
					"sourceSize": {
						"w": 250,
						"h": 250
					},
					"spriteSourceSize": {
						"x": 1,
						"y": 1,
						"w": 249,
						"h": 249
					},
					"frame": {
						"x": 255,
						"y": 458,
						"w": 249,
						"h": 249
					},
					"anchor": {
						"x": 0.5,
						"y": 0.5
					}
				},
				{
					"filename": "energyTarget2.png",
					"rotated": false,
					"trimmed": false,
					"sourceSize": {
						"w": 252,
						"h": 252
					},
					"spriteSourceSize": {
						"x": 0,
						"y": 0,
						"w": 252,
						"h": 252
					},
					"frame": {
						"x": 1,
						"y": 628,
						"w": 252,
						"h": 252
					},
					"anchor": {
						"x": 0.5,
						"y": 0.5
					}
				},
				{
					"filename": "blackCircleLarge.png",
					"rotated": false,
					"trimmed": true,
					"sourceSize": {
						"w": 250,
						"h": 250
					},
					"spriteSourceSize": {
						"x": 1,
						"y": 1,
						"w": 248,
						"h": 248
					},
					"frame": {
						"x": 255,
						"y": 709,
						"w": 248,
						"h": 248
					},
					"anchor": {
						"x": 0.5,
						"y": 0.5
					}
				},
				{
					"filename": "shockEffect7.png",
					"rotated": false,
					"trimmed": true,
					"sourceSize": {
						"w": 125,
						"h": 125
					},
					"spriteSourceSize": {
						"x": 2,
						"y": 1,
						"w": 122,
						"h": 123
					},
					"frame": {
						"x": 1,
						"y": 959,
						"w": 122,
						"h": 123
					},
					"anchor": {
						"x": 0.5,
						"y": 0.5
					}
				},
				{
					"filename": "shockEffect6.png",
					"rotated": false,
					"trimmed": false,
					"sourceSize": {
						"w": 125,
						"h": 125
					},
					"spriteSourceSize": {
						"x": 0,
						"y": 0,
						"w": 125,
						"h": 125
					},
					"frame": {
						"x": 125,
						"y": 882,
						"w": 125,
						"h": 125
					},
					"anchor": {
						"x": 0.5,
						"y": 0.5
					}
				},
				{
					"filename": "shockEffect8.png",
					"rotated": false,
					"trimmed": true,
					"sourceSize": {
						"w": 125,
						"h": 125
					},
					"spriteSourceSize": {
						"x": 2,
						"y": 2,
						"w": 121,
						"h": 121
					},
					"frame": {
						"x": 252,
						"y": 959,
						"w": 121,
						"h": 121
					},
					"anchor": {
						"x": 0.5,
						"y": 0.5
					}
				},
				{
					"filename": "shockEffect9.png",
					"rotated": false,
					"trimmed": true,
					"sourceSize": {
						"w": 125,
						"h": 125
					},
					"spriteSourceSize": {
						"x": 3,
						"y": 2,
						"w": 120,
						"h": 121
					},
					"frame": {
						"x": 375,
						"y": 959,
						"w": 120,
						"h": 121
					},
					"anchor": {
						"x": 0.5,
						"y": 0.5
					}
				}
			]
		}
	],
	"meta": {
		"app": "https://www.codeandweb.com/texturepacker",
		"version": "3.0",
		"smartupdate": "$TexturePacker:SmartUpdate:4b2075c803af24939a9d5a2561e2e41f:5611bf898a2da373153f6e1e413f556a:c357989966e3ba71c701d894923dde60$"
	}
}
