{
	"textures": [
		{
			"image": "sprites/tutorial-0.webp",
			"format": "RGBA8888",
			"size": {
				"w": 1024,
				"h": 1168
			},
			"scale": 1,
			"frames": [
				{
					"filename": "encyclopedia1.png",
					"rotated": false,
					"trimmed": true,
					"sourceSize": {
						"w": 614,
						"h": 667
					},
					"spriteSourceSize": {
						"x": 11,
						"y": 5,
						"w": 594,
						"h": 651
					},
					"frame": {
						"x": 1,
						"y": 1,
						"w": 594,
						"h": 651
					},
					"anchor": {
						"x": 0.5,
						"y": 0.5
					}
				},
				{
					"filename": "tab.png",
					"rotated": false,
					"trimmed": false,
					"sourceSize": {
						"w": 155,
						"h": 229
					},
					"spriteSourceSize": {
						"x": 0,
						"y": 0,
						"w": 155,
						"h": 229
					},
					"frame": {
						"x": 597,
						"y": 1,
						"w": 155,
						"h": 229
					},
					"anchor": {
						"x": 0.5,
						"y": 0.5
					}
				},
				{
					"filename": "side_tab.png",
					"rotated": false,
					"trimmed": true,
					"sourceSize": {
						"w": 234,
						"h": 134
					},
					"spriteSourceSize": {
						"x": 4,
						"y": 3,
						"w": 230,
						"h": 128
					},
					"frame": {
						"x": 754,
						"y": 1,
						"w": 230,
						"h": 128
					},
					"anchor": {
						"x": 0.5,
						"y": 0.5
					}
				},
				{
					"filename": "blank.png",
					"rotated": false,
					"trimmed": true,
					"sourceSize": {
						"w": 2,
						"h": 2
					},
					"spriteSourceSize": {
						"x": 0,
						"y": 0,
						"w": 3,
						"h": 3
					},
					"frame": {
						"x": 986,
						"y": 1,
						"w": 3,
						"h": 3
					},
					"anchor": {
						"x": 0.5,
						"y": 0.5
					}
				},
				{
					"filename": "tut_matter_enhance.png",
					"rotated": false,
					"trimmed": false,
					"sourceSize": {
						"w": 150,
						"h": 150
					},
					"spriteSourceSize": {
						"x": 0,
						"y": 0,
						"w": 150,
						"h": 150
					},
					"frame": {
						"x": 754,
						"y": 131,
						"w": 150,
						"h": 150
					},
					"anchor": {
						"x": 0.5,
						"y": 0.5
					}
				},
				{
					"filename": "rune_strike_large.png",
					"rotated": false,
					"trimmed": false,
					"sourceSize": {
						"w": 104,
						"h": 90
					},
					"spriteSourceSize": {
						"x": 0,
						"y": 0,
						"w": 104,
						"h": 90
					},
					"frame": {
						"x": 906,
						"y": 131,
						"w": 104,
						"h": 90
					},
					"anchor": {
						"x": 0.5,
						"y": 0.5
					}
				},
				{
					"filename": "rune_enhance_large.png",
					"rotated": false,
					"trimmed": false,
					"sourceSize": {
						"w": 104,
						"h": 80
					},
					"spriteSourceSize": {
						"x": 0,
						"y": 0,
						"w": 104,
						"h": 80
					},
					"frame": {
						"x": 906,
						"y": 223,
						"w": 104,
						"h": 80
					},
					"anchor": {
						"x": 0.5,
						"y": 0.5
					}
				},
				{
					"filename": "tut_matter_reinforce.png",
					"rotated": false,
					"trimmed": false,
					"sourceSize": {
						"w": 150,
						"h": 150
					},
					"spriteSourceSize": {
						"x": 0,
						"y": 0,
						"w": 150,
						"h": 150
					},
					"frame": {
						"x": 597,
						"y": 232,
						"w": 150,
						"h": 150
					},
					"anchor": {
						"x": 0.5,
						"y": 0.5
					}
				},
				{
					"filename": "tut_matter_shield.png",
					"rotated": false,
					"trimmed": false,
					"sourceSize": {
						"w": 150,
						"h": 150
					},
					"spriteSourceSize": {
						"x": 0,
						"y": 0,
						"w": 150,
						"h": 150
					},
					"frame": {
						"x": 749,
						"y": 283,
						"w": 150,
						"h": 150
					},
					"anchor": {
						"x": 0.5,
						"y": 0.5
					}
				},
				{
					"filename": "rune_time_large.png",
					"rotated": false,
					"trimmed": false,
					"sourceSize": {
						"w": 104,
						"h": 80
					},
					"spriteSourceSize": {
						"x": 0,
						"y": 0,
						"w": 104,
						"h": 80
					},
					"frame": {
						"x": 901,
						"y": 305,
						"w": 104,
						"h": 80
					},
					"anchor": {
						"x": 0.5,
						"y": 0.5
					}
				},
				{
					"filename": "rune_matter_large.png",
					"rotated": false,
					"trimmed": true,
					"sourceSize": {
						"w": 104,
						"h": 80
					},
					"spriteSourceSize": {
						"x": 7,
						"y": 3,
						"w": 93,
						"h": 76
					},
					"frame": {
						"x": 901,
						"y": 387,
						"w": 93,
						"h": 76
					},
					"anchor": {
						"x": 0.5,
						"y": 0.5
					}
				},
				{
					"filename": "tut_matter_strike.png",
					"rotated": false,
					"trimmed": false,
					"sourceSize": {
						"w": 150,
						"h": 150
					},
					"spriteSourceSize": {
						"x": 0,
						"y": 0,
						"w": 150,
						"h": 150
					},
					"frame": {
						"x": 597,
						"y": 384,
						"w": 150,
						"h": 150
					},
					"anchor": {
						"x": 0.5,
						"y": 0.5
					}
				},
				{
					"filename": "tut_matter_unload.png",
					"rotated": false,
					"trimmed": false,
					"sourceSize": {
						"w": 150,
						"h": 150
					},
					"spriteSourceSize": {
						"x": 0,
						"y": 0,
						"w": 150,
						"h": 150
					},
					"frame": {
						"x": 749,
						"y": 435,
						"w": 150,
						"h": 150
					},
					"anchor": {
						"x": 0.5,
						"y": 0.5
					}
				},
				{
					"filename": "rune_protect_large.png",
					"rotated": false,
					"trimmed": true,
					"sourceSize": {
						"w": 104,
						"h": 90
					},
					"spriteSourceSize": {
						"x": 9,
						"y": 5,
						"w": 85,
						"h": 81
					},
					"frame": {
						"x": 901,
						"y": 465,
						"w": 85,
						"h": 81
					},
					"anchor": {
						"x": 0.5,
						"y": 0.5
					}
				},
				{
					"filename": "rune_reinforce_large.png",
					"rotated": false,
					"trimmed": true,
					"sourceSize": {
						"w": 104,
						"h": 90
					},
					"spriteSourceSize": {
						"x": 8,
						"y": 7,
						"w": 84,
						"h": 76
					},
					"frame": {
						"x": 901,
						"y": 548,
						"w": 84,
						"h": 76
					},
					"anchor": {
						"x": 0.5,
						"y": 0.5
					}
				},
				{
					"filename": "tut_mind_enhance.png",
					"rotated": false,
					"trimmed": false,
					"sourceSize": {
						"w": 150,
						"h": 150
					},
					"spriteSourceSize": {
						"x": 0,
						"y": 0,
						"w": 150,
						"h": 150
					},
					"frame": {
						"x": 597,
						"y": 536,
						"w": 150,
						"h": 150
					},
					"anchor": {
						"x": 0.5,
						"y": 0.5
					}
				},
				{
					"filename": "tut_mind_reinforce.png",
					"rotated": false,
					"trimmed": false,
					"sourceSize": {
						"w": 150,
						"h": 150
					},
					"spriteSourceSize": {
						"x": 0,
						"y": 0,
						"w": 150,
						"h": 150
					},
					"frame": {
						"x": 749,
						"y": 587,
						"w": 150,
						"h": 150
					},
					"anchor": {
						"x": 0.5,
						"y": 0.5
					}
				},
				{
					"filename": "rune_void_large.png",
					"rotated": false,
					"trimmed": true,
					"sourceSize": {
						"w": 104,
						"h": 80
					},
					"spriteSourceSize": {
						"x": 12,
						"y": 0,
						"w": 77,
						"h": 80
					},
					"frame": {
						"x": 901,
						"y": 626,
						"w": 77,
						"h": 80
					},
					"anchor": {
						"x": 0.5,
						"y": 0.5
					}
				},
				{
					"filename": "rune_question_large.png",
					"rotated": false,
					"trimmed": true,
					"sourceSize": {
						"w": 104,
						"h": 80
					},
					"spriteSourceSize": {
						"x": 32,
						"y": 4,
						"w": 43,
						"h": 71
					},
					"frame": {
						"x": 980,
						"y": 626,
						"w": 43,
						"h": 71
					},
					"anchor": {
						"x": 0.5,
						"y": 0.5
					}
				},
				{
					"filename": "rune_unload_large.png",
					"rotated": false,
					"trimmed": true,
					"sourceSize": {
						"w": 104,
						"h": 80
					},
					"spriteSourceSize": {
						"x": 14,
						"y": 3,
						"w": 76,
						"h": 76
					},
					"frame": {
						"x": 901,
						"y": 708,
						"w": 76,
						"h": 76
					},
					"anchor": {
						"x": 0.5,
						"y": 0.5
					}
				},
				{
					"filename": "popupTutorial.png",
					"rotated": false,
					"trimmed": false,
					"sourceSize": {
						"w": 529,
						"h": 321
					},
					"spriteSourceSize": {
						"x": 0,
						"y": 0,
						"w": 529,
						"h": 321
					},
					"frame": {
						"x": 1,
						"y": 654,
						"w": 529,
						"h": 321
					},
					"anchor": {
						"x": 0.5,
						"y": 0.5
					}
				},
				{
					"filename": "rune_energy_large.png",
					"rotated": false,
					"trimmed": true,
					"sourceSize": {
						"w": 104,
						"h": 90
					},
					"spriteSourceSize": {
						"x": 19,
						"y": 3,
						"w": 63,
						"h": 86
					},
					"frame": {
						"x": 532,
						"y": 654,
						"w": 63,
						"h": 86
					},
					"anchor": {
						"x": 0.5,
						"y": 0.5
					}
				},
				{
					"filename": "tut_mind_shield.png",
					"rotated": false,
					"trimmed": false,
					"sourceSize": {
						"w": 150,
						"h": 150
					},
					"spriteSourceSize": {
						"x": 0,
						"y": 0,
						"w": 150,
						"h": 150
					},
					"frame": {
						"x": 597,
						"y": 688,
						"w": 150,
						"h": 150
					},
					"anchor": {
						"x": 0.5,
						"y": 0.5
					}
				},
				{
					"filename": "plus_symbol.png",
					"rotated": false,
					"trimmed": true,
					"sourceSize": {
						"w": 50,
						"h": 50
					},
					"spriteSourceSize": {
						"x": 2,
						"y": 1,
						"w": 46,
						"h": 47
					},
					"frame": {
						"x": 532,
						"y": 742,
						"w": 46,
						"h": 47
					},
					"anchor": {
						"x": 0.5,
						"y": 0.5
					}
				},
				{
					"filename": "tut_mind_strike.png",
					"rotated": false,
					"trimmed": false,
					"sourceSize": {
						"w": 150,
						"h": 150
					},
					"spriteSourceSize": {
						"x": 0,
						"y": 0,
						"w": 150,
						"h": 150
					},
					"frame": {
						"x": 749,
						"y": 739,
						"w": 150,
						"h": 150
					},
					"anchor": {
						"x": 0.5,
						"y": 0.5
					}
				},
				{
					"filename": "closetutorial.png",
					"rotated": false,
					"trimmed": true,
					"sourceSize": {
						"w": 70,
						"h": 70
					},
					"spriteSourceSize": {
						"x": 0,
						"y": 2,
						"w": 68,
						"h": 67
					},
					"frame": {
						"x": 901,
						"y": 786,
						"w": 68,
						"h": 67
					},
					"anchor": {
						"x": 0.5,
						"y": 0.5
					}
				},
				{
					"filename": "closetutorial_hover.png",
					"rotated": false,
					"trimmed": true,
					"sourceSize": {
						"w": 70,
						"h": 70
					},
					"spriteSourceSize": {
						"x": 0,
						"y": 2,
						"w": 68,
						"h": 67
					},
					"frame": {
						"x": 901,
						"y": 855,
						"w": 68,
						"h": 67
					},
					"anchor": {
						"x": 0.5,
						"y": 0.5
					}
				},
				{
					"filename": "tut_mind_unload.png",
					"rotated": false,
					"trimmed": false,
					"sourceSize": {
						"w": 150,
						"h": 150
					},
					"spriteSourceSize": {
						"x": 0,
						"y": 0,
						"w": 150,
						"h": 150
					},
					"frame": {
						"x": 532,
						"y": 840,
						"w": 150,
						"h": 150
					},
					"anchor": {
						"x": 0.5,
						"y": 0.5
					}
				},
				{
					"filename": "tut_time_enhance.png",
					"rotated": false,
					"trimmed": false,
					"sourceSize": {
						"w": 150,
						"h": 150
					},
					"spriteSourceSize": {
						"x": 0,
						"y": 0,
						"w": 150,
						"h": 150
					},
					"frame": {
						"x": 684,
						"y": 891,
						"w": 150,
						"h": 150
					},
					"anchor": {
						"x": 0.5,
						"y": 0.5
					}
				},
				{
					"filename": "tut_time_reinforce.png",
					"rotated": false,
					"trimmed": false,
					"sourceSize": {
						"w": 150,
						"h": 150
					},
					"spriteSourceSize": {
						"x": 0,
						"y": 0,
						"w": 150,
						"h": 150
					},
					"frame": {
						"x": 836,
						"y": 924,
						"w": 150,
						"h": 150
					},
					"anchor": {
						"x": 0.5,
						"y": 0.5
					}
				},
				{
					"filename": "tut_time_strike.png",
					"rotated": false,
					"trimmed": false,
					"sourceSize": {
						"w": 150,
						"h": 150
					},
					"spriteSourceSize": {
						"x": 0,
						"y": 0,
						"w": 150,
						"h": 150
					},
					"frame": {
						"x": 836,
						"y": 924,
						"w": 150,
						"h": 150
					},
					"anchor": {
						"x": 0.5,
						"y": 0.5
					}
				},
				{
					"filename": "tut_time_unload.png",
					"rotated": false,
					"trimmed": false,
					"sourceSize": {
						"w": 150,
						"h": 150
					},
					"spriteSourceSize": {
						"x": 0,
						"y": 0,
						"w": 150,
						"h": 150
					},
					"frame": {
						"x": 836,
						"y": 924,
						"w": 150,
						"h": 150
					},
					"anchor": {
						"x": 0.5,
						"y": 0.5
					}
				},
				{
					"filename": "tut_time_shield.png",
					"rotated": false,
					"trimmed": false,
					"sourceSize": {
						"w": 150,
						"h": 150
					},
					"spriteSourceSize": {
						"x": 0,
						"y": 0,
						"w": 150,
						"h": 150
					},
					"frame": {
						"x": 1,
						"y": 977,
						"w": 150,
						"h": 150
					},
					"anchor": {
						"x": 0.5,
						"y": 0.5
					}
				},
				{
					"filename": "tut_void_enhance.png",
					"rotated": false,
					"trimmed": false,
					"sourceSize": {
						"w": 150,
						"h": 150
					},
					"spriteSourceSize": {
						"x": 0,
						"y": 0,
						"w": 150,
						"h": 150
					},
					"frame": {
						"x": 153,
						"y": 977,
						"w": 150,
						"h": 150
					},
					"anchor": {
						"x": 0.5,
						"y": 0.5
					}
				},
				{
					"filename": "tut_void_protect.png",
					"rotated": false,
					"trimmed": false,
					"sourceSize": {
						"w": 150,
						"h": 150
					},
					"spriteSourceSize": {
						"x": 0,
						"y": 0,
						"w": 150,
						"h": 150
					},
					"frame": {
						"x": 153,
						"y": 977,
						"w": 150,
						"h": 150
					},
					"anchor": {
						"x": 0.5,
						"y": 0.5
					}
				},
				{
					"filename": "tut_void_reinforce.png",
					"rotated": false,
					"trimmed": false,
					"sourceSize": {
						"w": 150,
						"h": 150
					},
					"spriteSourceSize": {
						"x": 0,
						"y": 0,
						"w": 150,
						"h": 150
					},
					"frame": {
						"x": 153,
						"y": 977,
						"w": 150,
						"h": 150
					},
					"anchor": {
						"x": 0.5,
						"y": 0.5
					}
				},
				{
					"filename": "tut_void_strike.png",
					"rotated": false,
					"trimmed": false,
					"sourceSize": {
						"w": 150,
						"h": 150
					},
					"spriteSourceSize": {
						"x": 0,
						"y": 0,
						"w": 150,
						"h": 150
					},
					"frame": {
						"x": 153,
						"y": 977,
						"w": 150,
						"h": 150
					},
					"anchor": {
						"x": 0.5,
						"y": 0.5
					}
				},
				{
					"filename": "tut_void_unload.png",
					"rotated": false,
					"trimmed": false,
					"sourceSize": {
						"w": 150,
						"h": 150
					},
					"spriteSourceSize": {
						"x": 0,
						"y": 0,
						"w": 150,
						"h": 150
					},
					"frame": {
						"x": 153,
						"y": 977,
						"w": 150,
						"h": 150
					},
					"anchor": {
						"x": 0.5,
						"y": 0.5
					}
				},
				{
					"filename": "rune_highlight.png",
					"rotated": false,
					"trimmed": false,
					"sourceSize": {
						"w": 125,
						"h": 125
					},
					"spriteSourceSize": {
						"x": 0,
						"y": 0,
						"w": 125,
						"h": 125
					},
					"frame": {
						"x": 305,
						"y": 977,
						"w": 125,
						"h": 125
					},
					"anchor": {
						"x": 0.5,
						"y": 0.5
					}
				},
				{
					"filename": "closetutorial_hover_press.png",
					"rotated": false,
					"trimmed": true,
					"sourceSize": {
						"w": 70,
						"h": 70
					},
					"spriteSourceSize": {
						"x": 0,
						"y": 2,
						"w": 68,
						"h": 67
					},
					"frame": {
						"x": 432,
						"y": 977,
						"w": 68,
						"h": 67
					},
					"anchor": {
						"x": 0.5,
						"y": 0.5
					}
				},
				{
					"filename": "popupClose.png",
					"rotated": false,
					"trimmed": false,
					"sourceSize": {
						"w": 168,
						"h": 58
					},
					"spriteSourceSize": {
						"x": 0,
						"y": 0,
						"w": 168,
						"h": 58
					},
					"frame": {
						"x": 502,
						"y": 992,
						"w": 168,
						"h": 58
					},
					"anchor": {
						"x": 0.5,
						"y": 0.5
					}
				},
				{
					"filename": "title.png",
					"rotated": false,
					"trimmed": false,
					"sourceSize": {
						"w": 270,
						"h": 55
					},
					"spriteSourceSize": {
						"x": 0,
						"y": 0,
						"w": 270,
						"h": 55
					},
					"frame": {
						"x": 432,
						"y": 1052,
						"w": 270,
						"h": 55
					},
					"anchor": {
						"x": 0.5,
						"y": 0.5
					}
				},
				{
					"filename": "popupClose_hover.png",
					"rotated": false,
					"trimmed": false,
					"sourceSize": {
						"w": 168,
						"h": 58
					},
					"spriteSourceSize": {
						"x": 0,
						"y": 0,
						"w": 168,
						"h": 58
					},
					"frame": {
						"x": 704,
						"y": 1076,
						"w": 168,
						"h": 58
					},
					"anchor": {
						"x": 0.5,
						"y": 0.5
					}
				},
				{
					"filename": "popupClose_press.png",
					"rotated": false,
					"trimmed": false,
					"sourceSize": {
						"w": 168,
						"h": 58
					},
					"spriteSourceSize": {
						"x": 0,
						"y": 0,
						"w": 168,
						"h": 58
					},
					"frame": {
						"x": 305,
						"y": 1109,
						"w": 168,
						"h": 58
					},
					"anchor": {
						"x": 0.5,
						"y": 0.5
					}
				}
			]
		}
	],
	"meta": {
		"app": "https://www.codeandweb.com/texturepacker",
		"version": "3.0",
		"smartupdate": "$TexturePacker:SmartUpdate:0c03230765e4c0bd2fdb1fe79d3c8bde:c0db87c6cf322abee8ba4cb11747d8bb:77e5ef39ce5a344d4157739a7d363d2d$"
	}
}
