{
	"textures": [
		{
			"image": "sprites/ui-0.webp",
			"format": "RGBA5555",
			"size": {
				"w": 1544,
				"h": 1888
			},
			"scale": 1,
			"frames": [
				{
					"filename": "paper.png",
					"rotated": false,
					"trimmed": true,
					"sourceSize": {
						"w": 614,
						"h": 667
					},
					"spriteSourceSize": {
						"x": 14,
						"y": 8,
						"w": 588,
						"h": 645
					},
					"frame": {
						"x": 1,
						"y": 1,
						"w": 588,
						"h": 645
					},
					"anchor": {
						"x": 0.5,
						"y": 0.5
					}
				},
				{
					"filename": "battleOverScreen.png",
					"rotated": false,
					"trimmed": true,
					"sourceSize": {
						"w": 573,
						"h": 623
					},
					"spriteSourceSize": {
						"x": 9,
						"y": 5,
						"w": 555,
						"h": 614
					},
					"frame": {
						"x": 1,
						"y": 648,
						"w": 555,
						"h": 614
					},
					"anchor": {
						"x": 0.5,
						"y": 0.5
					}
				},
				{
					"filename": "magician_paper.png",
					"rotated": false,
					"trimmed": true,
					"sourceSize": {
						"w": 614,
						"h": 667
					},
					"spriteSourceSize": {
						"x": 62,
						"y": 39,
						"w": 491,
						"h": 558
					},
					"frame": {
						"x": 591,
						"y": 1,
						"w": 491,
						"h": 558
					},
					"anchor": {
						"x": 0.5,
						"y": 0.5
					}
				},
				{
					"filename": "newgame_paper.png",
					"rotated": false,
					"trimmed": true,
					"sourceSize": {
						"w": 570,
						"h": 660
					},
					"spriteSourceSize": {
						"x": 59,
						"y": 74,
						"w": 469,
						"h": 575
					},
					"frame": {
						"x": 1,
						"y": 1264,
						"w": 469,
						"h": 575
					},
					"anchor": {
						"x": 0.5,
						"y": 0.5
					}
				},
				{
					"filename": "credits.png",
					"rotated": false,
					"trimmed": false,
					"sourceSize": {
						"w": 450,
						"h": 550
					},
					"spriteSourceSize": {
						"x": 0,
						"y": 0,
						"w": 450,
						"h": 550
					},
					"frame": {
						"x": 1084,
						"y": 1,
						"w": 450,
						"h": 550
					},
					"anchor": {
						"x": 0.5,
						"y": 0.5
					}
				},
				{
					"filename": "slider.png",
					"rotated": false,
					"trimmed": true,
					"sourceSize": {
						"w": 351,
						"h": 64
					},
					"spriteSourceSize": {
						"x": 23,
						"y": 9,
						"w": 305,
						"h": 46
					},
					"frame": {
						"x": 1,
						"y": 1841,
						"w": 305,
						"h": 46
					},
					"anchor": {
						"x": 0.5,
						"y": 0.5
					}
				},
				{
					"filename": "wall_paper.png",
					"rotated": false,
					"trimmed": true,
					"sourceSize": {
						"w": 614,
						"h": 667
					},
					"spriteSourceSize": {
						"x": 39,
						"y": 60,
						"w": 538,
						"h": 264
					},
					"frame": {
						"x": 591,
						"y": 561,
						"w": 538,
						"h": 264
					},
					"anchor": {
						"x": 0.5,
						"y": 0.5
					}
				},
				{
					"filename": "gobbo_paper.png",
					"rotated": false,
					"trimmed": true,
					"sourceSize": {
						"w": 614,
						"h": 667
					},
					"spriteSourceSize": {
						"x": 46,
						"y": 68,
						"w": 515,
						"h": 467
					},
					"frame": {
						"x": 558,
						"y": 827,
						"w": 515,
						"h": 467
					},
					"anchor": {
						"x": 0.5,
						"y": 0.5
					}
				},
				{
					"filename": "small_paper.png",
					"rotated": false,
					"trimmed": true,
					"sourceSize": {
						"w": 440,
						"h": 231
					},
					"spriteSourceSize": {
						"x": 14,
						"y": 8,
						"w": 412,
						"h": 215
					},
					"frame": {
						"x": 1131,
						"y": 553,
						"w": 412,
						"h": 215
					},
					"anchor": {
						"x": 0.5,
						"y": 0.5
					}
				},
				{
					"filename": "tree_paper.png",
					"rotated": false,
					"trimmed": true,
					"sourceSize": {
						"w": 614,
						"h": 667
					},
					"spriteSourceSize": {
						"x": 120,
						"y": 53,
						"w": 394,
						"h": 397
					},
					"frame": {
						"x": 472,
						"y": 1296,
						"w": 394,
						"h": 397
					},
					"anchor": {
						"x": 0.5,
						"y": 0.5
					}
				},
				{
					"filename": "knight_paper.png",
					"rotated": false,
					"trimmed": true,
					"sourceSize": {
						"w": 614,
						"h": 667
					},
					"spriteSourceSize": {
						"x": 182,
						"y": 44,
						"w": 272,
						"h": 351
					},
					"frame": {
						"x": 868,
						"y": 1296,
						"w": 272,
						"h": 351
					},
					"anchor": {
						"x": 0.5,
						"y": 0.5
					}
				},
				{
					"filename": "secretcode.png",
					"rotated": false,
					"trimmed": true,
					"sourceSize": {
						"w": 614,
						"h": 774
					},
					"spriteSourceSize": {
						"x": 85,
						"y": 427,
						"w": 439,
						"h": 186
					},
					"frame": {
						"x": 472,
						"y": 1695,
						"w": 439,
						"h": 186
					},
					"anchor": {
						"x": 0.5,
						"y": 0.5
					}
				},
				{
					"filename": "robot_paper.png",
					"rotated": false,
					"trimmed": true,
					"sourceSize": {
						"w": 614,
						"h": 667
					},
					"spriteSourceSize": {
						"x": 133,
						"y": 46,
						"w": 336,
						"h": 349
					},
					"frame": {
						"x": 1075,
						"y": 827,
						"w": 336,
						"h": 349
					},
					"anchor": {
						"x": 0.5,
						"y": 0.5
					}
				},
				{
					"filename": "mantis_paper.png",
					"rotated": false,
					"trimmed": true,
					"sourceSize": {
						"w": 614,
						"h": 667
					},
					"spriteSourceSize": {
						"x": 152,
						"y": 46,
						"w": 319,
						"h": 280
					},
					"frame": {
						"x": 1142,
						"y": 1178,
						"w": 319,
						"h": 280
					},
					"anchor": {
						"x": 0.5,
						"y": 0.5
					}
				},
				{
					"filename": "more.png",
					"rotated": false,
					"trimmed": true,
					"sourceSize": {
						"w": 339,
						"h": 61
					},
					"spriteSourceSize": {
						"x": 4,
						"y": 4,
						"w": 331,
						"h": 54
					},
					"frame": {
						"x": 1131,
						"y": 770,
						"w": 331,
						"h": 54
					},
					"anchor": {
						"x": 0.5,
						"y": 0.5
					}
				},
				{
					"filename": "practice.png",
					"rotated": false,
					"trimmed": false,
					"sourceSize": {
						"w": 340,
						"h": 61
					},
					"spriteSourceSize": {
						"x": 0,
						"y": 0,
						"w": 340,
						"h": 61
					},
					"frame": {
						"x": 1142,
						"y": 1460,
						"w": 340,
						"h": 61
					},
					"anchor": {
						"x": 0.5,
						"y": 0.5
					}
				},
				{
					"filename": "practice_hover.png",
					"rotated": false,
					"trimmed": true,
					"sourceSize": {
						"w": 342,
						"h": 63
					},
					"spriteSourceSize": {
						"x": 1,
						"y": 1,
						"w": 340,
						"h": 61
					},
					"frame": {
						"x": 1142,
						"y": 1523,
						"w": 340,
						"h": 61
					},
					"anchor": {
						"x": 0.5,
						"y": 0.5
					}
				},
				{
					"filename": "practice_press.png",
					"rotated": false,
					"trimmed": true,
					"sourceSize": {
						"w": 342,
						"h": 63
					},
					"spriteSourceSize": {
						"x": 1,
						"y": 1,
						"w": 340,
						"h": 61
					},
					"frame": {
						"x": 1142,
						"y": 1586,
						"w": 340,
						"h": 61
					},
					"anchor": {
						"x": 0.5,
						"y": 0.5
					}
				},
				{
					"filename": "more_hover.png",
					"rotated": false,
					"trimmed": true,
					"sourceSize": {
						"w": 341,
						"h": 63
					},
					"spriteSourceSize": {
						"x": 5,
						"y": 5,
						"w": 331,
						"h": 54
					},
					"frame": {
						"x": 913,
						"y": 1649,
						"w": 331,
						"h": 54
					},
					"anchor": {
						"x": 0.5,
						"y": 0.5
					}
				},
				{
					"filename": "more_press.png",
					"rotated": false,
					"trimmed": true,
					"sourceSize": {
						"w": 341,
						"h": 63
					},
					"spriteSourceSize": {
						"x": 5,
						"y": 5,
						"w": 331,
						"h": 54
					},
					"frame": {
						"x": 913,
						"y": 1705,
						"w": 331,
						"h": 54
					},
					"anchor": {
						"x": 0.5,
						"y": 0.5
					}
				},
				{
					"filename": "paperTab_glow_sideways.png",
					"rotated": false,
					"trimmed": true,
					"sourceSize": {
						"w": 180,
						"h": 117
					},
					"spriteSourceSize": {
						"x": 8,
						"y": 1,
						"w": 172,
						"h": 114
					},
					"frame": {
						"x": 913,
						"y": 1761,
						"w": 172,
						"h": 114
					},
					"anchor": {
						"x": 0.5,
						"y": 0.5
					}
				},
				{
					"filename": "paperTab_press_sideways.png",
					"rotated": false,
					"trimmed": true,
					"sourceSize": {
						"w": 180,
						"h": 117
					},
					"spriteSourceSize": {
						"x": 17,
						"y": 9,
						"w": 163,
						"h": 99
					},
					"frame": {
						"x": 1246,
						"y": 1649,
						"w": 163,
						"h": 99
					},
					"anchor": {
						"x": 0.5,
						"y": 0.5
					}
				},
				{
					"filename": "paperTab_sideways.png",
					"rotated": false,
					"trimmed": true,
					"sourceSize": {
						"w": 180,
						"h": 97
					},
					"spriteSourceSize": {
						"x": 17,
						"y": 0,
						"w": 163,
						"h": 97
					},
					"frame": {
						"x": 1087,
						"y": 1761,
						"w": 163,
						"h": 97
					},
					"anchor": {
						"x": 0.5,
						"y": 0.5
					}
				},
				{
					"filename": "paperTab_glow.png",
					"rotated": false,
					"trimmed": true,
					"sourceSize": {
						"w": 105,
						"h": 162
					},
					"spriteSourceSize": {
						"x": 2,
						"y": 8,
						"w": 102,
						"h": 154
					},
					"frame": {
						"x": 1413,
						"y": 826,
						"w": 102,
						"h": 154
					},
					"anchor": {
						"x": 0.5,
						"y": 0.5
					}
				},
				{
					"filename": "paperTab.png",
					"rotated": false,
					"trimmed": true,
					"sourceSize": {
						"w": 87,
						"h": 162
					},
					"spriteSourceSize": {
						"x": 0,
						"y": 15,
						"w": 87,
						"h": 147
					},
					"frame": {
						"x": 1413,
						"y": 982,
						"w": 87,
						"h": 147
					},
					"anchor": {
						"x": 0.5,
						"y": 0.5
					}
				},
				{
					"filename": "nextLevel_hover.png",
					"rotated": false,
					"trimmed": false,
					"sourceSize": {
						"w": 200,
						"h": 35
					},
					"spriteSourceSize": {
						"x": 0,
						"y": 0,
						"w": 200,
						"h": 35
					},
					"frame": {
						"x": 1252,
						"y": 1750,
						"w": 200,
						"h": 35
					},
					"anchor": {
						"x": 0.5,
						"y": 0.5
					}
				},
				{
					"filename": "nextLevel_press.png",
					"rotated": false,
					"trimmed": false,
					"sourceSize": {
						"w": 200,
						"h": 35
					},
					"spriteSourceSize": {
						"x": 0,
						"y": 0,
						"w": 200,
						"h": 35
					},
					"frame": {
						"x": 1252,
						"y": 1787,
						"w": 200,
						"h": 35
					},
					"anchor": {
						"x": 0.5,
						"y": 0.5
					}
				},
				{
					"filename": "retry.png",
					"rotated": false,
					"trimmed": false,
					"sourceSize": {
						"w": 139,
						"h": 51
					},
					"spriteSourceSize": {
						"x": 0,
						"y": 0,
						"w": 139,
						"h": 51
					},
					"frame": {
						"x": 1252,
						"y": 1824,
						"w": 139,
						"h": 51
					},
					"anchor": {
						"x": 0.5,
						"y": 0.5
					}
				},
				{
					"filename": "retry_hover.png",
					"rotated": false,
					"trimmed": false,
					"sourceSize": {
						"w": 139,
						"h": 51
					},
					"spriteSourceSize": {
						"x": 0,
						"y": 0,
						"w": 139,
						"h": 51
					},
					"frame": {
						"x": 1252,
						"y": 1824,
						"w": 139,
						"h": 51
					},
					"anchor": {
						"x": 0.5,
						"y": 0.5
					}
				},
				{
					"filename": "retry_press.png",
					"rotated": false,
					"trimmed": false,
					"sourceSize": {
						"w": 139,
						"h": 51
					},
					"spriteSourceSize": {
						"x": 0,
						"y": 0,
						"w": 139,
						"h": 51
					},
					"frame": {
						"x": 1252,
						"y": 1824,
						"w": 139,
						"h": 51
					},
					"anchor": {
						"x": 0.5,
						"y": 0.5
					}
				},
				{
					"filename": "tab_icon_combos.png",
					"rotated": false,
					"trimmed": true,
					"sourceSize": {
						"w": 72,
						"h": 72
					},
					"spriteSourceSize": {
						"x": 1,
						"y": 1,
						"w": 71,
						"h": 67
					},
					"frame": {
						"x": 1411,
						"y": 1649,
						"w": 71,
						"h": 67
					},
					"anchor": {
						"x": 0.5,
						"y": 0.5
					}
				},
				{
					"filename": "slider_indicator_glow.png",
					"rotated": false,
					"trimmed": true,
					"sourceSize": {
						"w": 47,
						"h": 47
					},
					"spriteSourceSize": {
						"x": 1,
						"y": 1,
						"w": 45,
						"h": 45
					},
					"frame": {
						"x": 1413,
						"y": 1131,
						"w": 45,
						"h": 45
					},
					"anchor": {
						"x": 0.5,
						"y": 0.5
					}
				},
				{
					"filename": "tab_icon_control.png",
					"rotated": false,
					"trimmed": false,
					"sourceSize": {
						"w": 58,
						"h": 64
					},
					"spriteSourceSize": {
						"x": 0,
						"y": 0,
						"w": 58,
						"h": 64
					},
					"frame": {
						"x": 1075,
						"y": 1178,
						"w": 58,
						"h": 64
					},
					"anchor": {
						"x": 0.5,
						"y": 0.5
					}
				},
				{
					"filename": "tab_icon_runes.png",
					"rotated": false,
					"trimmed": true,
					"sourceSize": {
						"w": 58,
						"h": 64
					},
					"spriteSourceSize": {
						"x": 0,
						"y": 0,
						"w": 58,
						"h": 62
					},
					"frame": {
						"x": 1393,
						"y": 1824,
						"w": 58,
						"h": 62
					},
					"anchor": {
						"x": 0.5,
						"y": 0.5
					}
				},
				{
					"filename": "sound_mute.png",
					"rotated": false,
					"trimmed": true,
					"sourceSize": {
						"w": 59,
						"h": 51
					},
					"spriteSourceSize": {
						"x": 2,
						"y": 4,
						"w": 56,
						"h": 43
					},
					"frame": {
						"x": 308,
						"y": 1841,
						"w": 56,
						"h": 43
					},
					"anchor": {
						"x": 0.5,
						"y": 0.5
					}
				},
				{
					"filename": "sound_full.png",
					"rotated": false,
					"trimmed": true,
					"sourceSize": {
						"w": 59,
						"h": 51
					},
					"spriteSourceSize": {
						"x": 2,
						"y": 3,
						"w": 54,
						"h": 44
					},
					"frame": {
						"x": 1464,
						"y": 770,
						"w": 54,
						"h": 44
					},
					"anchor": {
						"x": 0.5,
						"y": 0.5
					}
				},
				{
					"filename": "sound_most.png",
					"rotated": false,
					"trimmed": true,
					"sourceSize": {
						"w": 59,
						"h": 51
					},
					"spriteSourceSize": {
						"x": 2,
						"y": 4,
						"w": 49,
						"h": 43
					},
					"frame": {
						"x": 1075,
						"y": 1244,
						"w": 49,
						"h": 43
					},
					"anchor": {
						"x": 0.5,
						"y": 0.5
					}
				},
				{
					"filename": "sound_half.png",
					"rotated": false,
					"trimmed": true,
					"sourceSize": {
						"w": 59,
						"h": 51
					},
					"spriteSourceSize": {
						"x": 2,
						"y": 4,
						"w": 44,
						"h": 43
					},
					"frame": {
						"x": 366,
						"y": 1841,
						"w": 44,
						"h": 43
					},
					"anchor": {
						"x": 0.5,
						"y": 0.5
					}
				},
				{
					"filename": "music_mute.png",
					"rotated": false,
					"trimmed": true,
					"sourceSize": {
						"w": 59,
						"h": 51
					},
					"spriteSourceSize": {
						"x": 5,
						"y": 4,
						"w": 44,
						"h": 44
					},
					"frame": {
						"x": 412,
						"y": 1841,
						"w": 44,
						"h": 44
					},
					"anchor": {
						"x": 0.5,
						"y": 0.5
					}
				},
				{
					"filename": "music.png",
					"rotated": false,
					"trimmed": true,
					"sourceSize": {
						"w": 59,
						"h": 51
					},
					"spriteSourceSize": {
						"x": 6,
						"y": 4,
						"w": 39,
						"h": 43
					},
					"frame": {
						"x": 868,
						"y": 1649,
						"w": 39,
						"h": 43
					},
					"anchor": {
						"x": 0.5,
						"y": 0.5
					}
				},
				{
					"filename": "slider_indicator.png",
					"rotated": false,
					"trimmed": false,
					"sourceSize": {
						"w": 39,
						"h": 39
					},
					"spriteSourceSize": {
						"x": 0,
						"y": 0,
						"w": 39,
						"h": 39
					},
					"frame": {
						"x": 1460,
						"y": 1131,
						"w": 39,
						"h": 39
					},
					"anchor": {
						"x": 0.5,
						"y": 0.5
					}
				},
				{
					"filename": "play_btn.png",
					"rotated": false,
					"trimmed": true,
					"sourceSize": {
						"w": 63,
						"h": 63
					},
					"spriteSourceSize": {
						"x": 3,
						"y": 3,
						"w": 57,
						"h": 57
					},
					"frame": {
						"x": 1463,
						"y": 1172,
						"w": 57,
						"h": 57
					},
					"anchor": {
						"x": 0.5,
						"y": 0.5
					}
				},
				{
					"filename": "play_btn_hover.png",
					"rotated": false,
					"trimmed": true,
					"sourceSize": {
						"w": 65,
						"h": 65
					},
					"spriteSourceSize": {
						"x": 4,
						"y": 4,
						"w": 57,
						"h": 57
					},
					"frame": {
						"x": 1463,
						"y": 1231,
						"w": 57,
						"h": 57
					},
					"anchor": {
						"x": 0.5,
						"y": 0.5
					}
				},
				{
					"filename": "play_btn_press.png",
					"rotated": false,
					"trimmed": true,
					"sourceSize": {
						"w": 65,
						"h": 65
					},
					"spriteSourceSize": {
						"x": 4,
						"y": 4,
						"w": 57,
						"h": 57
					},
					"frame": {
						"x": 1463,
						"y": 1290,
						"w": 57,
						"h": 57
					},
					"anchor": {
						"x": 0.5,
						"y": 0.5
					}
				},
				{
					"filename": "combo_btn_hover.png",
					"rotated": false,
					"trimmed": true,
					"sourceSize": {
						"w": 53,
						"h": 52
					},
					"spriteSourceSize": {
						"x": 6,
						"y": 7,
						"w": 41,
						"h": 31
					},
					"frame": {
						"x": 1502,
						"y": 982,
						"w": 41,
						"h": 31
					},
					"anchor": {
						"x": 0.5,
						"y": 0.5
					}
				},
				{
					"filename": "combo_btn.png",
					"rotated": false,
					"trimmed": true,
					"sourceSize": {
						"w": 51,
						"h": 50
					},
					"spriteSourceSize": {
						"x": 9,
						"y": 11,
						"w": 33,
						"h": 23
					},
					"frame": {
						"x": 472,
						"y": 1264,
						"w": 33,
						"h": 23
					},
					"anchor": {
						"x": 0.5,
						"y": 0.5
					}
				},
				{
					"filename": "combo_btn_press.png",
					"rotated": false,
					"trimmed": true,
					"sourceSize": {
						"w": 53,
						"h": 52
					},
					"spriteSourceSize": {
						"x": 10,
						"y": 12,
						"w": 33,
						"h": 23
					},
					"frame": {
						"x": 1411,
						"y": 1718,
						"w": 33,
						"h": 23
					},
					"anchor": {
						"x": 0.5,
						"y": 0.5
					}
				},
				{
					"filename": "nextLevel.png",
					"rotated": false,
					"trimmed": true,
					"sourceSize": {
						"w": 198,
						"h": 33
					},
					"spriteSourceSize": {
						"x": 0,
						"y": 0,
						"w": 3,
						"h": 3
					},
					"frame": {
						"x": 558,
						"y": 648,
						"w": 3,
						"h": 3
					},
					"anchor": {
						"x": 0.5,
						"y": 0.5
					}
				}
			]
		}
	],
	"meta": {
		"app": "https://www.codeandweb.com/texturepacker",
		"version": "3.0",
		"smartupdate": "$TexturePacker:SmartUpdate:c4ef713102d8326cb2670d29d766031e:e5f24acda138d5768346d2119a0ce0a0:6af6d199855d1c5980a61db04791f8fb$"
	}
}
