{
	"textures": [
		{
			"image": "sprites/wallenemy-0.webp",
			"format": "RGBA8888",
			"size": {
				"w": 1926,
				"h": 869
			},
			"scale": 1,
			"frames": [
				{
					"filename": "wall_dead.png",
					"rotated": false,
					"trimmed": true,
					"sourceSize": {
						"w": 640,
						"h": 400
					},
					"spriteSourceSize": {
						"x": 0,
						"y": 49,
						"w": 640,
						"h": 344
					},
					"frame": {
						"x": 1,
						"y": 1,
						"w": 640,
						"h": 344
					},
					"anchor": {
						"x": 0.5,
						"y": 0.5
					}
				},
				{
					"filename": "wall_1.png",
					"rotated": false,
					"trimmed": true,
					"sourceSize": {
						"w": 640,
						"h": 400
					},
					"spriteSourceSize": {
						"x": 0,
						"y": 21,
						"w": 640,
						"h": 329
					},
					"frame": {
						"x": 643,
						"y": 1,
						"w": 640,
						"h": 329
					},
					"anchor": {
						"x": 0.5,
						"y": 0.5
					}
				},
				{
					"filename": "wall_2.png",
					"rotated": false,
					"trimmed": true,
					"sourceSize": {
						"w": 640,
						"h": 400
					},
					"spriteSourceSize": {
						"x": 0,
						"y": 21,
						"w": 640,
						"h": 329
					},
					"frame": {
						"x": 1285,
						"y": 1,
						"w": 640,
						"h": 329
					},
					"anchor": {
						"x": 0.5,
						"y": 0.5
					}
				},
				{
					"filename": "wall_3.png",
					"rotated": false,
					"trimmed": true,
					"sourceSize": {
						"w": 640,
						"h": 400
					},
					"spriteSourceSize": {
						"x": 0,
						"y": 21,
						"w": 640,
						"h": 329
					},
					"frame": {
						"x": 643,
						"y": 332,
						"w": 640,
						"h": 329
					},
					"anchor": {
						"x": 0.5,
						"y": 0.5
					}
				},
				{
					"filename": "wall_4.png",
					"rotated": false,
					"trimmed": true,
					"sourceSize": {
						"w": 640,
						"h": 400
					},
					"spriteSourceSize": {
						"x": 0,
						"y": 21,
						"w": 640,
						"h": 329
					},
					"frame": {
						"x": 1,
						"y": 347,
						"w": 640,
						"h": 329
					},
					"anchor": {
						"x": 0.5,
						"y": 0.5
					}
				},
				{
					"filename": "wall_5.png",
					"rotated": false,
					"trimmed": true,
					"sourceSize": {
						"w": 640,
						"h": 400
					},
					"spriteSourceSize": {
						"x": 0,
						"y": 21,
						"w": 640,
						"h": 329
					},
					"frame": {
						"x": 1285,
						"y": 332,
						"w": 640,
						"h": 329
					},
					"anchor": {
						"x": 0.5,
						"y": 0.5
					}
				},
				{
					"filename": "wall_voided_outline.png",
					"rotated": false,
					"trimmed": true,
					"sourceSize": {
						"w": 480,
						"h": 300
					},
					"spriteSourceSize": {
						"x": 0,
						"y": 58,
						"w": 480,
						"h": 123
					},
					"frame": {
						"x": 643,
						"y": 663,
						"w": 480,
						"h": 123
					},
					"anchor": {
						"x": 0.5,
						"y": 0.5
					}
				},
				{
					"filename": "wall_voided_outline_2.png",
					"rotated": false,
					"trimmed": true,
					"sourceSize": {
						"w": 480,
						"h": 300
					},
					"spriteSourceSize": {
						"x": 39,
						"y": 61,
						"w": 435,
						"h": 120
					},
					"frame": {
						"x": 1,
						"y": 678,
						"w": 435,
						"h": 120
					},
					"anchor": {
						"x": 0.5,
						"y": 0.5
					}
				},
				{
					"filename": "wall_chunk.png",
					"rotated": false,
					"trimmed": true,
					"sourceSize": {
						"w": 165,
						"h": 82
					},
					"spriteSourceSize": {
						"x": 1,
						"y": 4,
						"w": 163,
						"h": 78
					},
					"frame": {
						"x": 438,
						"y": 678,
						"w": 163,
						"h": 78
					},
					"anchor": {
						"x": 0.5,
						"y": 0.5
					}
				},
				{
					"filename": "wall_eyes_3_b.png",
					"rotated": false,
					"trimmed": true,
					"sourceSize": {
						"w": 72,
						"h": 53
					},
					"spriteSourceSize": {
						"x": 3,
						"y": 0,
						"w": 69,
						"h": 46
					},
					"frame": {
						"x": 438,
						"y": 758,
						"w": 69,
						"h": 46
					},
					"anchor": {
						"x": 0.5,
						"y": 0.5
					}
				},
				{
					"filename": "brick.png",
					"rotated": false,
					"trimmed": true,
					"sourceSize": {
						"w": 83,
						"h": 64
					},
					"spriteSourceSize": {
						"x": 8,
						"y": 0,
						"w": 69,
						"h": 45
					},
					"frame": {
						"x": 509,
						"y": 758,
						"w": 69,
						"h": 45
					},
					"anchor": {
						"x": 0.5,
						"y": 0.5
					}
				},
				{
					"filename": "poopbig.png",
					"rotated": false,
					"trimmed": true,
					"sourceSize": {
						"w": 51,
						"h": 55
					},
					"spriteSourceSize": {
						"x": 1,
						"y": 1,
						"w": 49,
						"h": 54
					},
					"frame": {
						"x": 580,
						"y": 758,
						"w": 49,
						"h": 54
					},
					"anchor": {
						"x": 0.5,
						"y": 0.5
					}
				},
				{
					"filename": "wall_eyes_right_dizzy.png",
					"rotated": false,
					"trimmed": true,
					"sourceSize": {
						"w": 72,
						"h": 53
					},
					"spriteSourceSize": {
						"x": 1,
						"y": 5,
						"w": 61,
						"h": 47
					},
					"frame": {
						"x": 509,
						"y": 805,
						"w": 61,
						"h": 47
					},
					"anchor": {
						"x": 0.5,
						"y": 0.5
					}
				},
				{
					"filename": "poop.png",
					"rotated": false,
					"trimmed": true,
					"sourceSize": {
						"w": 58,
						"h": 45
					},
					"spriteSourceSize": {
						"x": 14,
						"y": 1,
						"w": 28,
						"h": 42
					},
					"frame": {
						"x": 603,
						"y": 678,
						"w": 28,
						"h": 42
					},
					"anchor": {
						"x": 0.5,
						"y": 0.5
					}
				},
				{
					"filename": "wall_eyes_2.png",
					"rotated": false,
					"trimmed": true,
					"sourceSize": {
						"w": 284,
						"h": 49
					},
					"spriteSourceSize": {
						"x": 0,
						"y": 0,
						"w": 284,
						"h": 44
					},
					"frame": {
						"x": 1,
						"y": 800,
						"w": 284,
						"h": 44
					},
					"anchor": {
						"x": 0.5,
						"y": 0.5
					}
				},
				{
					"filename": "wall_eyes_4.png",
					"rotated": false,
					"trimmed": true,
					"sourceSize": {
						"w": 67,
						"h": 55
					},
					"spriteSourceSize": {
						"x": 4,
						"y": 1,
						"w": 62,
						"h": 42
					},
					"frame": {
						"x": 287,
						"y": 800,
						"w": 62,
						"h": 42
					},
					"anchor": {
						"x": 0.5,
						"y": 0.5
					}
				},
				{
					"filename": "wall_eyes_left_dizzy.png",
					"rotated": false,
					"trimmed": true,
					"sourceSize": {
						"w": 65,
						"h": 44
					},
					"spriteSourceSize": {
						"x": 5,
						"y": 0,
						"w": 57,
						"h": 42
					},
					"frame": {
						"x": 351,
						"y": 800,
						"w": 57,
						"h": 42
					},
					"anchor": {
						"x": 0.5,
						"y": 0.5
					}
				},
				{
					"filename": "wall_eyes_3_a.png",
					"rotated": false,
					"trimmed": true,
					"sourceSize": {
						"w": 65,
						"h": 44
					},
					"spriteSourceSize": {
						"x": 3,
						"y": 0,
						"w": 59,
						"h": 38
					},
					"frame": {
						"x": 410,
						"y": 806,
						"w": 59,
						"h": 38
					},
					"anchor": {
						"x": 0.5,
						"y": 0.5
					}
				},
				{
					"filename": "wall_chunk_2.png",
					"rotated": false,
					"trimmed": true,
					"sourceSize": {
						"w": 305,
						"h": 218
					},
					"spriteSourceSize": {
						"x": 0,
						"y": 13,
						"w": 305,
						"h": 205
					},
					"frame": {
						"x": 1125,
						"y": 663,
						"w": 305,
						"h": 205
					},
					"anchor": {
						"x": 0.5,
						"y": 0.5
					}
				},
				{
					"filename": "wall_eyes_dead.png",
					"rotated": false,
					"trimmed": true,
					"sourceSize": {
						"w": 58,
						"h": 39
					},
					"spriteSourceSize": {
						"x": 0,
						"y": 2,
						"w": 56,
						"h": 33
					},
					"frame": {
						"x": 631,
						"y": 788,
						"w": 56,
						"h": 33
					},
					"anchor": {
						"x": 0.5,
						"y": 0.5
					}
				},
				{
					"filename": "bird_2.png",
					"rotated": false,
					"trimmed": true,
					"sourceSize": {
						"w": 66,
						"h": 51
					},
					"spriteSourceSize": {
						"x": 12,
						"y": 7,
						"w": 45,
						"h": 39
					},
					"frame": {
						"x": 572,
						"y": 814,
						"w": 45,
						"h": 39
					},
					"anchor": {
						"x": 0.5,
						"y": 0.5
					}
				},
				{
					"filename": "bird_2_fat.png",
					"rotated": false,
					"trimmed": true,
					"sourceSize": {
						"w": 66,
						"h": 51
					},
					"spriteSourceSize": {
						"x": 12,
						"y": 7,
						"w": 45,
						"h": 39
					},
					"frame": {
						"x": 689,
						"y": 788,
						"w": 45,
						"h": 39
					},
					"anchor": {
						"x": 0.5,
						"y": 0.5
					}
				},
				{
					"filename": "bird_1.png",
					"rotated": false,
					"trimmed": true,
					"sourceSize": {
						"w": 45,
						"h": 40
					},
					"spriteSourceSize": {
						"x": 4,
						"y": 0,
						"w": 39,
						"h": 38
					},
					"frame": {
						"x": 619,
						"y": 823,
						"w": 39,
						"h": 38
					},
					"anchor": {
						"x": 0.5,
						"y": 0.5
					}
				}
			]
		}
	],
	"meta": {
		"app": "https://www.codeandweb.com/texturepacker",
		"version": "3.0",
		"smartupdate": "$TexturePacker:SmartUpdate:f92ce02fe8af9e817dd5055bb9c7a17b:58de2f62bcb464e11ba139a1d8b4ddbd:53906ae431d73c70e7a40e514bdb82a2$"
	}
}
