<?xml version="1.0" encoding="UTF-8"?><font><info face="armor" size="42" bold="0" italic="0" charset="" unicode="1" stretchH="100" smooth="1" aa="1" padding="1,1,1,1" spacing="1,1"/><common lineHeight="42" base="41" scaleW="352" scaleH="352" pages="1" packed="0"/><pages><page id="0" file="armor.png"/></pages><chars count="90"><char id="32" x="0" y="0" width="0" height="0" xoffset="0" yoffset="0" xadvance="12" page="0" chnl="15"/><!--   --><char id="33" x="25" y="302" width="18" height="37" xoffset="-3" yoffset="8" xadvance="13" page="0" chnl="15"/><!-- ! --><char id="34" x="282" y="220" width="24" height="20" xoffset="-3" yoffset="8" xadvance="19" page="0" chnl="15"/><!-- " --><char id="35" x="104" y="38" width="38" height="37" xoffset="-4" yoffset="8" xadvance="31" page="0" chnl="15"/><!-- # --><char id="36" x="143" y="115" width="34" height="47" xoffset="-4" yoffset="3" xadvance="27" page="0" chnl="15"/><!-- $ --><char id="37" x="60" y="46" width="43" height="38" xoffset="-3" yoffset="7" xadvance="37" page="0" chnl="15"/><!-- % --><char id="38" x="60" y="233" width="38" height="41" xoffset="-3" yoffset="7" xadvance="31" page="0" chnl="15"/><!-- & --><char id="39" x="336" y="38" width="16" height="20" xoffset="-3" yoffset="8" xadvance="10" page="0" chnl="15"/><!-- ' --><char id="40" x="215" y="305" width="23" height="47" xoffset="-1" yoffset="6" xadvance="15" page="0" chnl="15"/><!-- ( --><char id="41" x="282" y="241" width="23" height="47" xoffset="-7" yoffset="6" xadvance="16" page="0" chnl="15"/><!-- ) --><char id="42" x="282" y="32" width="29" height="24" xoffset="-5" yoffset="6" xadvance="19" page="0" chnl="15"/><!-- * --><char id="43" x="249" y="323" width="29" height="27" xoffset="-2" yoffset="13" xadvance="26" page="0" chnl="15"/><!-- + --><char id="44" x="312" y="204" width="18" height="22" xoffset="-4" yoffset="29" xadvance="12" page="0" chnl="15"/><!-- , --><char id="45" x="282" y="337" width="20" height="14" xoffset="-2" yoffset="22" xadvance="17" page="0" chnl="15"/><!-- - --><char id="46" x="312" y="301" width="17" height="16" xoffset="-3" yoffset="29" xadvance="12" page="0" chnl="15"/><!-- . --><char id="47" x="249" y="96" width="31" height="47" xoffset="-7" yoffset="2" xadvance="17" page="0" chnl="15"/><!-- / --><char id="48" x="143" y="163" width="34" height="39" xoffset="-3" yoffset="7" xadvance="29" page="0" chnl="15"/><!-- 0 --><char id="49" x="312" y="32" width="21" height="37" xoffset="-4" yoffset="8" xadvance="17" page="0" chnl="15"/><!-- 1 --><char id="50" x="180" y="0" width="34" height="38" xoffset="-6" yoffset="7" xadvance="25" page="0" chnl="15"/><!-- 2 --><char id="51" x="215" y="190" width="32" height="38" xoffset="-5" yoffset="8" xadvance="25" page="0" chnl="15"/><!-- 3 --><char id="52" x="104" y="228" width="36" height="37" xoffset="-3" yoffset="8" xadvance="29" page="0" chnl="15"/><!-- 4 --><char id="53" x="215" y="0" width="33" height="38" xoffset="-5" yoffset="8" xadvance="25" page="0" chnl="15"/><!-- 5 --><char id="54" x="180" y="147" width="33" height="39" xoffset="-3" yoffset="7" xadvance="27" page="0" chnl="15"/><!-- 6 --><char id="55" x="215" y="229" width="32" height="37" xoffset="-3" yoffset="8" xadvance="27" page="0" chnl="15"/><!-- 7 --><char id="56" x="180" y="187" width="33" height="39" xoffset="-3" yoffset="7" xadvance="28" page="0" chnl="15"/><!-- 8 --><char id="57" x="215" y="110" width="32" height="39" xoffset="-3" yoffset="7" xadvance="27" page="0" chnl="15"/><!-- 9 --><char id="58" x="312" y="269" width="17" height="31" xoffset="-3" yoffset="14" xadvance="12" page="0" chnl="15"/><!-- : --><char id="59" x="312" y="166" width="18" height="37" xoffset="-4" yoffset="14" xadvance="12" page="0" chnl="15"/><!-- ; --><char id="61" x="282" y="57" width="29" height="23" xoffset="-2" yoffset="15" xadvance="26" page="0" chnl="15"/><!-- = --><char id="63" x="215" y="39" width="33" height="38" xoffset="-6" yoffset="7" xadvance="25" page="0" chnl="15"/><!-- ? --><char id="64" x="0" y="70" width="48" height="47" xoffset="-2" yoffset="7" xadvance="44" page="0" chnl="15"/><!-- @ --><char id="65" x="0" y="150" width="45" height="37" xoffset="-6" yoffset="8" xadvance="33" page="0" chnl="15"/><!-- A --><char id="66" x="104" y="266" width="36" height="37" xoffset="-1" yoffset="8" xadvance="33" page="0" chnl="15"/><!-- B --><char id="67" x="60" y="275" width="38" height="39" xoffset="-2" yoffset="7" xadvance="31" page="0" chnl="15"/><!-- C --><char id="68" x="60" y="315" width="38" height="37" xoffset="-1" yoffset="8" xadvance="35" page="0" chnl="15"/><!-- D --><char id="69" x="215" y="267" width="32" height="37" xoffset="-1" yoffset="8" xadvance="29" page="0" chnl="15"/><!-- E --><char id="70" x="249" y="144" width="31" height="37" xoffset="-1" yoffset="8" xadvance="27" page="0" chnl="15"/><!-- F --><char id="71" x="104" y="116" width="37" height="39" xoffset="-2" yoffset="7" xadvance="33" page="0" chnl="15"/><!-- G --><char id="72" x="104" y="304" width="36" height="37" xoffset="-1" yoffset="8" xadvance="34" page="0" chnl="15"/><!-- H --><char id="73" x="336" y="0" width="16" height="37" xoffset="-1" yoffset="8" xadvance="14" page="0" chnl="15"/><!-- I --><char id="74" x="249" y="220" width="30" height="38" xoffset="-6" yoffset="8" xadvance="23" page="0" chnl="15"/><!-- J --><char id="75" x="60" y="123" width="41" height="37" xoffset="-1" yoffset="8" xadvance="32" page="0" chnl="15"/><!-- K --><char id="76" x="249" y="182" width="31" height="37" xoffset="-1" yoffset="8" xadvance="26" page="0" chnl="15"/><!-- L --><char id="77" x="60" y="85" width="42" height="37" xoffset="-1" yoffset="8" xadvance="41" page="0" chnl="15"/><!-- M --><char id="78" x="143" y="0" width="36" height="37" xoffset="-1" yoffset="8" xadvance="34" page="0" chnl="15"/><!-- N --><char id="79" x="60" y="161" width="40" height="39" xoffset="-2" yoffset="7" xadvance="36" page="0" chnl="15"/><!-- O --><char id="80" x="180" y="39" width="34" height="37" xoffset="-1" yoffset="8" xadvance="31" page="0" chnl="15"/><!-- P --><char id="81" x="60" y="0" width="43" height="45" xoffset="-3" yoffset="7" xadvance="36" page="0" chnl="15"/><!-- Q --><char id="82" x="104" y="0" width="38" height="37" xoffset="-1" yoffset="8" xadvance="31" page="0" chnl="15"/><!-- R --><char id="83" x="143" y="283" width="34" height="39" xoffset="-4" yoffset="7" xadvance="27" page="0" chnl="15"/><!-- S --><char id="84" x="180" y="77" width="34" height="37" xoffset="-4" yoffset="8" xadvance="26" page="0" chnl="15"/><!-- T --><char id="85" x="143" y="38" width="35" height="38" xoffset="-1" yoffset="8" xadvance="34" page="0" chnl="15"/><!-- U --><char id="86" x="0" y="188" width="44" height="37" xoffset="-6" yoffset="8" xadvance="32" page="0" chnl="15"/><!-- V --><char id="87" x="0" y="0" width="59" height="37" xoffset="-5" yoffset="8" xadvance="49" page="0" chnl="15"/><!-- W --><char id="88" x="0" y="226" width="44" height="37" xoffset="-7" yoffset="8" xadvance="30" page="0" chnl="15"/><!-- X --><char id="89" x="0" y="264" width="44" height="37" xoffset="-8" yoffset="8" xadvance="29" page="0" chnl="15"/><!-- Y --><char id="90" x="143" y="77" width="35" height="37" xoffset="-3" yoffset="8" xadvance="29" page="0" chnl="15"/><!-- Z --><char id="91" x="312" y="70" width="20" height="47" xoffset="-1" yoffset="6" xadvance="16" page="0" chnl="15"/><!-- [ --><char id="93" x="312" y="118" width="20" height="47" xoffset="-4" yoffset="6" xadvance="16" page="0" chnl="15"/><!-- ] --><char id="94" x="143" y="323" width="33" height="25" xoffset="-4" yoffset="14" xadvance="26" page="0" chnl="15"/><!-- ^ --><char id="95" x="282" y="81" width="29" height="12" xoffset="-4" yoffset="37" xadvance="21" page="0" chnl="15"/><!-- _ --><char id="97" x="249" y="259" width="30" height="31" xoffset="-3" yoffset="14" xadvance="26" page="0" chnl="15"/><!-- a --><char id="98" x="180" y="227" width="33" height="39" xoffset="-1" yoffset="6" xadvance="29" page="0" chnl="15"/><!-- b --><char id="99" x="249" y="0" width="32" height="31" xoffset="-3" yoffset="14" xadvance="25" page="0" chnl="15"/><!-- c --><char id="100" x="143" y="203" width="34" height="39" xoffset="-3" yoffset="6" xadvance="30" page="0" chnl="15"/><!-- d --><char id="101" x="215" y="78" width="33" height="31" xoffset="-3" yoffset="14" xadvance="27" page="0" chnl="15"/><!-- e --><char id="102" x="282" y="94" width="27" height="40" xoffset="-4" yoffset="5" xadvance="17" page="0" chnl="15"/><!-- f --><char id="103" x="143" y="243" width="34" height="39" xoffset="-3" yoffset="14" xadvance="30" page="0" chnl="15"/><!-- g --><char id="104" x="215" y="150" width="32" height="39" xoffset="-1" yoffset="6" xadvance="30" page="0" chnl="15"/><!-- h --><char id="105" x="312" y="227" width="17" height="41" xoffset="-2" yoffset="4" xadvance="13" page="0" chnl="15"/><!-- i --><char id="106" x="0" y="302" width="24" height="49" xoffset="-9" yoffset="4" xadvance="13" page="0" chnl="15"/><!-- j --><char id="107" x="104" y="188" width="36" height="39" xoffset="-1" yoffset="6" xadvance="28" page="0" chnl="15"/><!-- k --><char id="108" x="336" y="107" width="15" height="39" xoffset="-1" yoffset="6" xadvance="13" page="0" chnl="15"/><!-- l --><char id="109" x="0" y="118" width="47" height="31" xoffset="-1" yoffset="14" xadvance="45" page="0" chnl="15"/><!-- m --><char id="110" x="249" y="32" width="32" height="31" xoffset="-1" yoffset="14" xadvance="30" page="0" chnl="15"/><!-- n --><char id="111" x="180" y="115" width="34" height="31" xoffset="-3" yoffset="14" xadvance="28" page="0" chnl="15"/><!-- o --><char id="112" x="180" y="267" width="33" height="39" xoffset="-1" yoffset="14" xadvance="29" page="0" chnl="15"/><!-- p --><char id="113" x="180" y="307" width="33" height="39" xoffset="-3" yoffset="14" xadvance="29" page="0" chnl="15"/><!-- q --><char id="114" x="312" y="0" width="23" height="31" xoffset="-1" yoffset="14" xadvance="19" page="0" chnl="15"/><!-- r --><char id="115" x="249" y="291" width="30" height="31" xoffset="-4" yoffset="14" xadvance="23" page="0" chnl="15"/><!-- s --><char id="116" x="282" y="135" width="27" height="36" xoffset="-4" yoffset="9" xadvance="19" page="0" chnl="15"/><!-- t --><char id="117" x="249" y="64" width="32" height="31" xoffset="-2" yoffset="14" xadvance="29" page="0" chnl="15"/><!-- u --><char id="118" x="104" y="156" width="37" height="31" xoffset="-6" yoffset="14" xadvance="26" page="0" chnl="15"/><!-- v --><char id="119" x="0" y="38" width="51" height="31" xoffset="-6" yoffset="14" xadvance="40" page="0" chnl="15"/><!-- w --><char id="120" x="60" y="201" width="40" height="31" xoffset="-8" yoffset="14" xadvance="25" page="0" chnl="15"/><!-- x --><char id="121" x="104" y="76" width="37" height="39" xoffset="-6" yoffset="14" xadvance="26" page="0" chnl="15"/><!-- y --><char id="122" x="282" y="0" width="29" height="31" xoffset="-3" yoffset="14" xadvance="23" page="0" chnl="15"/><!-- z --><char id="123" x="282" y="172" width="24" height="47" xoffset="-4" yoffset="6" xadvance="17" page="0" chnl="15"/><!-- { --><char id="124" x="336" y="59" width="15" height="47" xoffset="-1" yoffset="6" xadvance="13" page="0" chnl="15"/><!-- | --><char id="125" x="282" y="289" width="23" height="47" xoffset="-4" yoffset="6" xadvance="17" page="0" chnl="15"/><!-- } --></chars><kernings count="1168"><kerning first="48" second="74" amount="-1"/><kerning first="48" second="84" amount="-1"/><kerning first="48" second="86" amount="-1"/><kerning first="48" second="87" amount="-1"/><kerning first="48" second="88" amount="-2"/><kerning first="48" second="89" amount="-2"/><kerning first="48" second="90" amount="-1"/><kerning first="48" second="63" amount="-1"/><kerning first="48" second="95" amount="-1"/><kerning first="48" second="46" amount="-1"/><kerning first="48" second="44" amount="-1"/><kerning first="48" second="47" amount="-1"/><kerning first="50" second="74" amount="1"/><kerning first="50" second="86" amount="-1"/><kerning first="50" second="87" amount="-1"/><kerning first="50" second="89" amount="-1"/><kerning first="50" second="95" amount="1"/><kerning first="51" second="120" amount="-1"/><kerning first="52" second="49" amount="-1"/><kerning first="52" second="55" amount="-2"/><kerning first="52" second="97" amount="1"/><kerning first="52" second="99" amount="1"/><kerning first="52" second="100" amount="1"/><kerning first="52" second="101" amount="1"/><kerning first="52" second="103" amount="1"/><kerning first="52" second="111" amount="1"/><kerning first="52" second="113" amount="1"/><kerning first="52" second="118" amount="-1"/><kerning first="52" second="119" amount="-1"/><kerning first="52" second="120" amount="-1"/><kerning first="52" second="121" amount="-1"/><kerning first="52" second="84" amount="-2"/><kerning first="52" second="86" amount="-2"/><kerning first="52" second="87" amount="-2"/><kerning first="52" second="89" amount="-4"/><kerning first="52" second="37" amount="-1"/><kerning first="52" second="63" amount="-2"/><kerning first="52" second="42" amount="-1"/><kerning first="52" second="95" amount="1"/><kerning first="52" second="46" amount="1"/><kerning first="52" second="44" amount="1"/><kerning first="52" second="47" amount="1"/><kerning first="52" second="34" amount="-1"/><kerning first="52" second="39" amount="-1"/><kerning first="52" second="38" amount="1"/><kerning first="53" second="55" amount="-1"/><kerning first="53" second="88" amount="-1"/><kerning first="54" second="118" amount="-1"/><kerning first="54" second="119" amount="-1"/><kerning first="54" second="120" amount="-1"/><kerning first="54" second="121" amount="-1"/><kerning first="54" second="37" amount="-1"/><kerning first="55" second="48" amount="-1"/><kerning first="55" second="52" amount="-3"/><kerning first="55" second="53" amount="-1"/><kerning first="55" second="54" amount="-1"/><kerning first="55" second="56" amount="-1"/><kerning first="55" second="97" amount="-2"/><kerning first="55" second="99" amount="-2"/><kerning first="55" second="100" amount="-2"/><kerning first="55" second="101" amount="-2"/><kerning first="55" second="103" amount="-2"/><kerning first="55" second="105" amount="-1"/><kerning first="55" second="106" amount="-1"/><kerning first="55" second="109" amount="-1"/><kerning first="55" second="110" amount="-1"/><kerning first="55" second="111" amount="-2"/><kerning first="55" second="112" amount="-1"/><kerning first="55" second="113" amount="-2"/><kerning first="55" second="114" amount="-1"/><kerning first="55" second="115" amount="-1"/><kerning first="55" second="117" amount="-1"/><kerning first="55" second="122" amount="-1"/><kerning first="55" second="65" amount="-3"/><kerning first="55" second="67" amount="-1"/><kerning first="55" second="71" amount="-1"/><kerning first="55" second="74" amount="-1"/><kerning first="55" second="79" amount="-1"/><kerning first="55" second="81" amount="-1"/><kerning first="55" second="59" amount="-1"/><kerning first="55" second="58" amount="-1"/><kerning first="55" second="63" amount="1"/><kerning first="55" second="42" amount="1"/><kerning first="55" second="95" amount="-1"/><kerning first="55" second="43" amount="-2"/><kerning first="55" second="45" amount="-2"/><kerning first="55" second="46" amount="-2"/><kerning first="55" second="44" amount="-2"/><kerning first="55" second="47" amount="-2"/><kerning first="55" second="34" amount="1"/><kerning first="55" second="39" amount="1"/><kerning first="55" second="64" amount="-1"/><kerning first="55" second="38" amount="-1"/><kerning first="56" second="86" amount="-1"/><kerning first="56" second="87" amount="-1"/><kerning first="56" second="88" amount="-1"/><kerning first="56" second="89" amount="-1"/><kerning first="57" second="74" amount="-1"/><kerning first="57" second="84" amount="-1"/><kerning first="57" second="86" amount="-1"/><kerning first="57" second="87" amount="-1"/><kerning first="57" second="88" amount="-2"/><kerning first="57" second="89" amount="-2"/><kerning first="57" second="90" amount="-1"/><kerning first="57" second="63" amount="-1"/><kerning first="57" second="95" amount="-1"/><kerning first="57" second="46" amount="-1"/><kerning first="57" second="44" amount="-1"/><kerning first="57" second="47" amount="-1"/><kerning first="97" second="49" amount="-1"/><kerning first="97" second="55" amount="-1"/><kerning first="97" second="37" amount="-1"/><kerning first="97" second="63" amount="-2"/><kerning first="97" second="42" amount="-1"/><kerning first="98" second="49" amount="-1"/><kerning first="98" second="51" amount="-1"/><kerning first="98" second="55" amount="-1"/><kerning first="98" second="118" amount="-1"/><kerning first="98" second="119" amount="-1"/><kerning first="98" second="120" amount="-1"/><kerning first="98" second="121" amount="-1"/><kerning first="98" second="65" amount="-1"/><kerning first="98" second="84" amount="-3"/><kerning first="98" second="86" amount="-2"/><kerning first="98" second="87" amount="-2"/><kerning first="98" second="88" amount="-1"/><kerning first="98" second="89" amount="-2"/><kerning first="98" second="37" amount="-1"/><kerning first="98" second="63" amount="-2"/><kerning first="98" second="42" amount="-1"/><kerning first="98" second="95" amount="-1"/><kerning first="98" second="34" amount="-1"/><kerning first="98" second="39" amount="-1"/><kerning first="99" second="49" amount="-1"/><kerning first="99" second="51" amount="-1"/><kerning first="99" second="120" amount="-1"/><kerning first="99" second="84" amount="-3"/><kerning first="99" second="85" amount="-1"/><kerning first="99" second="86" amount="-1"/><kerning first="99" second="87" amount="-1"/><kerning first="99" second="89" amount="-2"/><kerning first="99" second="63" amount="-1"/><kerning first="99" second="42" amount="1"/><kerning first="99" second="41" amount="-1"/><kerning first="99" second="43" amount="-1"/><kerning first="99" second="45" amount="-1"/><kerning first="99" second="46" amount="1"/><kerning first="99" second="44" amount="1"/><kerning first="99" second="38" amount="-1"/><kerning first="100" second="116" amount="2"/><kerning first="101" second="49" amount="-1"/><kerning first="101" second="51" amount="-1"/><kerning first="101" second="55" amount="-1"/><kerning first="101" second="97" amount="-1"/><kerning first="101" second="120" amount="-1"/><kerning first="101" second="84" amount="-4"/><kerning first="101" second="86" amount="-1"/><kerning first="101" second="87" amount="-1"/><kerning first="101" second="88" amount="-2"/><kerning first="101" second="89" amount="-2"/><kerning first="101" second="63" amount="-2"/><kerning first="101" second="42" amount="-1"/><kerning first="101" second="34" amount="-1"/><kerning first="101" second="39" amount="-1"/><kerning first="102" second="49" amount="2"/><kerning first="102" second="50" amount="1"/><kerning first="102" second="51" amount="1"/><kerning first="102" second="52" amount="-1"/><kerning first="102" second="55" amount="2"/><kerning first="102" second="57" amount="1"/><kerning first="102" second="105" amount="3"/><kerning first="102" second="106" amount="2"/><kerning first="102" second="109" amount="3"/><kerning first="102" second="110" amount="3"/><kerning first="102" second="112" amount="3"/><kerning first="102" second="114" amount="3"/><kerning first="102" second="59" amount="1"/><kerning first="102" second="37" amount="1"/><kerning first="102" second="58" amount="1"/><kerning first="102" second="63" amount="1"/><kerning first="102" second="42" amount="2"/><kerning first="102" second="41" amount="2"/><kerning first="102" second="95" amount="-1"/><kerning first="102" second="47" amount="-1"/><kerning first="102" second="38" amount="-1"/><kerning first="102" second="125" amount="2"/><kerning first="102" second="93" amount="2"/><kerning first="103" second="84" amount="-3"/><kerning first="103" second="86" amount="-1"/><kerning first="103" second="87" amount="-1"/><kerning first="103" second="88" amount="-1"/><kerning first="103" second="89" amount="-2"/><kerning first="103" second="63" amount="1"/><kerning first="104" second="49" amount="-1"/><kerning first="104" second="55" amount="-1"/><kerning first="104" second="37" amount="-1"/><kerning first="104" second="63" amount="-2"/><kerning first="104" second="42" amount="-1"/><kerning first="105" second="84" amount="-3"/><kerning first="105" second="86" amount="-1"/><kerning first="105" second="87" amount="-1"/><kerning first="105" second="88" amount="-1"/><kerning first="105" second="89" amount="-2"/><kerning first="105" second="63" amount="1"/><kerning first="106" second="84" amount="-3"/><kerning first="106" second="86" amount="-1"/><kerning first="106" second="87" amount="-1"/><kerning first="106" second="88" amount="-1"/><kerning first="106" second="89" amount="-2"/><kerning first="106" second="63" amount="1"/><kerning first="107" second="49" amount="1"/><kerning first="107" second="50" amount="1"/><kerning first="107" second="52" amount="-1"/><kerning first="107" second="99" amount="-1"/><kerning first="107" second="100" amount="-1"/><kerning first="107" second="101" amount="-1"/><kerning first="107" second="103" amount="-1"/><kerning first="107" second="111" amount="-1"/><kerning first="107" second="113" amount="-1"/><kerning first="107" second="115" amount="-1"/><kerning first="107" second="118" amount="-1"/><kerning first="107" second="119" amount="-1"/><kerning first="107" second="120" amount="-1"/><kerning first="107" second="121" amount="-1"/><kerning first="107" second="122" amount="-1"/><kerning first="107" second="89" amount="-1"/><kerning first="107" second="63" amount="1"/><kerning first="107" second="95" amount="2"/><kerning first="107" second="43" amount="-1"/><kerning first="107" second="45" amount="-1"/><kerning first="107" second="38" amount="-1"/><kerning first="108" second="116" amount="2"/><kerning first="109" second="49" amount="-1"/><kerning first="109" second="55" amount="-1"/><kerning first="109" second="37" amount="-1"/><kerning first="109" second="63" amount="-2"/><kerning first="109" second="42" amount="-1"/><kerning first="110" second="49" amount="-1"/><kerning first="110" second="55" amount="-1"/><kerning first="110" second="37" amount="-1"/><kerning first="110" second="63" amount="-2"/><kerning first="110" second="42" amount="-1"/><kerning first="111" second="49" amount="-1"/><kerning first="111" second="51" amount="-1"/><kerning first="111" second="55" amount="-1"/><kerning first="111" second="118" amount="-1"/><kerning first="111" second="119" amount="-1"/><kerning first="111" second="120" amount="-1"/><kerning first="111" second="121" amount="-1"/><kerning first="111" second="65" amount="-1"/><kerning first="111" second="84" amount="-3"/><kerning first="111" second="86" amount="-2"/><kerning first="111" second="87" amount="-2"/><kerning first="111" second="88" amount="-1"/><kerning first="111" second="89" amount="-2"/><kerning first="111" second="37" amount="-1"/><kerning first="111" second="63" amount="-2"/><kerning first="111" second="42" amount="-1"/><kerning first="111" second="95" amount="-1"/><kerning first="111" second="34" amount="-1"/><kerning first="111" second="39" amount="-1"/><kerning first="112" second="49" amount="-1"/><kerning first="112" second="51" amount="-1"/><kerning first="112" second="55" amount="-1"/><kerning first="112" second="118" amount="-1"/><kerning first="112" second="119" amount="-1"/><kerning first="112" second="120" amount="-1"/><kerning first="112" second="121" amount="-1"/><kerning first="112" second="65" amount="-1"/><kerning first="112" second="84" amount="-3"/><kerning first="112" second="86" amount="-2"/><kerning first="112" second="87" amount="-2"/><kerning first="112" second="88" amount="-1"/><kerning first="112" second="89" amount="-2"/><kerning first="112" second="37" amount="-1"/><kerning first="112" second="63" amount="-2"/><kerning first="112" second="42" amount="-1"/><kerning first="112" second="95" amount="-1"/><kerning first="112" second="34" amount="-1"/><kerning first="112" second="39" amount="-1"/><kerning first="113" second="106" amount="2"/><kerning first="113" second="84" amount="-3"/><kerning first="113" second="86" amount="-1"/><kerning first="113" second="87" amount="-1"/><kerning first="113" second="88" amount="-1"/><kerning first="113" second="89" amount="-2"/><kerning first="113" second="63" amount="1"/><kerning first="114" second="52" amount="-1"/><kerning first="114" second="55" amount="1"/><kerning first="114" second="57" amount="1"/><kerning first="114" second="116" amount="1"/><kerning first="114" second="118" amount="1"/><kerning first="114" second="119" amount="1"/><kerning first="114" second="121" amount="1"/><kerning first="114" second="65" amount="-2"/><kerning first="114" second="67" amount="-1"/><kerning first="114" second="71" amount="-1"/><kerning first="114" second="79" amount="-1"/><kerning first="114" second="81" amount="-1"/><kerning first="114" second="84" amount="-1"/><kerning first="114" second="86" amount="-1"/><kerning first="114" second="87" amount="-1"/><kerning first="114" second="88" amount="-2"/><kerning first="114" second="89" amount="-1"/><kerning first="114" second="63" amount="1"/><kerning first="114" second="42" amount="1"/><kerning first="114" second="95" amount="-1"/><kerning first="114" second="47" amount="-2"/><kerning first="114" second="64" amount="-1"/><kerning first="114" second="38" amount="-1"/><kerning first="115" second="55" amount="-1"/><kerning first="115" second="63" amount="-1"/><kerning first="116" second="48" amount="-1"/><kerning first="116" second="49" amount="-1"/><kerning first="116" second="52" amount="-1"/><kerning first="116" second="54" amount="-1"/><kerning first="116" second="55" amount="-1"/><kerning first="116" second="99" amount="-1"/><kerning first="116" second="100" amount="-1"/><kerning first="116" second="101" amount="-1"/><kerning first="116" second="103" amount="-1"/><kerning first="116" second="111" amount="-1"/><kerning first="116" second="113" amount="-1"/><kerning first="116" second="116" amount="-1"/><kerning first="116" second="63" amount="-1"/><kerning first="116" second="42" amount="-1"/><kerning first="116" second="95" amount="1"/><kerning first="117" second="84" amount="-3"/><kerning first="117" second="86" amount="-1"/><kerning first="117" second="87" amount="-1"/><kerning first="117" second="88" amount="-1"/><kerning first="117" second="89" amount="-2"/><kerning first="117" second="63" amount="1"/><kerning first="118" second="49" amount="1"/><kerning first="118" second="50" amount="1"/><kerning first="118" second="52" amount="-1"/><kerning first="118" second="55" amount="1"/><kerning first="118" second="57" amount="1"/><kerning first="118" second="97" amount="-1"/><kerning first="118" second="99" amount="-1"/><kerning first="118" second="100" amount="-1"/><kerning first="118" second="101" amount="-1"/><kerning first="118" second="103" amount="-1"/><kerning first="118" second="106" amount="-1"/><kerning first="118" second="111" amount="-1"/><kerning first="118" second="113" amount="-1"/><kerning first="118" second="116" amount="1"/><kerning first="118" second="118" amount="-1"/><kerning first="118" second="119" amount="-1"/><kerning first="118" second="120" amount="-1"/><kerning first="118" second="121" amount="-1"/><kerning first="118" second="65" amount="-1"/><kerning first="118" second="84" amount="-1"/><kerning first="118" second="88" amount="-1"/><kerning first="118" second="89" amount="-1"/><kerning first="118" second="63" amount="2"/><kerning first="118" second="42" amount="2"/><kerning first="118" second="95" amount="-1"/><kerning first="118" second="43" amount="-1"/><kerning first="118" second="45" amount="-1"/><kerning first="118" second="46" amount="-1"/><kerning first="118" second="44" amount="-1"/><kerning first="118" second="47" amount="-1"/><kerning first="118" second="38" amount="-1"/><kerning first="119" second="49" amount="1"/><kerning first="119" second="50" amount="1"/><kerning first="119" second="52" amount="-1"/><kerning first="119" second="55" amount="1"/><kerning first="119" second="57" amount="1"/><kerning first="119" second="97" amount="-1"/><kerning first="119" second="99" amount="-1"/><kerning first="119" second="100" amount="-1"/><kerning first="119" second="101" amount="-1"/><kerning first="119" second="103" amount="-1"/><kerning first="119" second="106" amount="-1"/><kerning first="119" second="111" amount="-1"/><kerning first="119" second="113" amount="-1"/><kerning first="119" second="116" amount="1"/><kerning first="119" second="118" amount="-1"/><kerning first="119" second="119" amount="-1"/><kerning first="119" second="120" amount="-1"/><kerning first="119" second="121" amount="-1"/><kerning first="119" second="65" amount="-1"/><kerning first="119" second="84" amount="-1"/><kerning first="119" second="88" amount="-1"/><kerning first="119" second="89" amount="-1"/><kerning first="119" second="63" amount="2"/><kerning first="119" second="42" amount="2"/><kerning first="119" second="95" amount="-1"/><kerning first="119" second="43" amount="-1"/><kerning first="119" second="45" amount="-1"/><kerning first="119" second="46" amount="-1"/><kerning first="119" second="44" amount="-1"/><kerning first="119" second="47" amount="-1"/><kerning first="119" second="38" amount="-1"/><kerning first="120" second="49" amount="1"/><kerning first="120" second="52" amount="-2"/><kerning first="120" second="99" amount="-1"/><kerning first="120" second="100" amount="-1"/><kerning first="120" second="101" amount="-1"/><kerning first="120" second="103" amount="-1"/><kerning first="120" second="106" amount="1"/><kerning first="120" second="111" amount="-1"/><kerning first="120" second="113" amount="-1"/><kerning first="120" second="118" amount="-1"/><kerning first="120" second="119" amount="-1"/><kerning first="120" second="121" amount="-1"/><kerning first="120" second="67" amount="-1"/><kerning first="120" second="71" amount="-1"/><kerning first="120" second="79" amount="-1"/><kerning first="120" second="81" amount="-1"/><kerning first="120" second="84" amount="-1"/><kerning first="120" second="86" amount="-1"/><kerning first="120" second="87" amount="-1"/><kerning first="120" second="89" amount="-1"/><kerning first="120" second="63" amount="1"/><kerning first="120" second="42" amount="1"/><kerning first="120" second="95" amount="1"/><kerning first="120" second="43" amount="-1"/><kerning first="120" second="45" amount="-1"/><kerning first="120" second="64" amount="-1"/><kerning first="120" second="38" amount="-1"/><kerning first="121" second="49" amount="1"/><kerning first="121" second="50" amount="1"/><kerning first="121" second="52" amount="-1"/><kerning first="121" second="55" amount="1"/><kerning first="121" second="57" amount="1"/><kerning first="121" second="97" amount="-1"/><kerning first="121" second="99" amount="-1"/><kerning first="121" second="100" amount="-1"/><kerning first="121" second="101" amount="-1"/><kerning first="121" second="103" amount="-1"/><kerning first="121" second="106" amount="-1"/><kerning first="121" second="111" amount="-1"/><kerning first="121" second="113" amount="-1"/><kerning first="121" second="116" amount="1"/><kerning first="121" second="118" amount="-1"/><kerning first="121" second="119" amount="-1"/><kerning first="121" second="120" amount="-1"/><kerning first="121" second="121" amount="-1"/><kerning first="121" second="65" amount="-1"/><kerning first="121" second="84" amount="-1"/><kerning first="121" second="88" amount="-1"/><kerning first="121" second="89" amount="-1"/><kerning first="121" second="63" amount="2"/><kerning first="121" second="42" amount="2"/><kerning first="121" second="95" amount="-1"/><kerning first="121" second="43" amount="-1"/><kerning first="121" second="45" amount="-1"/><kerning first="121" second="46" amount="-1"/><kerning first="121" second="44" amount="-1"/><kerning first="121" second="47" amount="-1"/><kerning first="121" second="38" amount="-1"/><kerning first="122" second="95" amount="1"/><kerning first="122" second="43" amount="-1"/><kerning first="122" second="45" amount="-1"/><kerning first="65" second="49" amount="-2"/><kerning first="65" second="52" amount="-1"/><kerning first="65" second="55" amount="-2"/><kerning first="65" second="57" amount="-1"/><kerning first="65" second="118" amount="-1"/><kerning first="65" second="119" amount="-1"/><kerning first="65" second="120" amount="-2"/><kerning first="65" second="121" amount="-1"/><kerning first="65" second="65" amount="1"/><kerning first="65" second="74" amount="1"/><kerning first="65" second="84" amount="-1"/><kerning first="65" second="85" amount="-1"/><kerning first="65" second="86" amount="-2"/><kerning first="65" second="87" amount="-2"/><kerning first="65" second="88" amount="-2"/><kerning first="65" second="89" amount="-2"/><kerning first="65" second="63" amount="-3"/><kerning first="65" second="42" amount="-4"/><kerning first="65" second="95" amount="2"/><kerning first="65" second="43" amount="-1"/><kerning first="65" second="45" amount="-1"/><kerning first="65" second="46" amount="1"/><kerning first="65" second="44" amount="1"/><kerning first="65" second="47" amount="1"/><kerning first="65" second="34" amount="-2"/><kerning first="65" second="39" amount="-2"/><kerning first="66" second="89" amount="-1"/><kerning first="67" second="48" amount="-1"/><kerning first="67" second="52" amount="-1"/><kerning first="67" second="54" amount="-1"/><kerning first="67" second="56" amount="-1"/><kerning first="67" second="99" amount="-1"/><kerning first="67" second="100" amount="-1"/><kerning first="67" second="101" amount="-1"/><kerning first="67" second="103" amount="-1"/><kerning first="67" second="111" amount="-1"/><kerning first="67" second="113" amount="-1"/><kerning first="67" second="115" amount="-1"/><kerning first="67" second="117" amount="-1"/><kerning first="67" second="120" amount="-1"/><kerning first="67" second="122" amount="-1"/><kerning first="67" second="65" amount="-1"/><kerning first="67" second="67" amount="-1"/><kerning first="67" second="71" amount="-1"/><kerning first="67" second="79" amount="-1"/><kerning first="67" second="81" amount="-1"/><kerning first="67" second="88" amount="-1"/><kerning first="67" second="42" amount="1"/><kerning first="67" second="46" amount="1"/><kerning first="67" second="44" amount="1"/><kerning first="67" second="64" amount="-1"/><kerning first="67" second="38" amount="-1"/><kerning first="68" second="51" amount="-1"/><kerning first="68" second="106" amount="3"/><kerning first="68" second="120" amount="-1"/><kerning first="68" second="74" amount="-1"/><kerning first="68" second="86" amount="-1"/><kerning first="68" second="87" amount="-1"/><kerning first="68" second="88" amount="-1"/><kerning first="68" second="89" amount="-1"/><kerning first="68" second="63" amount="-1"/><kerning first="68" second="95" amount="-1"/><kerning first="68" second="46" amount="-1"/><kerning first="68" second="44" amount="-1"/><kerning first="68" second="47" amount="-1"/><kerning first="68" second="34" amount="-1"/><kerning first="68" second="39" amount="-1"/><kerning first="69" second="52" amount="-1"/><kerning first="69" second="43" amount="-1"/><kerning first="69" second="45" amount="-1"/><kerning first="70" second="48" amount="-1"/><kerning first="70" second="49" amount="1"/><kerning first="70" second="52" amount="-2"/><kerning first="70" second="53" amount="-1"/><kerning first="70" second="54" amount="-1"/><kerning first="70" second="56" amount="-1"/><kerning first="70" second="97" amount="-1"/><kerning first="70" second="99" amount="-1"/><kerning first="70" second="100" amount="-1"/><kerning first="70" second="101" amount="-1"/><kerning first="70" second="103" amount="-1"/><kerning first="70" second="106" amount="-1"/><kerning first="70" second="111" amount="-1"/><kerning first="70" second="113" amount="-1"/><kerning first="70" second="117" amount="-1"/><kerning first="70" second="120" amount="-1"/><kerning first="70" second="122" amount="-1"/><kerning first="70" second="65" amount="-1"/><kerning first="70" second="74" amount="-1"/><kerning first="70" second="88" amount="-1"/><kerning first="70" second="33" amount="1"/><kerning first="70" second="42" amount="1"/><kerning first="70" second="95" amount="-1"/><kerning first="70" second="47" amount="-2"/><kerning first="70" second="34" amount="2"/><kerning first="70" second="39" amount="2"/><kerning first="70" second="38" amount="-1"/><kerning first="74" second="65" amount="-1"/><kerning first="74" second="84" amount="-1"/><kerning first="75" second="48" amount="-1"/><kerning first="75" second="49" amount="1"/><kerning first="75" second="52" amount="-2"/><kerning first="75" second="54" amount="-1"/><kerning first="75" second="56" amount="-1"/><kerning first="75" second="97" amount="-1"/><kerning first="75" second="99" amount="-1"/><kerning first="75" second="100" amount="-1"/><kerning first="75" second="101" amount="-1"/><kerning first="75" second="103" amount="-1"/><kerning first="75" second="111" amount="-1"/><kerning first="75" second="113" amount="-1"/><kerning first="75" second="115" amount="-1"/><kerning first="75" second="116" amount="-1"/><kerning first="75" second="117" amount="-1"/><kerning first="75" second="118" amount="-2"/><kerning first="75" second="119" amount="-2"/><kerning first="75" second="120" amount="-2"/><kerning first="75" second="121" amount="-2"/><kerning first="75" second="122" amount="-1"/><kerning first="75" second="65" amount="-1"/><kerning first="75" second="67" amount="-1"/><kerning first="75" second="71" amount="-1"/><kerning first="75" second="79" amount="-1"/><kerning first="75" second="81" amount="-1"/><kerning first="75" second="83" amount="-1"/><kerning first="75" second="84" amount="-2"/><kerning first="75" second="86" amount="-2"/><kerning first="75" second="87" amount="-2"/><kerning first="75" second="88" amount="-2"/><kerning first="75" second="89" amount="-2"/><kerning first="75" second="63" amount="-2"/><kerning first="75" second="95" amount="3"/><kerning first="75" second="43" amount="-2"/><kerning first="75" second="45" amount="-2"/><kerning first="75" second="64" amount="-1"/><kerning first="75" second="36" amount="-1"/><kerning first="75" second="38" amount="-1"/><kerning first="75" second="125" amount="1"/><kerning first="75" second="91" amount="-1"/><kerning first="75" second="93" amount="1"/><kerning first="76" second="48" amount="-1"/><kerning first="76" second="49" amount="-1"/><kerning first="76" second="52" amount="-1"/><kerning first="76" second="54" amount="-1"/><kerning first="76" second="55" amount="-2"/><kerning first="76" second="118" amount="-2"/><kerning first="76" second="119" amount="-2"/><kerning first="76" second="121" amount="-2"/><kerning first="76" second="67" amount="-1"/><kerning first="76" second="71" amount="-1"/><kerning first="76" second="79" amount="-1"/><kerning first="76" second="81" amount="-1"/><kerning first="76" second="84" amount="-3"/><kerning first="76" second="86" amount="-2"/><kerning first="76" second="87" amount="-2"/><kerning first="76" second="89" amount="-3"/><kerning first="76" second="59" amount="1"/><kerning first="76" second="58" amount="1"/><kerning first="76" second="63" amount="-4"/><kerning first="76" second="42" amount="-3"/><kerning first="76" second="95" amount="2"/><kerning first="76" second="46" amount="1"/><kerning first="76" second="44" amount="1"/><kerning first="76" second="47" amount="1"/><kerning first="76" second="64" amount="-1"/><kerning first="79" second="51" amount="-1"/><kerning first="79" second="106" amount="3"/><kerning first="79" second="120" amount="-1"/><kerning first="79" second="74" amount="-1"/><kerning first="79" second="86" amount="-1"/><kerning first="79" second="87" amount="-1"/><kerning first="79" second="88" amount="-1"/><kerning first="79" second="89" amount="-1"/><kerning first="79" second="63" amount="-1"/><kerning first="79" second="95" amount="-1"/><kerning first="79" second="46" amount="-1"/><kerning first="79" second="44" amount="-1"/><kerning first="79" second="47" amount="-1"/><kerning first="79" second="34" amount="-1"/><kerning first="79" second="39" amount="-1"/><kerning first="80" second="51" amount="-1"/><kerning first="80" second="52" amount="-1"/><kerning first="80" second="97" amount="-1"/><kerning first="80" second="120" amount="-1"/><kerning first="80" second="65" amount="-2"/><kerning first="80" second="74" amount="-1"/><kerning first="80" second="84" amount="-1"/><kerning first="80" second="85" amount="-1"/><kerning first="80" second="86" amount="-1"/><kerning first="80" second="87" amount="-1"/><kerning first="80" second="88" amount="-1"/><kerning first="80" second="90" amount="-1"/><kerning first="80" second="95" amount="-2"/><kerning first="80" second="46" amount="-1"/><kerning first="80" second="44" amount="-1"/><kerning first="80" second="47" amount="-2"/><kerning first="80" second="38" amount="-1"/><kerning first="81" second="51" amount="-1"/><kerning first="81" second="106" amount="3"/><kerning first="81" second="120" amount="-1"/><kerning first="81" second="74" amount="-1"/><kerning first="81" second="86" amount="-1"/><kerning first="81" second="87" amount="-1"/><kerning first="81" second="88" amount="-1"/><kerning first="81" second="89" amount="-1"/><kerning first="81" second="63" amount="-1"/><kerning first="81" second="95" amount="2"/><kerning first="81" second="46" amount="-1"/><kerning first="81" second="44" amount="-1"/><kerning first="81" second="47" amount="2"/><kerning first="81" second="34" amount="-1"/><kerning first="81" second="39" amount="-1"/><kerning first="81" second="125" amount="1"/><kerning first="81" second="93" amount="1"/><kerning first="82" second="52" amount="-1"/><kerning first="82" second="88" amount="-1"/><kerning first="82" second="95" amount="1"/><kerning first="83" second="88" amount="-1"/><kerning first="83" second="89" amount="-1"/><kerning first="83" second="63" amount="-1"/><kerning first="83" second="42" amount="-1"/><kerning first="83" second="95" amount="-1"/><kerning first="83" second="43" amount="1"/><kerning first="83" second="45" amount="1"/><kerning first="83" second="46" amount="1"/><kerning first="83" second="44" amount="1"/><kerning first="83" second="34" amount="-1"/><kerning first="83" second="39" amount="-1"/><kerning first="84" second="48" amount="-1"/><kerning first="84" second="49" amount="2"/><kerning first="84" second="50" amount="1"/><kerning first="84" second="52" amount="-4"/><kerning first="84" second="54" amount="-1"/><kerning first="84" second="55" amount="1"/><kerning first="84" second="97" amount="-1"/><kerning first="84" second="99" amount="-2"/><kerning first="84" second="100" amount="-2"/><kerning first="84" second="101" amount="-2"/><kerning first="84" second="103" amount="-2"/><kerning first="84" second="105" amount="-1"/><kerning first="84" second="106" amount="2"/><kerning first="84" second="109" amount="-1"/><kerning first="84" second="110" amount="-1"/><kerning first="84" second="111" amount="-2"/><kerning first="84" second="112" amount="-1"/><kerning first="84" second="113" amount="-2"/><kerning first="84" second="114" amount="-1"/><kerning first="84" second="115" amount="-2"/><kerning first="84" second="117" amount="-1"/><kerning first="84" second="118" amount="-1"/><kerning first="84" second="119" amount="-1"/><kerning first="84" second="120" amount="-1"/><kerning first="84" second="121" amount="-1"/><kerning first="84" second="65" amount="-1"/><kerning first="84" second="85" amount="-1"/><kerning first="84" second="86" amount="-1"/><kerning first="84" second="87" amount="-1"/><kerning first="84" second="88" amount="-1"/><kerning first="84" second="89" amount="-1"/><kerning first="84" second="33" amount="1"/><kerning first="84" second="63" amount="1"/><kerning first="84" second="42" amount="1"/><kerning first="84" second="43" amount="-2"/><kerning first="84" second="45" amount="-2"/><kerning first="84" second="46" amount="-1"/><kerning first="84" second="44" amount="-1"/><kerning first="84" second="47" amount="-1"/><kerning first="84" second="34" amount="1"/><kerning first="84" second="39" amount="1"/><kerning first="84" second="38" amount="-1"/><kerning first="84" second="125" amount="1"/><kerning first="84" second="93" amount="1"/><kerning first="85" second="65" amount="-1"/><kerning first="85" second="84" amount="-1"/><kerning first="86" second="48" amount="-1"/><kerning first="86" second="49" amount="1"/><kerning first="86" second="52" amount="-3"/><kerning first="86" second="54" amount="-1"/><kerning first="86" second="56" amount="-1"/><kerning first="86" second="97" amount="-2"/><kerning first="86" second="99" amount="-2"/><kerning first="86" second="100" amount="-2"/><kerning first="86" second="101" amount="-2"/><kerning first="86" second="103" amount="-2"/><kerning first="86" second="109" amount="-1"/><kerning first="86" second="110" amount="-1"/><kerning first="86" second="111" amount="-2"/><kerning first="86" second="112" amount="-1"/><kerning first="86" second="113" amount="-2"/><kerning first="86" second="114" amount="-1"/><kerning first="86" second="115" amount="-3"/><kerning first="86" second="117" amount="-1"/><kerning first="86" second="118" amount="-1"/><kerning first="86" second="119" amount="-1"/><kerning first="86" second="120" amount="-1"/><kerning first="86" second="121" amount="-1"/><kerning first="86" second="122" amount="-1"/><kerning first="86" second="65" amount="-2"/><kerning first="86" second="66" amount="-1"/><kerning first="86" second="67" amount="-1"/><kerning first="86" second="68" amount="-1"/><kerning first="86" second="69" amount="-1"/><kerning first="86" second="70" amount="-1"/><kerning first="86" second="71" amount="-1"/><kerning first="86" second="72" amount="-1"/><kerning first="86" second="73" amount="-1"/><kerning first="86" second="74" amount="-1"/><kerning first="86" second="75" amount="-1"/><kerning first="86" second="76" amount="-1"/><kerning first="86" second="77" amount="-1"/><kerning first="86" second="78" amount="-1"/><kerning first="86" second="79" amount="-1"/><kerning first="86" second="80" amount="-1"/><kerning first="86" second="81" amount="-1"/><kerning first="86" second="82" amount="-1"/><kerning first="86" second="83" amount="-1"/><kerning first="86" second="84" amount="-1"/><kerning first="86" second="88" amount="-1"/><kerning first="86" second="89" amount="-1"/><kerning first="86" second="59" amount="-1"/><kerning first="86" second="58" amount="-1"/><kerning first="86" second="42" amount="1"/><kerning first="86" second="41" amount="1"/><kerning first="86" second="43" amount="-1"/><kerning first="86" second="45" amount="-1"/><kerning first="86" second="46" amount="-2"/><kerning first="86" second="44" amount="-2"/><kerning first="86" second="47" amount="-2"/><kerning first="86" second="64" amount="-1"/><kerning first="86" second="36" amount="-1"/><kerning first="86" second="38" amount="-1"/><kerning first="86" second="125" amount="1"/><kerning first="86" second="93" amount="1"/><kerning first="87" second="48" amount="-1"/><kerning first="87" second="49" amount="1"/><kerning first="87" second="52" amount="-3"/><kerning first="87" second="54" amount="-1"/><kerning first="87" second="56" amount="-1"/><kerning first="87" second="97" amount="-2"/><kerning first="87" second="99" amount="-2"/><kerning first="87" second="100" amount="-2"/><kerning first="87" second="101" amount="-2"/><kerning first="87" second="103" amount="-2"/><kerning first="87" second="109" amount="-1"/><kerning first="87" second="110" amount="-1"/><kerning first="87" second="111" amount="-2"/><kerning first="87" second="112" amount="-1"/><kerning first="87" second="113" amount="-2"/><kerning first="87" second="114" amount="-1"/><kerning first="87" second="115" amount="-3"/><kerning first="87" second="117" amount="-1"/><kerning first="87" second="118" amount="-1"/><kerning first="87" second="119" amount="-1"/><kerning first="87" second="120" amount="-1"/><kerning first="87" second="121" amount="-1"/><kerning first="87" second="122" amount="-1"/><kerning first="87" second="65" amount="-2"/><kerning first="87" second="66" amount="-1"/><kerning first="87" second="67" amount="-1"/><kerning first="87" second="68" amount="-1"/><kerning first="87" second="69" amount="-1"/><kerning first="87" second="70" amount="-1"/><kerning first="87" second="71" amount="-1"/><kerning first="87" second="72" amount="-1"/><kerning first="87" second="73" amount="-1"/><kerning first="87" second="74" amount="-1"/><kerning first="87" second="75" amount="-1"/><kerning first="87" second="76" amount="-1"/><kerning first="87" second="77" amount="-1"/><kerning first="87" second="78" amount="-1"/><kerning first="87" second="79" amount="-1"/><kerning first="87" second="80" amount="-1"/><kerning first="87" second="81" amount="-1"/><kerning first="87" second="82" amount="-1"/><kerning first="87" second="83" amount="-1"/><kerning first="87" second="84" amount="-1"/><kerning first="87" second="88" amount="-1"/><kerning first="87" second="89" amount="-1"/><kerning first="87" second="59" amount="-1"/><kerning first="87" second="58" amount="-1"/><kerning first="87" second="42" amount="1"/><kerning first="87" second="41" amount="1"/><kerning first="87" second="43" amount="-1"/><kerning first="87" second="45" amount="-1"/><kerning first="87" second="46" amount="-2"/><kerning first="87" second="44" amount="-2"/><kerning first="87" second="47" amount="-2"/><kerning first="87" second="64" amount="-1"/><kerning first="87" second="36" amount="-1"/><kerning first="87" second="38" amount="-1"/><kerning first="87" second="125" amount="1"/><kerning first="87" second="93" amount="1"/><kerning first="88" second="48" amount="-2"/><kerning first="88" second="52" amount="-2"/><kerning first="88" second="54" amount="-2"/><kerning first="88" second="56" amount="-1"/><kerning first="88" second="57" amount="-1"/><kerning first="88" second="97" amount="-1"/><kerning first="88" second="99" amount="-1"/><kerning first="88" second="100" amount="-1"/><kerning first="88" second="101" amount="-1"/><kerning first="88" second="103" amount="-1"/><kerning first="88" second="111" amount="-1"/><kerning first="88" second="113" amount="-1"/><kerning first="88" second="115" amount="-1"/><kerning first="88" second="116" amount="-1"/><kerning first="88" second="117" amount="-1"/><kerning first="88" second="118" amount="-1"/><kerning first="88" second="119" amount="-1"/><kerning first="88" second="120" amount="-2"/><kerning first="88" second="121" amount="-1"/><kerning first="88" second="122" amount="-1"/><kerning first="88" second="65" amount="-2"/><kerning first="88" second="66" amount="-1"/><kerning first="88" second="67" amount="-1"/><kerning first="88" second="68" amount="-1"/><kerning first="88" second="69" amount="-1"/><kerning first="88" second="70" amount="-1"/><kerning first="88" second="71" amount="-1"/><kerning first="88" second="72" amount="-1"/><kerning first="88" second="73" amount="-1"/><kerning first="88" second="75" amount="-1"/><kerning first="88" second="76" amount="-1"/><kerning first="88" second="77" amount="-1"/><kerning first="88" second="78" amount="-1"/><kerning first="88" second="79" amount="-1"/><kerning first="88" second="80" amount="-1"/><kerning first="88" second="81" amount="-1"/><kerning first="88" second="82" amount="-1"/><kerning first="88" second="83" amount="-1"/><kerning first="88" second="84" amount="-1"/><kerning first="88" second="86" amount="-1"/><kerning first="88" second="87" amount="-1"/><kerning first="88" second="89" amount="-1"/><kerning first="88" second="63" amount="-1"/><kerning first="88" second="95" amount="2"/><kerning first="88" second="43" amount="-1"/><kerning first="88" second="45" amount="-1"/><kerning first="88" second="47" amount="1"/><kerning first="88" second="64" amount="-1"/><kerning first="88" second="36" amount="-1"/><kerning first="88" second="38" amount="-1"/><kerning first="89" second="48" amount="-2"/><kerning first="89" second="49" amount="2"/><kerning first="89" second="52" amount="-4"/><kerning first="89" second="53" amount="-1"/><kerning first="89" second="54" amount="-2"/><kerning first="89" second="55" amount="1"/><kerning first="89" second="56" amount="-1"/><kerning first="89" second="57" amount="-1"/><kerning first="89" second="97" amount="-3"/><kerning first="89" second="99" amount="-3"/><kerning first="89" second="100" amount="-3"/><kerning first="89" second="101" amount="-3"/><kerning first="89" second="103" amount="-3"/><kerning first="89" second="106" amount="2"/><kerning first="89" second="109" amount="-2"/><kerning first="89" second="110" amount="-2"/><kerning first="89" second="111" amount="-3"/><kerning first="89" second="112" amount="-2"/><kerning first="89" second="113" amount="-3"/><kerning first="89" second="114" amount="-2"/><kerning first="89" second="115" amount="-3"/><kerning first="89" second="116" amount="-1"/><kerning first="89" second="117" amount="-1"/><kerning first="89" second="118" amount="-2"/><kerning first="89" second="119" amount="-2"/><kerning first="89" second="120" amount="-2"/><kerning first="89" second="121" amount="-2"/><kerning first="89" second="122" amount="-2"/><kerning first="89" second="65" amount="-2"/><kerning first="89" second="67" amount="-1"/><kerning first="89" second="71" amount="-1"/><kerning first="89" second="79" amount="-1"/><kerning first="89" second="81" amount="-1"/><kerning first="89" second="83" amount="-1"/><kerning first="89" second="84" amount="-1"/><kerning first="89" second="86" amount="-1"/><kerning first="89" second="87" amount="-1"/><kerning first="89" second="88" amount="-1"/><kerning first="89" second="33" amount="1"/><kerning first="89" second="59" amount="-2"/><kerning first="89" second="58" amount="-2"/><kerning first="89" second="42" amount="1"/><kerning first="89" second="43" amount="-1"/><kerning first="89" second="45" amount="-1"/><kerning first="89" second="46" amount="-2"/><kerning first="89" second="44" amount="-2"/><kerning first="89" second="47" amount="-1"/><kerning first="89" second="64" amount="-1"/><kerning first="89" second="36" amount="-1"/><kerning first="89" second="38" amount="-2"/><kerning first="89" second="125" amount="1"/><kerning first="89" second="93" amount="1"/><kerning first="90" second="48" amount="-1"/><kerning first="90" second="49" amount="1"/><kerning first="90" second="52" amount="-1"/><kerning first="90" second="54" amount="-1"/><kerning first="90" second="95" amount="1"/><kerning first="90" second="46" amount="1"/><kerning first="90" second="44" amount="1"/><kerning first="90" second="125" amount="1"/><kerning first="90" second="93" amount="1"/><kerning first="59" second="47" amount="2"/><kerning first="37" second="49" amount="-1"/><kerning first="37" second="52" amount="1"/><kerning first="37" second="53" amount="1"/><kerning first="37" second="55" amount="-1"/><kerning first="37" second="56" amount="1"/><kerning first="37" second="37" amount="-5"/><kerning first="37" second="63" amount="-2"/><kerning first="37" second="41" amount="-1"/><kerning first="37" second="43" amount="1"/><kerning first="37" second="45" amount="1"/><kerning first="37" second="46" amount="1"/><kerning first="37" second="44" amount="1"/><kerning first="37" second="34" amount="-1"/><kerning first="37" second="39" amount="-1"/><kerning first="58" second="47" amount="2"/><kerning first="63" second="51" amount="-1"/><kerning first="63" second="52" amount="-2"/><kerning first="63" second="63" amount="-1"/><kerning first="63" second="95" amount="-1"/><kerning first="63" second="46" amount="-2"/><kerning first="63" second="44" amount="-2"/><kerning first="63" second="47" amount="-1"/><kerning first="42" second="49" amount="1"/><kerning first="42" second="50" amount="1"/><kerning first="42" second="52" amount="-1"/><kerning first="42" second="55" amount="1"/><kerning first="42" second="57" amount="1"/><kerning first="42" second="99" amount="-1"/><kerning first="42" second="100" amount="-1"/><kerning first="42" second="101" amount="-1"/><kerning first="42" second="103" amount="-1"/><kerning first="42" second="105" amount="3"/><kerning first="42" second="109" amount="3"/><kerning first="42" second="110" amount="3"/><kerning first="42" second="111" amount="-1"/><kerning first="42" second="112" amount="3"/><kerning first="42" second="113" amount="-1"/><kerning first="42" second="114" amount="3"/><kerning first="42" second="116" amount="1"/><kerning first="42" second="118" amount="2"/><kerning first="42" second="119" amount="2"/><kerning first="42" second="120" amount="1"/><kerning first="42" second="121" amount="2"/><kerning first="42" second="122" amount="1"/><kerning first="42" second="65" amount="-4"/><kerning first="42" second="74" amount="-1"/><kerning first="42" second="84" amount="1"/><kerning first="42" second="86" amount="1"/><kerning first="42" second="87" amount="1"/><kerning first="42" second="89" amount="1"/><kerning first="42" second="37" amount="1"/><kerning first="42" second="63" amount="1"/><kerning first="42" second="42" amount="1"/><kerning first="42" second="46" amount="-2"/><kerning first="42" second="44" amount="-2"/><kerning first="42" second="47" amount="-6"/><kerning first="42" second="34" amount="1"/><kerning first="42" second="39" amount="1"/><kerning first="40" second="52" amount="-1"/><kerning first="40" second="47" amount="2"/><kerning first="40" second="125" amount="1"/><kerning first="40" second="93" amount="1"/><kerning first="41" second="84" amount="-1"/><kerning first="95" second="48" amount="-1"/><kerning first="95" second="50" amount="1"/><kerning first="95" second="51" amount="1"/><kerning first="95" second="52" amount="-1"/><kerning first="95" second="54" amount="-1"/><kerning first="95" second="37" amount="-1"/><kerning first="95" second="63" amount="-1"/><kerning first="95" second="47" amount="5"/><kerning first="95" second="125" amount="1"/><kerning first="95" second="93" amount="1"/><kerning first="43" second="49" amount="-1"/><kerning first="43" second="50" amount="-1"/><kerning first="43" second="51" amount="-1"/><kerning first="43" second="37" amount="-1"/><kerning first="43" second="63" amount="-2"/><kerning first="45" second="49" amount="-1"/><kerning first="45" second="50" amount="-1"/><kerning first="45" second="51" amount="-1"/><kerning first="45" second="37" amount="-1"/><kerning first="45" second="63" amount="-2"/><kerning first="46" second="48" amount="-1"/><kerning first="46" second="49" amount="-1"/><kerning first="46" second="54" amount="-1"/><kerning first="46" second="55" amount="-1"/><kerning first="46" second="37" amount="-3"/><kerning first="46" second="63" amount="-2"/><kerning first="46" second="47" amount="4"/><kerning first="46" second="34" amount="-2"/><kerning first="46" second="39" amount="-2"/><kerning first="44" second="48" amount="-1"/><kerning first="44" second="49" amount="-1"/><kerning first="44" second="54" amount="-1"/><kerning first="44" second="55" amount="-1"/><kerning first="44" second="37" amount="-3"/><kerning first="44" second="63" amount="-2"/><kerning first="44" second="47" amount="4"/><kerning first="44" second="34" amount="-2"/><kerning first="44" second="39" amount="-2"/><kerning first="47" second="48" amount="-1"/><kerning first="47" second="49" amount="1"/><kerning first="47" second="52" amount="-3"/><kerning first="47" second="54" amount="-1"/><kerning first="47" second="56" amount="-1"/><kerning first="47" second="59" amount="-1"/><kerning first="47" second="58" amount="-1"/><kerning first="47" second="41" amount="2"/><kerning first="47" second="95" amount="-5"/><kerning first="47" second="43" amount="-3"/><kerning first="47" second="45" amount="-3"/><kerning first="47" second="46" amount="-4"/><kerning first="47" second="44" amount="-4"/><kerning first="47" second="47" amount="-3"/><kerning first="47" second="34" amount="3"/><kerning first="47" second="39" amount="3"/><kerning first="47" second="38" amount="-1"/><kerning first="47" second="125" amount="1"/><kerning first="47" second="93" amount="1"/><kerning first="34" second="49" amount="2"/><kerning first="34" second="50" amount="1"/><kerning first="34" second="51" amount="1"/><kerning first="34" second="52" amount="-2"/><kerning first="34" second="55" amount="2"/><kerning first="34" second="57" amount="2"/><kerning first="34" second="37" amount="1"/><kerning first="34" second="63" amount="1"/><kerning first="34" second="46" amount="-2"/><kerning first="34" second="44" amount="-2"/><kerning first="34" second="47" amount="-3"/><kerning first="34" second="34" amount="2"/><kerning first="34" second="39" amount="2"/><kerning first="34" second="38" amount="-1"/><kerning first="34" second="125" amount="1"/><kerning first="34" second="93" amount="1"/><kerning first="39" second="49" amount="2"/><kerning first="39" second="50" amount="1"/><kerning first="39" second="51" amount="1"/><kerning first="39" second="52" amount="-2"/><kerning first="39" second="55" amount="2"/><kerning first="39" second="57" amount="2"/><kerning first="39" second="37" amount="1"/><kerning first="39" second="63" amount="1"/><kerning first="39" second="46" amount="-2"/><kerning first="39" second="44" amount="-2"/><kerning first="39" second="47" amount="-3"/><kerning first="39" second="34" amount="2"/><kerning first="39" second="39" amount="2"/><kerning first="39" second="38" amount="-1"/><kerning first="39" second="125" amount="1"/><kerning first="39" second="93" amount="1"/><kerning first="64" second="51" amount="-1"/><kerning first="64" second="106" amount="3"/><kerning first="64" second="120" amount="-1"/><kerning first="64" second="74" amount="-1"/><kerning first="64" second="86" amount="-1"/><kerning first="64" second="87" amount="-1"/><kerning first="64" second="88" amount="-1"/><kerning first="64" second="89" amount="-1"/><kerning first="64" second="63" amount="-1"/><kerning first="64" second="95" amount="-1"/><kerning first="64" second="46" amount="-1"/><kerning first="64" second="44" amount="-1"/><kerning first="64" second="47" amount="-1"/><kerning first="64" second="34" amount="-1"/><kerning first="64" second="39" amount="-1"/><kerning first="36" second="88" amount="-1"/><kerning first="36" second="89" amount="-1"/><kerning first="36" second="63" amount="-1"/><kerning first="36" second="42" amount="-1"/><kerning first="36" second="95" amount="-1"/><kerning first="36" second="43" amount="1"/><kerning first="36" second="45" amount="1"/><kerning first="36" second="46" amount="1"/><kerning first="36" second="44" amount="1"/><kerning first="36" second="34" amount="-1"/><kerning first="36" second="39" amount="-1"/><kerning first="38" second="49" amount="-1"/><kerning first="38" second="50" amount="-1"/><kerning first="38" second="55" amount="-1"/><kerning first="38" second="33" amount="-1"/><kerning first="38" second="37" amount="-2"/><kerning first="38" second="63" amount="-3"/><kerning first="38" second="95" amount="1"/><kerning first="38" second="47" amount="1"/><kerning first="38" second="34" amount="-2"/><kerning first="38" second="39" amount="-2"/><kerning first="38" second="125" amount="-1"/><kerning first="38" second="93" amount="-1"/><kerning first="123" second="49" amount="1"/><kerning first="123" second="52" amount="-1"/><kerning first="123" second="55" amount="1"/><kerning first="123" second="63" amount="1"/><kerning first="123" second="41" amount="1"/><kerning first="123" second="95" amount="1"/><kerning first="123" second="47" amount="2"/><kerning first="123" second="34" amount="1"/><kerning first="123" second="39" amount="1"/><kerning first="91" second="49" amount="1"/><kerning first="91" second="52" amount="-1"/><kerning first="91" second="55" amount="1"/><kerning first="91" second="63" amount="1"/><kerning first="91" second="41" amount="1"/><kerning first="91" second="95" amount="1"/><kerning first="91" second="47" amount="2"/><kerning first="91" second="34" amount="1"/><kerning first="91" second="39" amount="1"/></kernings></font>