<?xml version="1.0" encoding="UTF-8"?><font><info face="bonus" size="48" bold="0" italic="0" charset="" unicode="1" stretchH="100" smooth="1" aa="1" padding="1,1,1,1" spacing="1,1"/><common lineHeight="48" base="46" scaleW="363" scaleH="368" pages="1" packed="0"/><pages><page id="0" file="Unnamed.png"/></pages><chars count="81"><char id="32" x="0" y="0" width="0" height="0" xoffset="0" yoffset="0" xadvance="14" page="0" chnl="15"/><!--   --><char id="33" x="335" y="231" width="18" height="42" xoffset="-2" yoffset="9" xadvance="14" page="0" chnl="15"/><!-- ! --><char id="35" x="110" y="0" width="41" height="42" xoffset="-3" yoffset="9" xadvance="35" page="0" chnl="15"/><!-- # --><char id="36" x="191" y="202" width="36" height="53" xoffset="-3" yoffset="4" xadvance="31" page="0" chnl="15"/><!-- $ --><char id="37" x="0" y="166" width="48" height="42" xoffset="-3" yoffset="9" xadvance="43" page="0" chnl="15"/><!-- % --><char id="39" x="0" y="346" width="15" height="22" xoffset="-2" yoffset="9" xadvance="12" page="0" chnl="15"/><!-- ' --><char id="40" x="335" y="76" width="22" height="53" xoffset="-1" yoffset="7" xadvance="18" page="0" chnl="15"/><!-- ( --><char id="41" x="335" y="130" width="22" height="53" xoffset="-4" yoffset="7" xadvance="18" page="0" chnl="15"/><!-- ) --><char id="42" x="302" y="253" width="29" height="27" xoffset="-4" yoffset="7" xadvance="21" page="0" chnl="15"/><!-- * --><char id="43" x="302" y="133" width="32" height="30" xoffset="-2" yoffset="15" xadvance="29" page="0" chnl="15"/><!-- + --><char id="44" x="190" y="344" width="18" height="24" xoffset="-3" yoffset="34" xadvance="13" page="0" chnl="15"/><!-- , --><char id="45" x="63" y="347" width="23" height="14" xoffset="-2" yoffset="26" xadvance="19" page="0" chnl="15"/><!-- - --><char id="46" x="16" y="346" width="18" height="17" xoffset="-3" yoffset="34" xadvance="13" page="0" chnl="15"/><!-- . --><char id="47" x="302" y="164" width="31" height="53" xoffset="-6" yoffset="3" xadvance="19" page="0" chnl="15"/><!-- / --><char id="48" x="191" y="0" width="37" height="43" xoffset="-2" yoffset="9" xadvance="33" page="0" chnl="15"/><!-- 0 --><char id="49" x="302" y="326" width="23" height="42" xoffset="-4" yoffset="9" xadvance="19" page="0" chnl="15"/><!-- 1 --><char id="50" x="229" y="88" width="36" height="42" xoffset="-5" yoffset="9" xadvance="29" page="0" chnl="15"/><!-- 2 --><char id="51" x="229" y="254" width="35" height="43" xoffset="-4" yoffset="9" xadvance="29" page="0" chnl="15"/><!-- 3 --><char id="52" x="110" y="87" width="40" height="42" xoffset="-3" yoffset="9" xadvance="34" page="0" chnl="15"/><!-- 4 --><char id="53" x="229" y="298" width="35" height="43" xoffset="-4" yoffset="9" xadvance="29" page="0" chnl="15"/><!-- 5 --><char id="54" x="190" y="256" width="36" height="43" xoffset="-2" yoffset="9" xadvance="31" page="0" chnl="15"/><!-- 6 --><char id="55" x="229" y="131" width="36" height="42" xoffset="-3" yoffset="9" xadvance="30" page="0" chnl="15"/><!-- 7 --><char id="56" x="190" y="300" width="36" height="43" xoffset="-2" yoffset="9" xadvance="32" page="0" chnl="15"/><!-- 8 --><char id="57" x="229" y="0" width="36" height="43" xoffset="-3" yoffset="9" xadvance="31" page="0" chnl="15"/><!-- 9 --><char id="61" x="229" y="342" width="32" height="26" xoffset="-2" yoffset="17" xadvance="29" page="0" chnl="15"/><!-- = --><char id="63" x="266" y="86" width="35" height="42" xoffset="-5" yoffset="9" xadvance="29" page="0" chnl="15"/><!-- ? --><char id="64" x="0" y="43" width="54" height="52" xoffset="-2" yoffset="9" xadvance="50" page="0" chnl="15"/><!-- @ --><char id="65" x="0" y="260" width="47" height="42" xoffset="-5" yoffset="9" xadvance="37" page="0" chnl="15"/><!-- A --><char id="66" x="110" y="130" width="40" height="42" xoffset="-1" yoffset="9" xadvance="37" page="0" chnl="15"/><!-- B --><char id="67" x="63" y="173" width="42" height="43" xoffset="-3" yoffset="9" xadvance="36" page="0" chnl="15"/><!-- C --><char id="68" x="63" y="87" width="43" height="42" xoffset="-1" yoffset="9" xadvance="40" page="0" chnl="15"/><!-- D --><char id="69" x="266" y="0" width="35" height="42" xoffset="-1" yoffset="9" xadvance="33" page="0" chnl="15"/><!-- E --><char id="70" x="266" y="43" width="35" height="42" xoffset="-1" yoffset="9" xadvance="31" page="0" chnl="15"/><!-- F --><char id="71" x="63" y="217" width="42" height="43" xoffset="-3" yoffset="9" xadvance="38" page="0" chnl="15"/><!-- G --><char id="72" x="110" y="173" width="40" height="42" xoffset="-1" yoffset="9" xadvance="39" page="0" chnl="15"/><!-- H --><char id="73" x="335" y="274" width="17" height="42" xoffset="-1" yoffset="9" xadvance="16" page="0" chnl="15"/><!-- I --><char id="74" x="302" y="54" width="32" height="43" xoffset="-5" yoffset="9" xadvance="26" page="0" chnl="15"/><!-- J --><char id="75" x="63" y="261" width="42" height="42" xoffset="-1" yoffset="9" xadvance="36" page="0" chnl="15"/><!-- K --><char id="76" x="266" y="234" width="34" height="42" xoffset="-1" yoffset="9" xadvance="29" page="0" chnl="15"/><!-- L --><char id="77" x="0" y="303" width="47" height="42" xoffset="-1" yoffset="9" xadvance="46" page="0" chnl="15"/><!-- M --><char id="78" x="110" y="216" width="40" height="42" xoffset="-1" yoffset="9" xadvance="39" page="0" chnl="15"/><!-- N --><char id="79" x="63" y="0" width="46" height="43" xoffset="-3" yoffset="9" xadvance="41" page="0" chnl="15"/><!-- O --><char id="80" x="152" y="135" width="38" height="42" xoffset="-1" yoffset="9" xadvance="36" page="0" chnl="15"/><!-- P --><char id="81" x="0" y="209" width="47" height="50" xoffset="-3" yoffset="9" xadvance="41" page="0" chnl="15"/><!-- Q --><char id="82" x="110" y="259" width="40" height="42" xoffset="-1" yoffset="9" xadvance="36" page="0" chnl="15"/><!-- R --><char id="83" x="229" y="44" width="36" height="43" xoffset="-3" yoffset="9" xadvance="31" page="0" chnl="15"/><!-- S --><char id="84" x="152" y="178" width="38" height="42" xoffset="-4" yoffset="9" xadvance="30" page="0" chnl="15"/><!-- T --><char id="85" x="110" y="43" width="40" height="43" xoffset="-1" yoffset="9" xadvance="38" page="0" chnl="15"/><!-- U --><char id="86" x="63" y="44" width="45" height="42" xoffset="-5" yoffset="9" xadvance="36" page="0" chnl="15"/><!-- V --><char id="87" x="0" y="0" width="62" height="42" xoffset="-3" yoffset="9" xadvance="56" page="0" chnl="15"/><!-- W --><char id="88" x="63" y="130" width="43" height="42" xoffset="-4" yoffset="9" xadvance="35" page="0" chnl="15"/><!-- X --><char id="89" x="63" y="304" width="42" height="42" xoffset="-5" yoffset="9" xadvance="33" page="0" chnl="15"/><!-- Y --><char id="90" x="110" y="302" width="39" height="42" xoffset="-3" yoffset="9" xadvance="33" page="0" chnl="15"/><!-- Z --><char id="92" x="302" y="0" width="32" height="53" xoffset="-7" yoffset="3" xadvance="19" page="0" chnl="15"/><!-- \ --><char id="95" x="110" y="345" width="32" height="12" xoffset="-4" yoffset="43" xadvance="24" page="0" chnl="15"/><!-- _ --><char id="97" x="266" y="277" width="33" height="34" xoffset="-2" yoffset="17" xadvance="30" page="0" chnl="15"/><!-- a --><char id="98" x="152" y="256" width="37" height="44" xoffset="-1" yoffset="7" xadvance="34" page="0" chnl="15"/><!-- b --><char id="99" x="266" y="129" width="35" height="34" xoffset="-3" yoffset="17" xadvance="29" page="0" chnl="15"/><!-- c --><char id="100" x="152" y="301" width="37" height="44" xoffset="-3" yoffset="7" xadvance="34" page="0" chnl="15"/><!-- d --><char id="101" x="229" y="174" width="36" height="34" xoffset="-3" yoffset="17" xadvance="31" page="0" chnl="15"/><!-- e --><char id="102" x="302" y="281" width="28" height="44" xoffset="-4" yoffset="7" xadvance="19" page="0" chnl="15"/><!-- f --><char id="103" x="152" y="0" width="38" height="44" xoffset="-3" yoffset="17" xadvance="34" page="0" chnl="15"/><!-- g --><char id="104" x="229" y="209" width="35" height="44" xoffset="-1" yoffset="7" xadvance="34" page="0" chnl="15"/><!-- h --><char id="105" x="335" y="184" width="18" height="46" xoffset="-2" yoffset="5" xadvance="15" page="0" chnl="15"/><!-- i --><char id="106" x="266" y="312" width="24" height="56" xoffset="-8" yoffset="5" xadvance="15" page="0" chnl="15"/><!-- j --><char id="107" x="152" y="45" width="38" height="44" xoffset="-1" yoffset="7" xadvance="32" page="0" chnl="15"/><!-- k --><char id="108" x="335" y="317" width="16" height="44" xoffset="-1" yoffset="7" xadvance="15" page="0" chnl="15"/><!-- l --><char id="109" x="0" y="96" width="53" height="34" xoffset="-1" yoffset="17" xadvance="51" page="0" chnl="15"/><!-- m --><char id="110" x="266" y="164" width="35" height="34" xoffset="-1" yoffset="17" xadvance="34" page="0" chnl="15"/><!-- n --><char id="111" x="191" y="132" width="37" height="34" xoffset="-3" yoffset="17" xadvance="32" page="0" chnl="15"/><!-- o --><char id="112" x="191" y="44" width="37" height="43" xoffset="-1" yoffset="17" xadvance="34" page="0" chnl="15"/><!-- p --><char id="113" x="191" y="88" width="37" height="43" xoffset="-3" yoffset="17" xadvance="34" page="0" chnl="15"/><!-- q --><char id="114" x="335" y="41" width="25" height="34" xoffset="-1" yoffset="17" xadvance="21" page="0" chnl="15"/><!-- r --><char id="115" x="302" y="218" width="31" height="34" xoffset="-3" yoffset="17" xadvance="26" page="0" chnl="15"/><!-- s --><char id="116" x="335" y="0" width="28" height="40" xoffset="-4" yoffset="11" xadvance="21" page="0" chnl="15"/><!-- t --><char id="117" x="266" y="199" width="35" height="34" xoffset="-1" yoffset="17" xadvance="33" page="0" chnl="15"/><!-- u --><char id="118" x="152" y="221" width="38" height="34" xoffset="-5" yoffset="17" xadvance="29" page="0" chnl="15"/><!-- v --><char id="119" x="0" y="131" width="53" height="34" xoffset="-4" yoffset="17" xadvance="45" page="0" chnl="15"/><!-- w --><char id="120" x="191" y="167" width="37" height="34" xoffset="-4" yoffset="17" xadvance="29" page="0" chnl="15"/><!-- x --><char id="121" x="152" y="90" width="38" height="44" xoffset="-5" yoffset="17" xadvance="29" page="0" chnl="15"/><!-- y --><char id="122" x="302" y="98" width="32" height="34" xoffset="-3" yoffset="17" xadvance="27" page="0" chnl="15"/><!-- z --></chars><kernings count="1120"><kerning first="48" second="65" amount="-1"/><kerning first="48" second="74" amount="-1"/><kerning first="48" second="84" amount="-1"/><kerning first="48" second="86" amount="-1"/><kerning first="48" second="87" amount="-1"/><kerning first="48" second="88" amount="-2"/><kerning first="48" second="89" amount="-2"/><kerning first="48" second="90" amount="-1"/><kerning first="48" second="46" amount="-1"/><kerning first="48" second="44" amount="-1"/><kerning first="48" second="47" amount="-1"/><kerning first="48" second="63" amount="-1"/><kerning first="48" second="95" amount="-1"/><kerning first="48" second="92" amount="-1"/><kerning first="50" second="74" amount="1"/><kerning first="50" second="86" amount="-1"/><kerning first="50" second="87" amount="-1"/><kerning first="50" second="89" amount="-1"/><kerning first="50" second="95" amount="1"/><kerning first="51" second="120" amount="-1"/><kerning first="52" second="49" amount="-1"/><kerning first="52" second="55" amount="-2"/><kerning first="52" second="97" amount="1"/><kerning first="52" second="99" amount="1"/><kerning first="52" second="100" amount="1"/><kerning first="52" second="101" amount="1"/><kerning first="52" second="103" amount="1"/><kerning first="52" second="111" amount="1"/><kerning first="52" second="113" amount="1"/><kerning first="52" second="118" amount="-1"/><kerning first="52" second="119" amount="-1"/><kerning first="52" second="120" amount="-1"/><kerning first="52" second="121" amount="-1"/><kerning first="52" second="84" amount="-3"/><kerning first="52" second="86" amount="-3"/><kerning first="52" second="87" amount="-3"/><kerning first="52" second="88" amount="-1"/><kerning first="52" second="89" amount="-4"/><kerning first="52" second="46" amount="1"/><kerning first="52" second="44" amount="1"/><kerning first="52" second="47" amount="1"/><kerning first="52" second="63" amount="-3"/><kerning first="52" second="37" amount="-1"/><kerning first="52" second="42" amount="-1"/><kerning first="52" second="95" amount="1"/><kerning first="52" second="39" amount="-1"/><kerning first="52" second="92" amount="-2"/><kerning first="53" second="55" amount="-1"/><kerning first="53" second="118" amount="-1"/><kerning first="53" second="119" amount="-1"/><kerning first="53" second="120" amount="-1"/><kerning first="53" second="121" amount="-1"/><kerning first="53" second="88" amount="-1"/><kerning first="54" second="118" amount="-1"/><kerning first="54" second="119" amount="-1"/><kerning first="54" second="120" amount="-1"/><kerning first="54" second="121" amount="-1"/><kerning first="54" second="37" amount="-1"/><kerning first="55" second="48" amount="-1"/><kerning first="55" second="52" amount="-3"/><kerning first="55" second="53" amount="-1"/><kerning first="55" second="54" amount="-1"/><kerning first="55" second="56" amount="-1"/><kerning first="55" second="97" amount="-2"/><kerning first="55" second="99" amount="-2"/><kerning first="55" second="100" amount="-2"/><kerning first="55" second="101" amount="-2"/><kerning first="55" second="103" amount="-2"/><kerning first="55" second="105" amount="-1"/><kerning first="55" second="106" amount="-1"/><kerning first="55" second="109" amount="-1"/><kerning first="55" second="110" amount="-1"/><kerning first="55" second="111" amount="-2"/><kerning first="55" second="112" amount="-1"/><kerning first="55" second="113" amount="-2"/><kerning first="55" second="114" amount="-1"/><kerning first="55" second="115" amount="-1"/><kerning first="55" second="117" amount="-1"/><kerning first="55" second="122" amount="-1"/><kerning first="55" second="65" amount="-3"/><kerning first="55" second="67" amount="-1"/><kerning first="55" second="71" amount="-1"/><kerning first="55" second="74" amount="-1"/><kerning first="55" second="79" amount="-1"/><kerning first="55" second="81" amount="-1"/><kerning first="55" second="89" amount="1"/><kerning first="55" second="46" amount="-2"/><kerning first="55" second="44" amount="-2"/><kerning first="55" second="47" amount="-2"/><kerning first="55" second="63" amount="1"/><kerning first="55" second="64" amount="-1"/><kerning first="55" second="42" amount="1"/><kerning first="55" second="45" amount="-2"/><kerning first="55" second="95" amount="-1"/><kerning first="55" second="43" amount="-2"/><kerning first="55" second="39" amount="1"/><kerning first="56" second="86" amount="-1"/><kerning first="56" second="87" amount="-1"/><kerning first="56" second="88" amount="-1"/><kerning first="56" second="89" amount="-1"/><kerning first="56" second="92" amount="-1"/><kerning first="57" second="65" amount="-1"/><kerning first="57" second="74" amount="-1"/><kerning first="57" second="84" amount="-1"/><kerning first="57" second="86" amount="-1"/><kerning first="57" second="87" amount="-1"/><kerning first="57" second="88" amount="-2"/><kerning first="57" second="89" amount="-2"/><kerning first="57" second="90" amount="-1"/><kerning first="57" second="46" amount="-1"/><kerning first="57" second="44" amount="-1"/><kerning first="57" second="47" amount="-1"/><kerning first="57" second="63" amount="-1"/><kerning first="57" second="95" amount="-1"/><kerning first="57" second="92" amount="-1"/><kerning first="97" second="49" amount="-1"/><kerning first="97" second="55" amount="-1"/><kerning first="97" second="63" amount="-2"/><kerning first="97" second="37" amount="-1"/><kerning first="97" second="42" amount="-1"/><kerning first="97" second="92" amount="-3"/><kerning first="98" second="49" amount="-1"/><kerning first="98" second="51" amount="-1"/><kerning first="98" second="55" amount="-1"/><kerning first="98" second="118" amount="-1"/><kerning first="98" second="119" amount="-1"/><kerning first="98" second="120" amount="-1"/><kerning first="98" second="121" amount="-1"/><kerning first="98" second="65" amount="-1"/><kerning first="98" second="84" amount="-3"/><kerning first="98" second="86" amount="-2"/><kerning first="98" second="87" amount="-2"/><kerning first="98" second="88" amount="-1"/><kerning first="98" second="89" amount="-2"/><kerning first="98" second="63" amount="-2"/><kerning first="98" second="37" amount="-1"/><kerning first="98" second="42" amount="-1"/><kerning first="98" second="95" amount="-1"/><kerning first="98" second="39" amount="-1"/><kerning first="98" second="92" amount="-3"/><kerning first="99" second="49" amount="-1"/><kerning first="99" second="51" amount="-1"/><kerning first="99" second="120" amount="-1"/><kerning first="99" second="84" amount="-3"/><kerning first="99" second="85" amount="-1"/><kerning first="99" second="86" amount="-1"/><kerning first="99" second="87" amount="-1"/><kerning first="99" second="89" amount="-2"/><kerning first="99" second="46" amount="1"/><kerning first="99" second="44" amount="1"/><kerning first="99" second="63" amount="-1"/><kerning first="99" second="42" amount="1"/><kerning first="99" second="41" amount="-1"/><kerning first="99" second="45" amount="-1"/><kerning first="99" second="43" amount="-1"/><kerning first="99" second="92" amount="-2"/><kerning first="100" second="116" amount="2"/><kerning first="101" second="49" amount="-1"/><kerning first="101" second="51" amount="-1"/><kerning first="101" second="55" amount="-1"/><kerning first="101" second="97" amount="-1"/><kerning first="101" second="120" amount="-1"/><kerning first="101" second="84" amount="-5"/><kerning first="101" second="86" amount="-1"/><kerning first="101" second="87" amount="-1"/><kerning first="101" second="88" amount="-2"/><kerning first="101" second="89" amount="-2"/><kerning first="101" second="63" amount="-2"/><kerning first="101" second="42" amount="-1"/><kerning first="101" second="39" amount="-1"/><kerning first="101" second="92" amount="-3"/><kerning first="102" second="49" amount="2"/><kerning first="102" second="50" amount="1"/><kerning first="102" second="51" amount="1"/><kerning first="102" second="52" amount="-1"/><kerning first="102" second="55" amount="2"/><kerning first="102" second="57" amount="1"/><kerning first="102" second="105" amount="4"/><kerning first="102" second="106" amount="2"/><kerning first="102" second="109" amount="4"/><kerning first="102" second="110" amount="4"/><kerning first="102" second="112" amount="4"/><kerning first="102" second="114" amount="4"/><kerning first="102" second="47" amount="-1"/><kerning first="102" second="63" amount="1"/><kerning first="102" second="37" amount="1"/><kerning first="102" second="42" amount="2"/><kerning first="102" second="41" amount="2"/><kerning first="102" second="95" amount="-1"/><kerning first="102" second="92" amount="3"/><kerning first="103" second="84" amount="-3"/><kerning first="103" second="86" amount="-1"/><kerning first="103" second="87" amount="-1"/><kerning first="103" second="88" amount="-2"/><kerning first="103" second="89" amount="-2"/><kerning first="103" second="63" amount="1"/><kerning first="103" second="92" amount="-3"/><kerning first="104" second="49" amount="-1"/><kerning first="104" second="55" amount="-1"/><kerning first="104" second="63" amount="-2"/><kerning first="104" second="37" amount="-1"/><kerning first="104" second="42" amount="-1"/><kerning first="104" second="92" amount="-3"/><kerning first="105" second="84" amount="-3"/><kerning first="105" second="86" amount="-1"/><kerning first="105" second="87" amount="-1"/><kerning first="105" second="88" amount="-2"/><kerning first="105" second="89" amount="-2"/><kerning first="105" second="63" amount="1"/><kerning first="105" second="92" amount="-1"/><kerning first="106" second="84" amount="-3"/><kerning first="106" second="86" amount="-1"/><kerning first="106" second="87" amount="-1"/><kerning first="106" second="88" amount="-2"/><kerning first="106" second="89" amount="-2"/><kerning first="106" second="63" amount="1"/><kerning first="106" second="92" amount="-1"/><kerning first="107" second="49" amount="1"/><kerning first="107" second="50" amount="1"/><kerning first="107" second="52" amount="-1"/><kerning first="107" second="56" amount="-1"/><kerning first="107" second="99" amount="-1"/><kerning first="107" second="100" amount="-1"/><kerning first="107" second="101" amount="-1"/><kerning first="107" second="103" amount="-1"/><kerning first="107" second="111" amount="-1"/><kerning first="107" second="113" amount="-1"/><kerning first="107" second="115" amount="-1"/><kerning first="107" second="118" amount="-1"/><kerning first="107" second="119" amount="-1"/><kerning first="107" second="120" amount="-1"/><kerning first="107" second="121" amount="-1"/><kerning first="107" second="122" amount="-1"/><kerning first="107" second="89" amount="-1"/><kerning first="107" second="63" amount="1"/><kerning first="107" second="45" amount="-1"/><kerning first="107" second="95" amount="3"/><kerning first="107" second="43" amount="-1"/><kerning first="107" second="92" amount="-2"/><kerning first="108" second="116" amount="2"/><kerning first="109" second="49" amount="-1"/><kerning first="109" second="55" amount="-1"/><kerning first="109" second="63" amount="-2"/><kerning first="109" second="37" amount="-1"/><kerning first="109" second="42" amount="-1"/><kerning first="109" second="92" amount="-3"/><kerning first="110" second="49" amount="-1"/><kerning first="110" second="55" amount="-1"/><kerning first="110" second="63" amount="-2"/><kerning first="110" second="37" amount="-1"/><kerning first="110" second="42" amount="-1"/><kerning first="110" second="92" amount="-3"/><kerning first="111" second="49" amount="-1"/><kerning first="111" second="51" amount="-1"/><kerning first="111" second="55" amount="-1"/><kerning first="111" second="118" amount="-1"/><kerning first="111" second="119" amount="-1"/><kerning first="111" second="120" amount="-1"/><kerning first="111" second="121" amount="-1"/><kerning first="111" second="65" amount="-1"/><kerning first="111" second="84" amount="-3"/><kerning first="111" second="86" amount="-2"/><kerning first="111" second="87" amount="-2"/><kerning first="111" second="88" amount="-1"/><kerning first="111" second="89" amount="-2"/><kerning first="111" second="63" amount="-2"/><kerning first="111" second="37" amount="-1"/><kerning first="111" second="42" amount="-1"/><kerning first="111" second="95" amount="-1"/><kerning first="111" second="39" amount="-1"/><kerning first="111" second="92" amount="-3"/><kerning first="112" second="49" amount="-1"/><kerning first="112" second="51" amount="-1"/><kerning first="112" second="55" amount="-1"/><kerning first="112" second="118" amount="-1"/><kerning first="112" second="119" amount="-1"/><kerning first="112" second="120" amount="-1"/><kerning first="112" second="121" amount="-1"/><kerning first="112" second="65" amount="-1"/><kerning first="112" second="84" amount="-3"/><kerning first="112" second="86" amount="-2"/><kerning first="112" second="87" amount="-2"/><kerning first="112" second="88" amount="-1"/><kerning first="112" second="89" amount="-2"/><kerning first="112" second="63" amount="-2"/><kerning first="112" second="37" amount="-1"/><kerning first="112" second="42" amount="-1"/><kerning first="112" second="95" amount="-1"/><kerning first="112" second="39" amount="-1"/><kerning first="112" second="92" amount="-3"/><kerning first="113" second="106" amount="2"/><kerning first="113" second="84" amount="-3"/><kerning first="113" second="86" amount="-1"/><kerning first="113" second="87" amount="-1"/><kerning first="113" second="88" amount="-2"/><kerning first="113" second="89" amount="-2"/><kerning first="113" second="63" amount="1"/><kerning first="113" second="92" amount="-3"/><kerning first="114" second="52" amount="-1"/><kerning first="114" second="55" amount="1"/><kerning first="114" second="57" amount="1"/><kerning first="114" second="116" amount="1"/><kerning first="114" second="118" amount="1"/><kerning first="114" second="119" amount="1"/><kerning first="114" second="121" amount="1"/><kerning first="114" second="65" amount="-2"/><kerning first="114" second="67" amount="-1"/><kerning first="114" second="71" amount="-1"/><kerning first="114" second="79" amount="-1"/><kerning first="114" second="81" amount="-1"/><kerning first="114" second="84" amount="-1"/><kerning first="114" second="86" amount="-1"/><kerning first="114" second="87" amount="-1"/><kerning first="114" second="88" amount="-2"/><kerning first="114" second="89" amount="-2"/><kerning first="114" second="47" amount="-2"/><kerning first="114" second="63" amount="1"/><kerning first="114" second="64" amount="-1"/><kerning first="114" second="42" amount="1"/><kerning first="114" second="95" amount="-1"/><kerning first="114" second="92" amount="-1"/><kerning first="115" second="55" amount="-1"/><kerning first="115" second="63" amount="-1"/><kerning first="115" second="92" amount="-3"/><kerning first="116" second="48" amount="-1"/><kerning first="116" second="49" amount="-1"/><kerning first="116" second="52" amount="-1"/><kerning first="116" second="54" amount="-1"/><kerning first="116" second="55" amount="-1"/><kerning first="116" second="99" amount="-1"/><kerning first="116" second="100" amount="-1"/><kerning first="116" second="101" amount="-1"/><kerning first="116" second="103" amount="-1"/><kerning first="116" second="111" amount="-1"/><kerning first="116" second="113" amount="-1"/><kerning first="116" second="116" amount="-1"/><kerning first="116" second="63" amount="-1"/><kerning first="116" second="42" amount="-1"/><kerning first="116" second="95" amount="1"/><kerning first="116" second="92" amount="-3"/><kerning first="117" second="84" amount="-3"/><kerning first="117" second="86" amount="-1"/><kerning first="117" second="87" amount="-1"/><kerning first="117" second="88" amount="-2"/><kerning first="117" second="89" amount="-2"/><kerning first="117" second="63" amount="1"/><kerning first="117" second="92" amount="-3"/><kerning first="118" second="49" amount="1"/><kerning first="118" second="50" amount="1"/><kerning first="118" second="52" amount="-2"/><kerning first="118" second="55" amount="1"/><kerning first="118" second="57" amount="1"/><kerning first="118" second="97" amount="-1"/><kerning first="118" second="99" amount="-1"/><kerning first="118" second="100" amount="-1"/><kerning first="118" second="101" amount="-1"/><kerning first="118" second="103" amount="-1"/><kerning first="118" second="106" amount="-1"/><kerning first="118" second="111" amount="-1"/><kerning first="118" second="113" amount="-1"/><kerning first="118" second="116" amount="1"/><kerning first="118" second="118" amount="-1"/><kerning first="118" second="119" amount="-1"/><kerning first="118" second="120" amount="-1"/><kerning first="118" second="121" amount="-1"/><kerning first="118" second="65" amount="-1"/><kerning first="118" second="84" amount="-1"/><kerning first="118" second="88" amount="-1"/><kerning first="118" second="89" amount="-1"/><kerning first="118" second="46" amount="-2"/><kerning first="118" second="44" amount="-2"/><kerning first="118" second="47" amount="-2"/><kerning first="118" second="63" amount="2"/><kerning first="118" second="42" amount="2"/><kerning first="118" second="45" amount="-1"/><kerning first="118" second="95" amount="-1"/><kerning first="118" second="43" amount="-1"/><kerning first="118" second="92" amount="-1"/><kerning first="119" second="49" amount="1"/><kerning first="119" second="50" amount="1"/><kerning first="119" second="52" amount="-2"/><kerning first="119" second="55" amount="1"/><kerning first="119" second="57" amount="1"/><kerning first="119" second="97" amount="-1"/><kerning first="119" second="99" amount="-1"/><kerning first="119" second="100" amount="-1"/><kerning first="119" second="101" amount="-1"/><kerning first="119" second="103" amount="-1"/><kerning first="119" second="106" amount="-1"/><kerning first="119" second="111" amount="-1"/><kerning first="119" second="113" amount="-1"/><kerning first="119" second="116" amount="1"/><kerning first="119" second="118" amount="-1"/><kerning first="119" second="119" amount="-1"/><kerning first="119" second="120" amount="-1"/><kerning first="119" second="121" amount="-1"/><kerning first="119" second="65" amount="-1"/><kerning first="119" second="84" amount="-1"/><kerning first="119" second="88" amount="-1"/><kerning first="119" second="89" amount="-1"/><kerning first="119" second="46" amount="-2"/><kerning first="119" second="44" amount="-2"/><kerning first="119" second="47" amount="-2"/><kerning first="119" second="63" amount="2"/><kerning first="119" second="42" amount="2"/><kerning first="119" second="45" amount="-1"/><kerning first="119" second="95" amount="-1"/><kerning first="119" second="43" amount="-1"/><kerning first="119" second="92" amount="-1"/><kerning first="120" second="49" amount="1"/><kerning first="120" second="52" amount="-2"/><kerning first="120" second="99" amount="-1"/><kerning first="120" second="100" amount="-1"/><kerning first="120" second="101" amount="-1"/><kerning first="120" second="103" amount="-1"/><kerning first="120" second="106" amount="1"/><kerning first="120" second="111" amount="-1"/><kerning first="120" second="113" amount="-1"/><kerning first="120" second="118" amount="-1"/><kerning first="120" second="119" amount="-1"/><kerning first="120" second="121" amount="-1"/><kerning first="120" second="67" amount="-1"/><kerning first="120" second="71" amount="-1"/><kerning first="120" second="79" amount="-1"/><kerning first="120" second="81" amount="-1"/><kerning first="120" second="84" amount="-1"/><kerning first="120" second="86" amount="-1"/><kerning first="120" second="87" amount="-1"/><kerning first="120" second="89" amount="-1"/><kerning first="120" second="63" amount="1"/><kerning first="120" second="64" amount="-1"/><kerning first="120" second="42" amount="1"/><kerning first="120" second="45" amount="-1"/><kerning first="120" second="95" amount="2"/><kerning first="120" second="43" amount="-1"/><kerning first="120" second="92" amount="-2"/><kerning first="121" second="49" amount="1"/><kerning first="121" second="50" amount="1"/><kerning first="121" second="52" amount="-2"/><kerning first="121" second="55" amount="1"/><kerning first="121" second="57" amount="1"/><kerning first="121" second="97" amount="-1"/><kerning first="121" second="99" amount="-1"/><kerning first="121" second="100" amount="-1"/><kerning first="121" second="101" amount="-1"/><kerning first="121" second="103" amount="-1"/><kerning first="121" second="106" amount="-1"/><kerning first="121" second="111" amount="-1"/><kerning first="121" second="113" amount="-1"/><kerning first="121" second="116" amount="1"/><kerning first="121" second="118" amount="-1"/><kerning first="121" second="119" amount="-1"/><kerning first="121" second="120" amount="-1"/><kerning first="121" second="121" amount="-1"/><kerning first="121" second="65" amount="-1"/><kerning first="121" second="84" amount="-1"/><kerning first="121" second="88" amount="-1"/><kerning first="121" second="89" amount="-1"/><kerning first="121" second="46" amount="-2"/><kerning first="121" second="44" amount="-2"/><kerning first="121" second="47" amount="-2"/><kerning first="121" second="63" amount="2"/><kerning first="121" second="42" amount="2"/><kerning first="121" second="45" amount="-1"/><kerning first="121" second="95" amount="-1"/><kerning first="121" second="43" amount="-1"/><kerning first="121" second="92" amount="-1"/><kerning first="122" second="45" amount="-1"/><kerning first="122" second="95" amount="1"/><kerning first="122" second="43" amount="-1"/><kerning first="122" second="92" amount="-3"/><kerning first="65" second="48" amount="-1"/><kerning first="65" second="49" amount="-2"/><kerning first="65" second="52" amount="-1"/><kerning first="65" second="54" amount="-1"/><kerning first="65" second="55" amount="-2"/><kerning first="65" second="57" amount="-1"/><kerning first="65" second="118" amount="-1"/><kerning first="65" second="119" amount="-1"/><kerning first="65" second="120" amount="-2"/><kerning first="65" second="121" amount="-1"/><kerning first="65" second="65" amount="1"/><kerning first="65" second="74" amount="1"/><kerning first="65" second="84" amount="-2"/><kerning first="65" second="85" amount="-1"/><kerning first="65" second="86" amount="-2"/><kerning first="65" second="87" amount="-2"/><kerning first="65" second="88" amount="-2"/><kerning first="65" second="89" amount="-2"/><kerning first="65" second="46" amount="2"/><kerning first="65" second="44" amount="2"/><kerning first="65" second="47" amount="1"/><kerning first="65" second="63" amount="-3"/><kerning first="65" second="42" amount="-5"/><kerning first="65" second="45" amount="-1"/><kerning first="65" second="95" amount="3"/><kerning first="65" second="43" amount="-1"/><kerning first="65" second="39" amount="-2"/><kerning first="65" second="92" amount="-3"/><kerning first="66" second="89" amount="-1"/><kerning first="66" second="92" amount="-1"/><kerning first="67" second="48" amount="-1"/><kerning first="67" second="52" amount="-1"/><kerning first="67" second="54" amount="-1"/><kerning first="67" second="56" amount="-1"/><kerning first="67" second="99" amount="-1"/><kerning first="67" second="100" amount="-1"/><kerning first="67" second="101" amount="-1"/><kerning first="67" second="103" amount="-1"/><kerning first="67" second="111" amount="-1"/><kerning first="67" second="113" amount="-1"/><kerning first="67" second="115" amount="-1"/><kerning first="67" second="117" amount="-1"/><kerning first="67" second="120" amount="-1"/><kerning first="67" second="122" amount="-1"/><kerning first="67" second="65" amount="-1"/><kerning first="67" second="67" amount="-1"/><kerning first="67" second="71" amount="-1"/><kerning first="67" second="79" amount="-1"/><kerning first="67" second="81" amount="-1"/><kerning first="67" second="88" amount="-1"/><kerning first="67" second="46" amount="1"/><kerning first="67" second="44" amount="1"/><kerning first="67" second="64" amount="-1"/><kerning first="67" second="42" amount="1"/><kerning first="68" second="51" amount="-1"/><kerning first="68" second="106" amount="4"/><kerning first="68" second="120" amount="-1"/><kerning first="68" second="74" amount="-1"/><kerning first="68" second="86" amount="-1"/><kerning first="68" second="87" amount="-1"/><kerning first="68" second="88" amount="-1"/><kerning first="68" second="89" amount="-1"/><kerning first="68" second="46" amount="-1"/><kerning first="68" second="44" amount="-1"/><kerning first="68" second="47" amount="-1"/><kerning first="68" second="63" amount="-1"/><kerning first="68" second="95" amount="-1"/><kerning first="68" second="39" amount="-1"/><kerning first="68" second="92" amount="-1"/><kerning first="69" second="52" amount="-1"/><kerning first="69" second="45" amount="-1"/><kerning first="69" second="43" amount="-1"/><kerning first="70" second="48" amount="-1"/><kerning first="70" second="49" amount="1"/><kerning first="70" second="52" amount="-2"/><kerning first="70" second="53" amount="-1"/><kerning first="70" second="54" amount="-1"/><kerning first="70" second="56" amount="-1"/><kerning first="70" second="97" amount="-1"/><kerning first="70" second="99" amount="-1"/><kerning first="70" second="100" amount="-1"/><kerning first="70" second="101" amount="-1"/><kerning first="70" second="103" amount="-1"/><kerning first="70" second="106" amount="-1"/><kerning first="70" second="111" amount="-1"/><kerning first="70" second="113" amount="-1"/><kerning first="70" second="117" amount="-1"/><kerning first="70" second="120" amount="-1"/><kerning first="70" second="122" amount="-1"/><kerning first="70" second="65" amount="-1"/><kerning first="70" second="74" amount="-1"/><kerning first="70" second="88" amount="-1"/><kerning first="70" second="47" amount="-2"/><kerning first="70" second="33" amount="1"/><kerning first="70" second="42" amount="1"/><kerning first="70" second="95" amount="-1"/><kerning first="70" second="39" amount="2"/><kerning first="71" second="92" amount="-1"/><kerning first="74" second="65" amount="-1"/><kerning first="74" second="84" amount="-1"/><kerning first="75" second="48" amount="-1"/><kerning first="75" second="49" amount="1"/><kerning first="75" second="52" amount="-2"/><kerning first="75" second="54" amount="-1"/><kerning first="75" second="56" amount="-1"/><kerning first="75" second="97" amount="-1"/><kerning first="75" second="99" amount="-1"/><kerning first="75" second="100" amount="-1"/><kerning first="75" second="101" amount="-1"/><kerning first="75" second="103" amount="-1"/><kerning first="75" second="111" amount="-1"/><kerning first="75" second="113" amount="-1"/><kerning first="75" second="115" amount="-1"/><kerning first="75" second="116" amount="-1"/><kerning first="75" second="117" amount="-1"/><kerning first="75" second="118" amount="-2"/><kerning first="75" second="119" amount="-2"/><kerning first="75" second="120" amount="-2"/><kerning first="75" second="121" amount="-2"/><kerning first="75" second="122" amount="-1"/><kerning first="75" second="65" amount="-1"/><kerning first="75" second="67" amount="-1"/><kerning first="75" second="71" amount="-1"/><kerning first="75" second="79" amount="-1"/><kerning first="75" second="81" amount="-1"/><kerning first="75" second="83" amount="-1"/><kerning first="75" second="84" amount="-2"/><kerning first="75" second="86" amount="-2"/><kerning first="75" second="87" amount="-2"/><kerning first="75" second="88" amount="-2"/><kerning first="75" second="89" amount="-2"/><kerning first="75" second="63" amount="-2"/><kerning first="75" second="64" amount="-1"/><kerning first="75" second="36" amount="-1"/><kerning first="75" second="45" amount="-2"/><kerning first="75" second="95" amount="3"/><kerning first="75" second="43" amount="-2"/><kerning first="76" second="48" amount="-1"/><kerning first="76" second="49" amount="-2"/><kerning first="76" second="52" amount="-1"/><kerning first="76" second="54" amount="-1"/><kerning first="76" second="55" amount="-2"/><kerning first="76" second="118" amount="-2"/><kerning first="76" second="119" amount="-2"/><kerning first="76" second="121" amount="-2"/><kerning first="76" second="67" amount="-1"/><kerning first="76" second="71" amount="-1"/><kerning first="76" second="79" amount="-1"/><kerning first="76" second="81" amount="-1"/><kerning first="76" second="84" amount="-3"/><kerning first="76" second="86" amount="-2"/><kerning first="76" second="87" amount="-2"/><kerning first="76" second="89" amount="-3"/><kerning first="76" second="46" amount="1"/><kerning first="76" second="44" amount="1"/><kerning first="76" second="47" amount="1"/><kerning first="76" second="63" amount="-4"/><kerning first="76" second="64" amount="-1"/><kerning first="76" second="42" amount="-3"/><kerning first="76" second="95" amount="2"/><kerning first="76" second="92" amount="-3"/><kerning first="79" second="51" amount="-1"/><kerning first="79" second="106" amount="4"/><kerning first="79" second="120" amount="-1"/><kerning first="79" second="74" amount="-1"/><kerning first="79" second="86" amount="-1"/><kerning first="79" second="87" amount="-1"/><kerning first="79" second="88" amount="-1"/><kerning first="79" second="89" amount="-1"/><kerning first="79" second="46" amount="-1"/><kerning first="79" second="44" amount="-1"/><kerning first="79" second="47" amount="-1"/><kerning first="79" second="63" amount="-1"/><kerning first="79" second="95" amount="-1"/><kerning first="79" second="39" amount="-1"/><kerning first="79" second="92" amount="-1"/><kerning first="80" second="51" amount="-1"/><kerning first="80" second="52" amount="-1"/><kerning first="80" second="97" amount="-1"/><kerning first="80" second="99" amount="-1"/><kerning first="80" second="100" amount="-1"/><kerning first="80" second="101" amount="-1"/><kerning first="80" second="103" amount="-1"/><kerning first="80" second="111" amount="-1"/><kerning first="80" second="113" amount="-1"/><kerning first="80" second="120" amount="-2"/><kerning first="80" second="65" amount="-2"/><kerning first="80" second="74" amount="-2"/><kerning first="80" second="84" amount="-1"/><kerning first="80" second="85" amount="-1"/><kerning first="80" second="86" amount="-1"/><kerning first="80" second="87" amount="-1"/><kerning first="80" second="88" amount="-1"/><kerning first="80" second="90" amount="-1"/><kerning first="80" second="46" amount="-1"/><kerning first="80" second="44" amount="-1"/><kerning first="80" second="47" amount="-2"/><kerning first="80" second="95" amount="-2"/><kerning first="80" second="92" amount="-1"/><kerning first="81" second="51" amount="-1"/><kerning first="81" second="106" amount="4"/><kerning first="81" second="120" amount="-1"/><kerning first="81" second="74" amount="-1"/><kerning first="81" second="86" amount="-1"/><kerning first="81" second="87" amount="-1"/><kerning first="81" second="88" amount="-1"/><kerning first="81" second="89" amount="-1"/><kerning first="81" second="46" amount="-1"/><kerning first="81" second="44" amount="-1"/><kerning first="81" second="47" amount="2"/><kerning first="81" second="63" amount="-1"/><kerning first="81" second="95" amount="2"/><kerning first="81" second="39" amount="-1"/><kerning first="81" second="92" amount="-1"/><kerning first="82" second="52" amount="-1"/><kerning first="82" second="88" amount="-1"/><kerning first="82" second="95" amount="1"/><kerning first="82" second="92" amount="-1"/><kerning first="83" second="88" amount="-1"/><kerning first="83" second="89" amount="-1"/><kerning first="83" second="46" amount="1"/><kerning first="83" second="44" amount="1"/><kerning first="83" second="63" amount="-1"/><kerning first="83" second="42" amount="-1"/><kerning first="83" second="45" amount="1"/><kerning first="83" second="95" amount="-1"/><kerning first="83" second="43" amount="1"/><kerning first="83" second="39" amount="-1"/><kerning first="84" second="48" amount="-1"/><kerning first="84" second="49" amount="2"/><kerning first="84" second="50" amount="1"/><kerning first="84" second="52" amount="-4"/><kerning first="84" second="54" amount="-1"/><kerning first="84" second="55" amount="1"/><kerning first="84" second="97" amount="-1"/><kerning first="84" second="99" amount="-3"/><kerning first="84" second="100" amount="-3"/><kerning first="84" second="101" amount="-3"/><kerning first="84" second="103" amount="-3"/><kerning first="84" second="105" amount="-1"/><kerning first="84" second="106" amount="2"/><kerning first="84" second="109" amount="-1"/><kerning first="84" second="110" amount="-1"/><kerning first="84" second="111" amount="-3"/><kerning first="84" second="112" amount="-1"/><kerning first="84" second="113" amount="-3"/><kerning first="84" second="114" amount="-1"/><kerning first="84" second="115" amount="-2"/><kerning first="84" second="117" amount="-1"/><kerning first="84" second="118" amount="-2"/><kerning first="84" second="119" amount="-2"/><kerning first="84" second="120" amount="-2"/><kerning first="84" second="121" amount="-2"/><kerning first="84" second="65" amount="-2"/><kerning first="84" second="85" amount="-1"/><kerning first="84" second="86" amount="-1"/><kerning first="84" second="87" amount="-1"/><kerning first="84" second="88" amount="-1"/><kerning first="84" second="89" amount="-1"/><kerning first="84" second="46" amount="-2"/><kerning first="84" second="44" amount="-2"/><kerning first="84" second="47" amount="-1"/><kerning first="84" second="63" amount="1"/><kerning first="84" second="33" amount="1"/><kerning first="84" second="42" amount="1"/><kerning first="84" second="45" amount="-2"/><kerning first="84" second="43" amount="-2"/><kerning first="84" second="39" amount="1"/><kerning first="84" second="92" amount="1"/><kerning first="85" second="65" amount="-1"/><kerning first="85" second="84" amount="-1"/><kerning first="86" second="48" amount="-1"/><kerning first="86" second="49" amount="1"/><kerning first="86" second="52" amount="-4"/><kerning first="86" second="53" amount="-1"/><kerning first="86" second="54" amount="-1"/><kerning first="86" second="56" amount="-1"/><kerning first="86" second="97" amount="-3"/><kerning first="86" second="99" amount="-3"/><kerning first="86" second="100" amount="-3"/><kerning first="86" second="101" amount="-3"/><kerning first="86" second="103" amount="-3"/><kerning first="86" second="109" amount="-2"/><kerning first="86" second="110" amount="-2"/><kerning first="86" second="111" amount="-3"/><kerning first="86" second="112" amount="-2"/><kerning first="86" second="113" amount="-3"/><kerning first="86" second="114" amount="-2"/><kerning first="86" second="115" amount="-3"/><kerning first="86" second="117" amount="-2"/><kerning first="86" second="118" amount="-1"/><kerning first="86" second="119" amount="-1"/><kerning first="86" second="120" amount="-2"/><kerning first="86" second="121" amount="-1"/><kerning first="86" second="122" amount="-1"/><kerning first="86" second="65" amount="-2"/><kerning first="86" second="66" amount="-1"/><kerning first="86" second="67" amount="-1"/><kerning first="86" second="68" amount="-1"/><kerning first="86" second="69" amount="-1"/><kerning first="86" second="70" amount="-1"/><kerning first="86" second="71" amount="-1"/><kerning first="86" second="72" amount="-1"/><kerning first="86" second="73" amount="-1"/><kerning first="86" second="74" amount="-1"/><kerning first="86" second="75" amount="-1"/><kerning first="86" second="76" amount="-1"/><kerning first="86" second="77" amount="-1"/><kerning first="86" second="78" amount="-1"/><kerning first="86" second="79" amount="-1"/><kerning first="86" second="80" amount="-1"/><kerning first="86" second="81" amount="-1"/><kerning first="86" second="82" amount="-1"/><kerning first="86" second="83" amount="-1"/><kerning first="86" second="84" amount="-1"/><kerning first="86" second="88" amount="-1"/><kerning first="86" second="89" amount="-1"/><kerning first="86" second="46" amount="-2"/><kerning first="86" second="44" amount="-2"/><kerning first="86" second="47" amount="-2"/><kerning first="86" second="64" amount="-1"/><kerning first="86" second="36" amount="-1"/><kerning first="86" second="42" amount="2"/><kerning first="86" second="41" amount="1"/><kerning first="86" second="45" amount="-1"/><kerning first="86" second="43" amount="-1"/><kerning first="86" second="92" amount="1"/><kerning first="87" second="48" amount="-1"/><kerning first="87" second="49" amount="1"/><kerning first="87" second="52" amount="-4"/><kerning first="87" second="53" amount="-1"/><kerning first="87" second="54" amount="-1"/><kerning first="87" second="56" amount="-1"/><kerning first="87" second="97" amount="-3"/><kerning first="87" second="99" amount="-3"/><kerning first="87" second="100" amount="-3"/><kerning first="87" second="101" amount="-3"/><kerning first="87" second="103" amount="-3"/><kerning first="87" second="109" amount="-2"/><kerning first="87" second="110" amount="-2"/><kerning first="87" second="111" amount="-3"/><kerning first="87" second="112" amount="-2"/><kerning first="87" second="113" amount="-3"/><kerning first="87" second="114" amount="-2"/><kerning first="87" second="115" amount="-3"/><kerning first="87" second="117" amount="-2"/><kerning first="87" second="118" amount="-1"/><kerning first="87" second="119" amount="-1"/><kerning first="87" second="120" amount="-2"/><kerning first="87" second="121" amount="-1"/><kerning first="87" second="122" amount="-1"/><kerning first="87" second="65" amount="-2"/><kerning first="87" second="66" amount="-1"/><kerning first="87" second="67" amount="-1"/><kerning first="87" second="68" amount="-1"/><kerning first="87" second="69" amount="-1"/><kerning first="87" second="70" amount="-1"/><kerning first="87" second="71" amount="-1"/><kerning first="87" second="72" amount="-1"/><kerning first="87" second="73" amount="-1"/><kerning first="87" second="74" amount="-1"/><kerning first="87" second="75" amount="-1"/><kerning first="87" second="76" amount="-1"/><kerning first="87" second="77" amount="-1"/><kerning first="87" second="78" amount="-1"/><kerning first="87" second="79" amount="-1"/><kerning first="87" second="80" amount="-1"/><kerning first="87" second="81" amount="-1"/><kerning first="87" second="82" amount="-1"/><kerning first="87" second="83" amount="-1"/><kerning first="87" second="84" amount="-1"/><kerning first="87" second="88" amount="-1"/><kerning first="87" second="89" amount="-1"/><kerning first="87" second="46" amount="-2"/><kerning first="87" second="44" amount="-2"/><kerning first="87" second="47" amount="-2"/><kerning first="87" second="64" amount="-1"/><kerning first="87" second="36" amount="-1"/><kerning first="87" second="42" amount="2"/><kerning first="87" second="41" amount="1"/><kerning first="87" second="45" amount="-1"/><kerning first="87" second="43" amount="-1"/><kerning first="87" second="92" amount="1"/><kerning first="88" second="48" amount="-2"/><kerning first="88" second="52" amount="-3"/><kerning first="88" second="54" amount="-2"/><kerning first="88" second="56" amount="-1"/><kerning first="88" second="57" amount="-1"/><kerning first="88" second="97" amount="-1"/><kerning first="88" second="99" amount="-1"/><kerning first="88" second="100" amount="-1"/><kerning first="88" second="101" amount="-1"/><kerning first="88" second="103" amount="-1"/><kerning first="88" second="111" amount="-1"/><kerning first="88" second="113" amount="-1"/><kerning first="88" second="115" amount="-1"/><kerning first="88" second="116" amount="-1"/><kerning first="88" second="117" amount="-1"/><kerning first="88" second="118" amount="-2"/><kerning first="88" second="119" amount="-2"/><kerning first="88" second="120" amount="-2"/><kerning first="88" second="121" amount="-2"/><kerning first="88" second="122" amount="-1"/><kerning first="88" second="65" amount="-2"/><kerning first="88" second="66" amount="-1"/><kerning first="88" second="67" amount="-1"/><kerning first="88" second="68" amount="-1"/><kerning first="88" second="69" amount="-1"/><kerning first="88" second="70" amount="-1"/><kerning first="88" second="71" amount="-1"/><kerning first="88" second="72" amount="-1"/><kerning first="88" second="73" amount="-1"/><kerning first="88" second="75" amount="-1"/><kerning first="88" second="76" amount="-1"/><kerning first="88" second="77" amount="-1"/><kerning first="88" second="78" amount="-1"/><kerning first="88" second="79" amount="-1"/><kerning first="88" second="80" amount="-1"/><kerning first="88" second="81" amount="-1"/><kerning first="88" second="82" amount="-1"/><kerning first="88" second="83" amount="-1"/><kerning first="88" second="84" amount="-1"/><kerning first="88" second="86" amount="-1"/><kerning first="88" second="87" amount="-1"/><kerning first="88" second="89" amount="-1"/><kerning first="88" second="47" amount="1"/><kerning first="88" second="63" amount="-1"/><kerning first="88" second="64" amount="-1"/><kerning first="88" second="36" amount="-1"/><kerning first="88" second="45" amount="-1"/><kerning first="88" second="95" amount="2"/><kerning first="88" second="43" amount="-1"/><kerning first="89" second="48" amount="-2"/><kerning first="89" second="49" amount="2"/><kerning first="89" second="52" amount="-5"/><kerning first="89" second="53" amount="-1"/><kerning first="89" second="54" amount="-2"/><kerning first="89" second="55" amount="1"/><kerning first="89" second="56" amount="-1"/><kerning first="89" second="57" amount="-1"/><kerning first="89" second="97" amount="-3"/><kerning first="89" second="99" amount="-3"/><kerning first="89" second="100" amount="-3"/><kerning first="89" second="101" amount="-3"/><kerning first="89" second="103" amount="-3"/><kerning first="89" second="106" amount="2"/><kerning first="89" second="109" amount="-2"/><kerning first="89" second="110" amount="-2"/><kerning first="89" second="111" amount="-3"/><kerning first="89" second="112" amount="-2"/><kerning first="89" second="113" amount="-3"/><kerning first="89" second="114" amount="-2"/><kerning first="89" second="115" amount="-3"/><kerning first="89" second="116" amount="-1"/><kerning first="89" second="117" amount="-2"/><kerning first="89" second="118" amount="-2"/><kerning first="89" second="119" amount="-2"/><kerning first="89" second="120" amount="-2"/><kerning first="89" second="121" amount="-2"/><kerning first="89" second="122" amount="-2"/><kerning first="89" second="65" amount="-2"/><kerning first="89" second="67" amount="-1"/><kerning first="89" second="71" amount="-1"/><kerning first="89" second="79" amount="-1"/><kerning first="89" second="81" amount="-1"/><kerning first="89" second="83" amount="-1"/><kerning first="89" second="84" amount="-1"/><kerning first="89" second="86" amount="-1"/><kerning first="89" second="87" amount="-1"/><kerning first="89" second="88" amount="-1"/><kerning first="89" second="46" amount="-2"/><kerning first="89" second="44" amount="-2"/><kerning first="89" second="47" amount="-1"/><kerning first="89" second="33" amount="1"/><kerning first="89" second="64" amount="-1"/><kerning first="89" second="36" amount="-1"/><kerning first="89" second="42" amount="1"/><kerning first="89" second="45" amount="-2"/><kerning first="89" second="43" amount="-2"/><kerning first="89" second="92" amount="1"/><kerning first="90" second="48" amount="-1"/><kerning first="90" second="49" amount="1"/><kerning first="90" second="52" amount="-1"/><kerning first="90" second="54" amount="-1"/><kerning first="90" second="46" amount="1"/><kerning first="90" second="44" amount="1"/><kerning first="90" second="95" amount="1"/><kerning first="46" second="48" amount="-1"/><kerning first="46" second="49" amount="-1"/><kerning first="46" second="54" amount="-1"/><kerning first="46" second="55" amount="-1"/><kerning first="46" second="47" amount="4"/><kerning first="46" second="63" amount="-3"/><kerning first="46" second="37" amount="-3"/><kerning first="46" second="39" amount="-3"/><kerning first="46" second="92" amount="-5"/><kerning first="44" second="48" amount="-1"/><kerning first="44" second="49" amount="-1"/><kerning first="44" second="54" amount="-1"/><kerning first="44" second="55" amount="-1"/><kerning first="44" second="47" amount="4"/><kerning first="44" second="63" amount="-3"/><kerning first="44" second="37" amount="-3"/><kerning first="44" second="39" amount="-3"/><kerning first="44" second="92" amount="-5"/><kerning first="47" second="48" amount="-1"/><kerning first="47" second="49" amount="1"/><kerning first="47" second="52" amount="-3"/><kerning first="47" second="54" amount="-1"/><kerning first="47" second="56" amount="-1"/><kerning first="47" second="46" amount="-5"/><kerning first="47" second="44" amount="-5"/><kerning first="47" second="47" amount="-4"/><kerning first="47" second="41" amount="2"/><kerning first="47" second="45" amount="-3"/><kerning first="47" second="95" amount="-6"/><kerning first="47" second="43" amount="-3"/><kerning first="47" second="39" amount="3"/><kerning first="47" second="92" amount="1"/><kerning first="63" second="51" amount="-1"/><kerning first="63" second="52" amount="-2"/><kerning first="63" second="46" amount="-2"/><kerning first="63" second="44" amount="-2"/><kerning first="63" second="47" amount="-1"/><kerning first="63" second="63" amount="-1"/><kerning first="63" second="95" amount="-1"/><kerning first="64" second="51" amount="-1"/><kerning first="64" second="106" amount="4"/><kerning first="64" second="120" amount="-1"/><kerning first="64" second="74" amount="-1"/><kerning first="64" second="86" amount="-1"/><kerning first="64" second="87" amount="-1"/><kerning first="64" second="88" amount="-1"/><kerning first="64" second="89" amount="-1"/><kerning first="64" second="46" amount="-1"/><kerning first="64" second="44" amount="-1"/><kerning first="64" second="47" amount="-1"/><kerning first="64" second="63" amount="-1"/><kerning first="64" second="95" amount="-1"/><kerning first="64" second="39" amount="-1"/><kerning first="64" second="92" amount="-1"/><kerning first="36" second="88" amount="-1"/><kerning first="36" second="89" amount="-1"/><kerning first="36" second="46" amount="1"/><kerning first="36" second="44" amount="1"/><kerning first="36" second="63" amount="-1"/><kerning first="36" second="42" amount="-1"/><kerning first="36" second="45" amount="1"/><kerning first="36" second="95" amount="-1"/><kerning first="36" second="43" amount="1"/><kerning first="36" second="39" amount="-1"/><kerning first="37" second="49" amount="-1"/><kerning first="37" second="52" amount="2"/><kerning first="37" second="53" amount="1"/><kerning first="37" second="55" amount="-1"/><kerning first="37" second="56" amount="1"/><kerning first="37" second="46" amount="1"/><kerning first="37" second="44" amount="1"/><kerning first="37" second="63" amount="-3"/><kerning first="37" second="37" amount="-6"/><kerning first="37" second="41" amount="-1"/><kerning first="37" second="45" amount="1"/><kerning first="37" second="43" amount="1"/><kerning first="37" second="39" amount="-1"/><kerning first="37" second="92" amount="-2"/><kerning first="42" second="49" amount="1"/><kerning first="42" second="50" amount="1"/><kerning first="42" second="52" amount="-1"/><kerning first="42" second="55" amount="1"/><kerning first="42" second="57" amount="1"/><kerning first="42" second="99" amount="-1"/><kerning first="42" second="100" amount="-1"/><kerning first="42" second="101" amount="-1"/><kerning first="42" second="103" amount="-1"/><kerning first="42" second="105" amount="4"/><kerning first="42" second="109" amount="4"/><kerning first="42" second="110" amount="4"/><kerning first="42" second="111" amount="-1"/><kerning first="42" second="112" amount="4"/><kerning first="42" second="113" amount="-1"/><kerning first="42" second="114" amount="4"/><kerning first="42" second="116" amount="1"/><kerning first="42" second="118" amount="2"/><kerning first="42" second="119" amount="2"/><kerning first="42" second="120" amount="1"/><kerning first="42" second="121" amount="2"/><kerning first="42" second="122" amount="1"/><kerning first="42" second="65" amount="-5"/><kerning first="42" second="74" amount="-1"/><kerning first="42" second="84" amount="1"/><kerning first="42" second="86" amount="2"/><kerning first="42" second="87" amount="2"/><kerning first="42" second="89" amount="1"/><kerning first="42" second="46" amount="-2"/><kerning first="42" second="44" amount="-2"/><kerning first="42" second="47" amount="-6"/><kerning first="42" second="63" amount="1"/><kerning first="42" second="37" amount="1"/><kerning first="42" second="42" amount="1"/><kerning first="42" second="39" amount="1"/><kerning first="40" second="52" amount="-1"/><kerning first="40" second="47" amount="2"/><kerning first="40" second="92" amount="2"/><kerning first="41" second="84" amount="-2"/><kerning first="45" second="49" amount="-1"/><kerning first="45" second="50" amount="-1"/><kerning first="45" second="51" amount="-1"/><kerning first="45" second="63" amount="-2"/><kerning first="45" second="37" amount="-2"/><kerning first="45" second="92" amount="-3"/><kerning first="95" second="48" amount="-1"/><kerning first="95" second="50" amount="1"/><kerning first="95" second="51" amount="1"/><kerning first="95" second="52" amount="-1"/><kerning first="95" second="54" amount="-1"/><kerning first="95" second="47" amount="6"/><kerning first="95" second="63" amount="-1"/><kerning first="95" second="37" amount="-1"/><kerning first="95" second="92" amount="-6"/><kerning first="43" second="49" amount="-1"/><kerning first="43" second="50" amount="-1"/><kerning first="43" second="51" amount="-1"/><kerning first="43" second="63" amount="-2"/><kerning first="43" second="37" amount="-2"/><kerning first="43" second="92" amount="-3"/><kerning first="39" second="49" amount="2"/><kerning first="39" second="50" amount="1"/><kerning first="39" second="51" amount="1"/><kerning first="39" second="52" amount="-2"/><kerning first="39" second="55" amount="2"/><kerning first="39" second="57" amount="2"/><kerning first="39" second="46" amount="-3"/><kerning first="39" second="44" amount="-3"/><kerning first="39" second="47" amount="-3"/><kerning first="39" second="63" amount="1"/><kerning first="39" second="37" amount="1"/><kerning first="39" second="39" amount="2"/><kerning first="39" second="92" amount="3"/><kerning first="92" second="48" amount="-1"/><kerning first="92" second="49" amount="-1"/><kerning first="92" second="54" amount="-1"/><kerning first="92" second="55" amount="-2"/><kerning first="92" second="46" amount="4"/><kerning first="92" second="44" amount="4"/><kerning first="92" second="63" amount="-3"/><kerning first="92" second="41" amount="1"/><kerning first="92" second="95" amount="7"/><kerning first="92" second="39" amount="-3"/><kerning first="92" second="92" amount="-4"/></kernings></font>