<?xml version="1.0" encoding="UTF-8"?><font><info face="heal" size="38" bold="0" italic="0" charset="" unicode="1" stretchH="100" smooth="1" aa="1" padding="1,1,1,1" spacing="1,1"/><common lineHeight="38" base="37" scaleW="297" scaleH="297" pages="1" packed="0"/><pages><page id="0" file="Unnamed.png"/></pages><chars count="75"><char id="32" x="0" y="0" width="0" height="0" xoffset="0" yoffset="0" xadvance="11" page="0" chnl="15"/><char id="33" x="278" y="127" width="15" height="35" xoffset="-2" yoffset="6" xadvance="11" page="0" chnl="15"/><char id="35" x="84" y="36" width="34" height="35" xoffset="-3" yoffset="6" xadvance="28" page="0" chnl="15"/><char id="36" x="0" y="253" width="30" height="44" xoffset="-3" yoffset="2" xadvance="25" page="0" chnl="15"/><char id="38" x="46" y="180" width="34" height="36" xoffset="-3" yoffset="6" xadvance="28" page="0" chnl="15"/><char id="40" x="278" y="44" width="18" height="43" xoffset="-1" yoffset="5" xadvance="14" page="0" chnl="15"/><char id="41" x="278" y="0" width="19" height="43" xoffset="-4" yoffset="5" xadvance="14" page="0" chnl="15"/><char id="43" x="250" y="95" width="26" height="25" xoffset="-2" yoffset="11" xadvance="23" page="0" chnl="15"/><char id="45" x="189" y="276" width="19" height="13" xoffset="-2" yoffset="20" xadvance="15" page="0" chnl="15"/><char id="46" x="157" y="279" width="16" height="15" xoffset="-3" yoffset="26" xadvance="10" page="0" chnl="15"/><char id="48" x="119" y="148" width="31" height="35" xoffset="-3" yoffset="6" xadvance="26" page="0" chnl="15"/><char id="49" x="250" y="228" width="20" height="35" xoffset="-4" yoffset="6" xadvance="15" page="0" chnl="15"/><char id="50" x="189" y="168" width="29" height="35" xoffset="-4" yoffset="6" xadvance="23" page="0" chnl="15"/><char id="51" x="189" y="204" width="29" height="35" xoffset="-4" yoffset="6" xadvance="23" page="0" chnl="15"/><char id="52" x="82" y="72" width="33" height="35" xoffset="-3" yoffset="6" xadvance="27" page="0" chnl="15"/><char id="53" x="157" y="207" width="30" height="35" xoffset="-4" yoffset="6" xadvance="23" page="0" chnl="15"/><char id="54" x="157" y="243" width="30" height="35" xoffset="-3" yoffset="6" xadvance="25" page="0" chnl="15"/><char id="55" x="189" y="240" width="29" height="35" xoffset="-3" yoffset="6" xadvance="24" page="0" chnl="15"/><char id="56" x="119" y="184" width="31" height="35" xoffset="-3" yoffset="6" xadvance="26" page="0" chnl="15"/><char id="57" x="189" y="0" width="30" height="35" xoffset="-3" yoffset="6" xadvance="25" page="0" chnl="15"/><char id="61" x="250" y="121" width="26" height="22" xoffset="-2" yoffset="13" xadvance="23" page="0" chnl="15"/><char id="63" x="220" y="168" width="28" height="35" xoffset="-4" yoffset="6" xadvance="23" page="0" chnl="15"/><char id="64" x="0" y="36" width="45" height="43" xoffset="-3" yoffset="6" xadvance="40" page="0" chnl="15"/><char id="65" x="51" y="0" width="37" height="35" xoffset="-4" yoffset="6" xadvance="30" page="0" chnl="15"/><char id="66" x="82" y="108" width="33" height="35" xoffset="-1" yoffset="6" xadvance="30" page="0" chnl="15"/><char id="67" x="46" y="217" width="34" height="35" xoffset="-3" yoffset="6" xadvance="28" page="0" chnl="15"/><char id="68" x="46" y="72" width="35" height="35" xoffset="-1" yoffset="6" xadvance="32" page="0" chnl="15"/><char id="69" x="220" y="0" width="29" height="35" xoffset="-1" yoffset="6" xadvance="26" page="0" chnl="15"/><char id="70" x="220" y="96" width="28" height="35" xoffset="-1" yoffset="6" xadvance="25" page="0" chnl="15"/><char id="71" x="46" y="253" width="34" height="35" xoffset="-3" yoffset="6" xadvance="30" page="0" chnl="15"/><char id="72" x="82" y="144" width="33" height="35" xoffset="-1" yoffset="6" xadvance="31" page="0" chnl="15"/><char id="73" x="278" y="200" width="14" height="35" xoffset="-1" yoffset="6" xadvance="13" page="0" chnl="15"/><char id="74" x="250" y="0" width="27" height="35" xoffset="-5" yoffset="6" xadvance="21" page="0" chnl="15"/><char id="75" x="89" y="0" width="34" height="35" xoffset="-1" yoffset="6" xadvance="29" page="0" chnl="15"/><char id="76" x="220" y="132" width="28" height="35" xoffset="-1" yoffset="6" xadvance="23" page="0" chnl="15"/><char id="77" x="0" y="181" width="38" height="35" xoffset="-1" yoffset="6" xadvance="37" page="0" chnl="15"/><char id="78" x="81" y="180" width="33" height="35" xoffset="-1" yoffset="6" xadvance="31" page="0" chnl="15"/><char id="79" x="0" y="217" width="38" height="35" xoffset="-3" yoffset="6" xadvance="33" page="0" chnl="15"/><char id="80" x="119" y="220" width="31" height="35" xoffset="-1" yoffset="6" xadvance="28" page="0" chnl="15"/><char id="81" x="0" y="139" width="39" height="41" xoffset="-3" yoffset="6" xadvance="33" page="0" chnl="15"/><char id="82" x="81" y="216" width="32" height="35" xoffset="-1" yoffset="6" xadvance="28" page="0" chnl="15"/><char id="83" x="189" y="36" width="30" height="35" xoffset="-3" yoffset="6" xadvance="25" page="0" chnl="15"/><char id="84" x="119" y="256" width="31" height="35" xoffset="-4" yoffset="6" xadvance="24" page="0" chnl="15"/><char id="85" x="81" y="252" width="32" height="35" xoffset="-1" yoffset="6" xadvance="30" page="0" chnl="15"/><char id="86" x="46" y="36" width="37" height="35" xoffset="-4" yoffset="6" xadvance="29" page="0" chnl="15"/><char id="87" x="0" y="0" width="50" height="35" xoffset="-3" yoffset="6" xadvance="45" page="0" chnl="15"/><char id="88" x="46" y="108" width="35" height="35" xoffset="-4" yoffset="6" xadvance="28" page="0" chnl="15"/><char id="89" x="46" y="144" width="35" height="35" xoffset="-5" yoffset="6" xadvance="26" page="0" chnl="15"/><char id="90" x="124" y="0" width="32" height="35" xoffset="-3" yoffset="6" xadvance="26" page="0" chnl="15"/><char id="97" x="220" y="204" width="28" height="29" xoffset="-3" yoffset="12" xadvance="24" page="0" chnl="15"/><char id="98" x="157" y="59" width="30" height="36" xoffset="-1" yoffset="5" xadvance="27" page="0" chnl="15"/><char id="99" x="220" y="36" width="29" height="29" xoffset="-3" yoffset="12" xadvance="23" page="0" chnl="15"/><char id="100" x="119" y="74" width="31" height="36" xoffset="-3" yoffset="5" xadvance="27" page="0" chnl="15"/><char id="101" x="189" y="72" width="30" height="29" xoffset="-3" yoffset="12" xadvance="24" page="0" chnl="15"/><char id="102" x="250" y="144" width="24" height="36" xoffset="-4" yoffset="5" xadvance="15" page="0" chnl="15"/><char id="103" x="119" y="36" width="31" height="37" xoffset="-3" yoffset="12" xadvance="27" page="0" chnl="15"/><char id="104" x="189" y="131" width="29" height="36" xoffset="-1" yoffset="5" xadvance="27" page="0" chnl="15"/><char id="105" x="278" y="88" width="15" height="38" xoffset="-2" yoffset="3" xadvance="12" page="0" chnl="15"/><char id="106" x="250" y="181" width="22" height="46" xoffset="-8" yoffset="3" xadvance="12" page="0" chnl="15"/><char id="107" x="157" y="96" width="30" height="36" xoffset="-1" yoffset="5" xadvance="26" page="0" chnl="15"/><char id="108" x="278" y="163" width="14" height="36" xoffset="-1" yoffset="5" xadvance="12" page="0" chnl="15"/><char id="109" x="0" y="109" width="42" height="29" xoffset="-1" yoffset="12" xadvance="40" page="0" chnl="15"/><char id="110" x="220" y="66" width="29" height="29" xoffset="-1" yoffset="12" xadvance="27" page="0" chnl="15"/><char id="111" x="157" y="0" width="31" height="29" xoffset="-3" yoffset="12" xadvance="25" page="0" chnl="15"/><char id="112" x="157" y="133" width="30" height="36" xoffset="-1" yoffset="12" xadvance="27" page="0" chnl="15"/><char id="113" x="157" y="170" width="30" height="36" xoffset="-3" yoffset="12" xadvance="27" page="0" chnl="15"/><char id="114" x="250" y="264" width="20" height="29" xoffset="-1" yoffset="12" xadvance="17" page="0" chnl="15"/><char id="115" x="250" y="65" width="26" height="29" xoffset="-3" yoffset="12" xadvance="21" page="0" chnl="15"/><char id="116" x="220" y="263" width="24" height="33" xoffset="-4" yoffset="8" xadvance="17" page="0" chnl="15"/><char id="117" x="220" y="234" width="28" height="28" xoffset="-1" yoffset="13" xadvance="27" page="0" chnl="15"/><char id="118" x="157" y="30" width="31" height="28" xoffset="-4" yoffset="13" xadvance="23" page="0" chnl="15"/><char id="119" x="0" y="80" width="44" height="28" xoffset="-4" yoffset="13" xadvance="36" page="0" chnl="15"/><char id="120" x="189" y="102" width="30" height="28" xoffset="-4" yoffset="13" xadvance="23" page="0" chnl="15"/><char id="121" x="119" y="111" width="31" height="36" xoffset="-4" yoffset="13" xadvance="23" page="0" chnl="15"/><char id="122" x="250" y="36" width="27" height="28" xoffset="-3" yoffset="13" xadvance="21" page="0" chnl="15"/></chars><kernings count="753"><kerning first="48" second="74" amount="-1"/><kerning first="48" second="84" amount="-1"/><kerning first="48" second="86" amount="-1"/><kerning first="48" second="87" amount="-1"/><kerning first="48" second="88" amount="-1"/><kerning first="48" second="89" amount="-1"/><kerning first="48" second="90" amount="-1"/><kerning first="48" second="63" amount="-1"/><kerning first="50" second="74" amount="1"/><kerning first="50" second="89" amount="-1"/><kerning first="51" second="120" amount="-1"/><kerning first="52" second="49" amount="-1"/><kerning first="52" second="55" amount="-2"/><kerning first="52" second="97" amount="1"/><kerning first="52" second="99" amount="1"/><kerning first="52" second="100" amount="1"/><kerning first="52" second="101" amount="1"/><kerning first="52" second="103" amount="1"/><kerning first="52" second="111" amount="1"/><kerning first="52" second="113" amount="1"/><kerning first="52" second="118" amount="-1"/><kerning first="52" second="119" amount="-1"/><kerning first="52" second="120" amount="-1"/><kerning first="52" second="121" amount="-1"/><kerning first="52" second="84" amount="-2"/><kerning first="52" second="86" amount="-2"/><kerning first="52" second="87" amount="-2"/><kerning first="52" second="89" amount="-3"/><kerning first="52" second="63" amount="-2"/><kerning first="52" second="46" amount="1"/><kerning first="52" second="38" amount="1"/><kerning first="54" second="118" amount="-1"/><kerning first="54" second="119" amount="-1"/><kerning first="54" second="120" amount="-1"/><kerning first="54" second="121" amount="-1"/><kerning first="55" second="48" amount="-1"/><kerning first="55" second="52" amount="-2"/><kerning first="55" second="53" amount="-1"/><kerning first="55" second="54" amount="-1"/><kerning first="55" second="56" amount="-1"/><kerning first="55" second="97" amount="-1"/><kerning first="55" second="99" amount="-2"/><kerning first="55" second="100" amount="-2"/><kerning first="55" second="101" amount="-2"/><kerning first="55" second="103" amount="-2"/><kerning first="55" second="105" amount="-1"/><kerning first="55" second="106" amount="-1"/><kerning first="55" second="109" amount="-1"/><kerning first="55" second="110" amount="-1"/><kerning first="55" second="111" amount="-2"/><kerning first="55" second="112" amount="-1"/><kerning first="55" second="113" amount="-2"/><kerning first="55" second="114" amount="-1"/><kerning first="55" second="115" amount="-1"/><kerning first="55" second="117" amount="-1"/><kerning first="55" second="122" amount="-1"/><kerning first="55" second="65" amount="-2"/><kerning first="55" second="67" amount="-1"/><kerning first="55" second="71" amount="-1"/><kerning first="55" second="74" amount="-1"/><kerning first="55" second="79" amount="-1"/><kerning first="55" second="81" amount="-1"/><kerning first="55" second="63" amount="1"/><kerning first="55" second="43" amount="-2"/><kerning first="55" second="45" amount="-2"/><kerning first="55" second="46" amount="-2"/><kerning first="55" second="64" amount="-1"/><kerning first="55" second="38" amount="-1"/><kerning first="56" second="86" amount="-1"/><kerning first="56" second="87" amount="-1"/><kerning first="56" second="88" amount="-1"/><kerning first="56" second="89" amount="-1"/><kerning first="57" second="74" amount="-1"/><kerning first="57" second="84" amount="-1"/><kerning first="57" second="86" amount="-1"/><kerning first="57" second="87" amount="-1"/><kerning first="57" second="88" amount="-1"/><kerning first="57" second="89" amount="-1"/><kerning first="57" second="90" amount="-1"/><kerning first="57" second="63" amount="-1"/><kerning first="97" second="49" amount="-1"/><kerning first="97" second="55" amount="-1"/><kerning first="97" second="63" amount="-2"/><kerning first="98" second="49" amount="-1"/><kerning first="98" second="51" amount="-1"/><kerning first="98" second="55" amount="-1"/><kerning first="98" second="118" amount="-1"/><kerning first="98" second="119" amount="-1"/><kerning first="98" second="120" amount="-1"/><kerning first="98" second="121" amount="-1"/><kerning first="98" second="65" amount="-1"/><kerning first="98" second="84" amount="-3"/><kerning first="98" second="86" amount="-2"/><kerning first="98" second="87" amount="-2"/><kerning first="98" second="88" amount="-1"/><kerning first="98" second="89" amount="-2"/><kerning first="98" second="63" amount="-2"/><kerning first="99" second="49" amount="-1"/><kerning first="99" second="51" amount="-1"/><kerning first="99" second="120" amount="-1"/><kerning first="99" second="84" amount="-3"/><kerning first="99" second="86" amount="-1"/><kerning first="99" second="87" amount="-1"/><kerning first="99" second="89" amount="-1"/><kerning first="99" second="63" amount="-1"/><kerning first="99" second="43" amount="-1"/><kerning first="99" second="45" amount="-1"/><kerning first="99" second="46" amount="1"/><kerning first="99" second="38" amount="-1"/><kerning first="99" second="41" amount="-1"/><kerning first="100" second="116" amount="1"/><kerning first="101" second="49" amount="-1"/><kerning first="101" second="51" amount="-1"/><kerning first="101" second="55" amount="-1"/><kerning first="101" second="97" amount="-1"/><kerning first="101" second="120" amount="-1"/><kerning first="101" second="84" amount="-4"/><kerning first="101" second="86" amount="-1"/><kerning first="101" second="87" amount="-1"/><kerning first="101" second="88" amount="-1"/><kerning first="101" second="89" amount="-2"/><kerning first="101" second="63" amount="-2"/><kerning first="102" second="49" amount="2"/><kerning first="102" second="50" amount="1"/><kerning first="102" second="51" amount="1"/><kerning first="102" second="52" amount="-1"/><kerning first="102" second="55" amount="1"/><kerning first="102" second="57" amount="1"/><kerning first="102" second="105" amount="3"/><kerning first="102" second="106" amount="2"/><kerning first="102" second="109" amount="3"/><kerning first="102" second="110" amount="3"/><kerning first="102" second="112" amount="3"/><kerning first="102" second="114" amount="3"/><kerning first="102" second="63" amount="1"/><kerning first="102" second="38" amount="-1"/><kerning first="102" second="41" amount="2"/><kerning first="103" second="84" amount="-2"/><kerning first="103" second="88" amount="-1"/><kerning first="103" second="89" amount="-2"/><kerning first="103" second="63" amount="1"/><kerning first="104" second="49" amount="-1"/><kerning first="104" second="55" amount="-1"/><kerning first="104" second="63" amount="-2"/><kerning first="105" second="84" amount="-2"/><kerning first="105" second="88" amount="-1"/><kerning first="105" second="89" amount="-2"/><kerning first="105" second="63" amount="1"/><kerning first="106" second="84" amount="-2"/><kerning first="106" second="88" amount="-1"/><kerning first="106" second="89" amount="-2"/><kerning first="106" second="63" amount="1"/><kerning first="107" second="50" amount="1"/><kerning first="107" second="52" amount="-1"/><kerning first="107" second="99" amount="-1"/><kerning first="107" second="100" amount="-1"/><kerning first="107" second="101" amount="-1"/><kerning first="107" second="103" amount="-1"/><kerning first="107" second="111" amount="-1"/><kerning first="107" second="113" amount="-1"/><kerning first="107" second="115" amount="-1"/><kerning first="107" second="118" amount="-1"/><kerning first="107" second="119" amount="-1"/><kerning first="107" second="120" amount="-1"/><kerning first="107" second="121" amount="-1"/><kerning first="107" second="89" amount="-1"/><kerning first="107" second="43" amount="-1"/><kerning first="107" second="45" amount="-1"/><kerning first="108" second="116" amount="1"/><kerning first="109" second="49" amount="-1"/><kerning first="109" second="55" amount="-1"/><kerning first="109" second="63" amount="-2"/><kerning first="110" second="49" amount="-1"/><kerning first="110" second="55" amount="-1"/><kerning first="110" second="63" amount="-2"/><kerning first="111" second="49" amount="-1"/><kerning first="111" second="51" amount="-1"/><kerning first="111" second="55" amount="-1"/><kerning first="111" second="118" amount="-1"/><kerning first="111" second="119" amount="-1"/><kerning first="111" second="120" amount="-1"/><kerning first="111" second="121" amount="-1"/><kerning first="111" second="65" amount="-1"/><kerning first="111" second="84" amount="-3"/><kerning first="111" second="86" amount="-2"/><kerning first="111" second="87" amount="-2"/><kerning first="111" second="88" amount="-1"/><kerning first="111" second="89" amount="-2"/><kerning first="111" second="63" amount="-2"/><kerning first="112" second="49" amount="-1"/><kerning first="112" second="51" amount="-1"/><kerning first="112" second="55" amount="-1"/><kerning first="112" second="118" amount="-1"/><kerning first="112" second="119" amount="-1"/><kerning first="112" second="120" amount="-1"/><kerning first="112" second="121" amount="-1"/><kerning first="112" second="65" amount="-1"/><kerning first="112" second="84" amount="-3"/><kerning first="112" second="86" amount="-2"/><kerning first="112" second="87" amount="-2"/><kerning first="112" second="88" amount="-1"/><kerning first="112" second="89" amount="-2"/><kerning first="112" second="63" amount="-2"/><kerning first="113" second="106" amount="2"/><kerning first="113" second="84" amount="-2"/><kerning first="113" second="88" amount="-1"/><kerning first="113" second="89" amount="-2"/><kerning first="113" second="63" amount="1"/><kerning first="114" second="52" amount="-1"/><kerning first="114" second="55" amount="1"/><kerning first="114" second="116" amount="1"/><kerning first="114" second="118" amount="1"/><kerning first="114" second="119" amount="1"/><kerning first="114" second="121" amount="1"/><kerning first="114" second="65" amount="-2"/><kerning first="114" second="67" amount="-1"/><kerning first="114" second="71" amount="-1"/><kerning first="114" second="79" amount="-1"/><kerning first="114" second="81" amount="-1"/><kerning first="114" second="84" amount="-1"/><kerning first="114" second="86" amount="-1"/><kerning first="114" second="87" amount="-1"/><kerning first="114" second="88" amount="-1"/><kerning first="114" second="89" amount="-1"/><kerning first="114" second="64" amount="-1"/><kerning first="114" second="38" amount="-1"/><kerning first="115" second="55" amount="-1"/><kerning first="115" second="63" amount="-1"/><kerning first="116" second="48" amount="-1"/><kerning first="116" second="49" amount="-1"/><kerning first="116" second="52" amount="-1"/><kerning first="116" second="54" amount="-1"/><kerning first="116" second="55" amount="-1"/><kerning first="116" second="99" amount="-1"/><kerning first="116" second="100" amount="-1"/><kerning first="116" second="101" amount="-1"/><kerning first="116" second="103" amount="-1"/><kerning first="116" second="111" amount="-1"/><kerning first="116" second="113" amount="-1"/><kerning first="116" second="63" amount="-1"/><kerning first="117" second="84" amount="-2"/><kerning first="117" second="88" amount="-1"/><kerning first="117" second="89" amount="-2"/><kerning first="117" second="63" amount="1"/><kerning first="118" second="49" amount="1"/><kerning first="118" second="50" amount="1"/><kerning first="118" second="52" amount="-1"/><kerning first="118" second="55" amount="1"/><kerning first="118" second="57" amount="1"/><kerning first="118" second="97" amount="-1"/><kerning first="118" second="99" amount="-1"/><kerning first="118" second="100" amount="-1"/><kerning first="118" second="101" amount="-1"/><kerning first="118" second="103" amount="-1"/><kerning first="118" second="106" amount="-1"/><kerning first="118" second="111" amount="-1"/><kerning first="118" second="113" amount="-1"/><kerning first="118" second="116" amount="1"/><kerning first="118" second="120" amount="-1"/><kerning first="118" second="65" amount="-1"/><kerning first="118" second="84" amount="-1"/><kerning first="118" second="88" amount="-1"/><kerning first="118" second="89" amount="-1"/><kerning first="118" second="63" amount="1"/><kerning first="118" second="43" amount="-1"/><kerning first="118" second="45" amount="-1"/><kerning first="118" second="46" amount="-1"/><kerning first="118" second="38" amount="-1"/><kerning first="119" second="49" amount="1"/><kerning first="119" second="50" amount="1"/><kerning first="119" second="52" amount="-1"/><kerning first="119" second="55" amount="1"/><kerning first="119" second="57" amount="1"/><kerning first="119" second="97" amount="-1"/><kerning first="119" second="99" amount="-1"/><kerning first="119" second="100" amount="-1"/><kerning first="119" second="101" amount="-1"/><kerning first="119" second="103" amount="-1"/><kerning first="119" second="106" amount="-1"/><kerning first="119" second="111" amount="-1"/><kerning first="119" second="113" amount="-1"/><kerning first="119" second="116" amount="1"/><kerning first="119" second="120" amount="-1"/><kerning first="119" second="65" amount="-1"/><kerning first="119" second="84" amount="-1"/><kerning first="119" second="88" amount="-1"/><kerning first="119" second="89" amount="-1"/><kerning first="119" second="63" amount="1"/><kerning first="119" second="43" amount="-1"/><kerning first="119" second="45" amount="-1"/><kerning first="119" second="46" amount="-1"/><kerning first="119" second="38" amount="-1"/><kerning first="120" second="52" amount="-1"/><kerning first="120" second="99" amount="-1"/><kerning first="120" second="100" amount="-1"/><kerning first="120" second="101" amount="-1"/><kerning first="120" second="103" amount="-1"/><kerning first="120" second="106" amount="1"/><kerning first="120" second="111" amount="-1"/><kerning first="120" second="113" amount="-1"/><kerning first="120" second="118" amount="-1"/><kerning first="120" second="119" amount="-1"/><kerning first="120" second="121" amount="-1"/><kerning first="120" second="84" amount="-1"/><kerning first="120" second="86" amount="-1"/><kerning first="120" second="87" amount="-1"/><kerning first="120" second="89" amount="-1"/><kerning first="120" second="63" amount="1"/><kerning first="120" second="43" amount="-1"/><kerning first="120" second="45" amount="-1"/><kerning first="120" second="38" amount="-1"/><kerning first="121" second="49" amount="1"/><kerning first="121" second="50" amount="1"/><kerning first="121" second="52" amount="-1"/><kerning first="121" second="55" amount="1"/><kerning first="121" second="57" amount="1"/><kerning first="121" second="97" amount="-1"/><kerning first="121" second="99" amount="-1"/><kerning first="121" second="100" amount="-1"/><kerning first="121" second="101" amount="-1"/><kerning first="121" second="103" amount="-1"/><kerning first="121" second="106" amount="-1"/><kerning first="121" second="111" amount="-1"/><kerning first="121" second="113" amount="-1"/><kerning first="121" second="116" amount="1"/><kerning first="121" second="120" amount="-1"/><kerning first="121" second="65" amount="-1"/><kerning first="121" second="84" amount="-1"/><kerning first="121" second="88" amount="-1"/><kerning first="121" second="89" amount="-1"/><kerning first="121" second="63" amount="1"/><kerning first="121" second="43" amount="-1"/><kerning first="121" second="45" amount="-1"/><kerning first="121" second="46" amount="-1"/><kerning first="121" second="38" amount="-1"/><kerning first="65" second="49" amount="-2"/><kerning first="65" second="52" amount="-1"/><kerning first="65" second="55" amount="-2"/><kerning first="65" second="118" amount="-1"/><kerning first="65" second="119" amount="-1"/><kerning first="65" second="120" amount="-1"/><kerning first="65" second="121" amount="-1"/><kerning first="65" second="65" amount="1"/><kerning first="65" second="74" amount="1"/><kerning first="65" second="84" amount="-1"/><kerning first="65" second="85" amount="-1"/><kerning first="65" second="86" amount="-1"/><kerning first="65" second="87" amount="-1"/><kerning first="65" second="88" amount="-1"/><kerning first="65" second="89" amount="-2"/><kerning first="65" second="63" amount="-3"/><kerning first="65" second="43" amount="-1"/><kerning first="65" second="45" amount="-1"/><kerning first="65" second="46" amount="1"/><kerning first="66" second="89" amount="-1"/><kerning first="67" second="48" amount="-1"/><kerning first="67" second="52" amount="-1"/><kerning first="67" second="54" amount="-1"/><kerning first="67" second="99" amount="-1"/><kerning first="67" second="100" amount="-1"/><kerning first="67" second="101" amount="-1"/><kerning first="67" second="103" amount="-1"/><kerning first="67" second="111" amount="-1"/><kerning first="67" second="113" amount="-1"/><kerning first="67" second="115" amount="-1"/><kerning first="67" second="117" amount="-1"/><kerning first="67" second="120" amount="-1"/><kerning first="67" second="122" amount="-1"/><kerning first="67" second="65" amount="-1"/><kerning first="67" second="67" amount="-1"/><kerning first="67" second="71" amount="-1"/><kerning first="67" second="79" amount="-1"/><kerning first="67" second="81" amount="-1"/><kerning first="67" second="88" amount="-1"/><kerning first="67" second="64" amount="-1"/><kerning first="67" second="38" amount="-1"/><kerning first="68" second="106" amount="3"/><kerning first="68" second="120" amount="-1"/><kerning first="68" second="74" amount="-1"/><kerning first="68" second="86" amount="-1"/><kerning first="68" second="87" amount="-1"/><kerning first="68" second="88" amount="-1"/><kerning first="68" second="89" amount="-1"/><kerning first="68" second="63" amount="-1"/><kerning first="68" second="46" amount="-1"/><kerning first="69" second="52" amount="-1"/><kerning first="69" second="43" amount="-1"/><kerning first="69" second="45" amount="-1"/><kerning first="70" second="49" amount="1"/><kerning first="70" second="52" amount="-2"/><kerning first="70" second="53" amount="-1"/><kerning first="70" second="56" amount="-1"/><kerning first="70" second="97" amount="-1"/><kerning first="70" second="99" amount="-1"/><kerning first="70" second="100" amount="-1"/><kerning first="70" second="101" amount="-1"/><kerning first="70" second="103" amount="-1"/><kerning first="70" second="106" amount="-1"/><kerning first="70" second="111" amount="-1"/><kerning first="70" second="113" amount="-1"/><kerning first="70" second="117" amount="-1"/><kerning first="70" second="120" amount="-1"/><kerning first="70" second="122" amount="-1"/><kerning first="70" second="65" amount="-1"/><kerning first="70" second="74" amount="-1"/><kerning first="70" second="88" amount="-1"/><kerning first="70" second="38" amount="-1"/><kerning first="74" second="65" amount="-1"/><kerning first="75" second="48" amount="-1"/><kerning first="75" second="49" amount="1"/><kerning first="75" second="52" amount="-2"/><kerning first="75" second="54" amount="-1"/><kerning first="75" second="56" amount="-1"/><kerning first="75" second="99" amount="-1"/><kerning first="75" second="100" amount="-1"/><kerning first="75" second="101" amount="-1"/><kerning first="75" second="103" amount="-1"/><kerning first="75" second="111" amount="-1"/><kerning first="75" second="113" amount="-1"/><kerning first="75" second="115" amount="-1"/><kerning first="75" second="116" amount="-1"/><kerning first="75" second="117" amount="-1"/><kerning first="75" second="118" amount="-1"/><kerning first="75" second="119" amount="-1"/><kerning first="75" second="120" amount="-2"/><kerning first="75" second="121" amount="-1"/><kerning first="75" second="122" amount="-1"/><kerning first="75" second="65" amount="-1"/><kerning first="75" second="67" amount="-1"/><kerning first="75" second="71" amount="-1"/><kerning first="75" second="79" amount="-1"/><kerning first="75" second="81" amount="-1"/><kerning first="75" second="83" amount="-1"/><kerning first="75" second="84" amount="-2"/><kerning first="75" second="86" amount="-2"/><kerning first="75" second="87" amount="-2"/><kerning first="75" second="88" amount="-2"/><kerning first="75" second="89" amount="-2"/><kerning first="75" second="63" amount="-2"/><kerning first="75" second="43" amount="-1"/><kerning first="75" second="45" amount="-1"/><kerning first="75" second="64" amount="-1"/><kerning first="75" second="36" amount="-1"/><kerning first="75" second="38" amount="-1"/><kerning first="76" second="48" amount="-1"/><kerning first="76" second="49" amount="-1"/><kerning first="76" second="52" amount="-1"/><kerning first="76" second="54" amount="-1"/><kerning first="76" second="55" amount="-2"/><kerning first="76" second="118" amount="-1"/><kerning first="76" second="119" amount="-1"/><kerning first="76" second="121" amount="-1"/><kerning first="76" second="84" amount="-2"/><kerning first="76" second="86" amount="-2"/><kerning first="76" second="87" amount="-2"/><kerning first="76" second="89" amount="-3"/><kerning first="76" second="63" amount="-3"/><kerning first="76" second="46" amount="1"/><kerning first="79" second="106" amount="3"/><kerning first="79" second="120" amount="-1"/><kerning first="79" second="74" amount="-1"/><kerning first="79" second="86" amount="-1"/><kerning first="79" second="87" amount="-1"/><kerning first="79" second="88" amount="-1"/><kerning first="79" second="89" amount="-1"/><kerning first="79" second="63" amount="-1"/><kerning first="79" second="46" amount="-1"/><kerning first="80" second="51" amount="-1"/><kerning first="80" second="52" amount="-1"/><kerning first="80" second="97" amount="-1"/><kerning first="80" second="120" amount="-1"/><kerning first="80" second="65" amount="-2"/><kerning first="80" second="74" amount="-1"/><kerning first="80" second="84" amount="-1"/><kerning first="80" second="86" amount="-1"/><kerning first="80" second="87" amount="-1"/><kerning first="80" second="88" amount="-1"/><kerning first="80" second="90" amount="-1"/><kerning first="80" second="46" amount="-1"/><kerning first="80" second="38" amount="-1"/><kerning first="81" second="106" amount="3"/><kerning first="81" second="120" amount="-1"/><kerning first="81" second="74" amount="-1"/><kerning first="81" second="86" amount="-1"/><kerning first="81" second="87" amount="-1"/><kerning first="81" second="88" amount="-1"/><kerning first="81" second="89" amount="-1"/><kerning first="81" second="63" amount="-1"/><kerning first="81" second="46" amount="-1"/><kerning first="82" second="52" amount="-1"/><kerning first="82" second="88" amount="-1"/><kerning first="83" second="89" amount="-1"/><kerning first="83" second="63" amount="-1"/><kerning first="83" second="43" amount="1"/><kerning first="83" second="45" amount="1"/><kerning first="83" second="46" amount="1"/><kerning first="84" second="48" amount="-1"/><kerning first="84" second="49" amount="2"/><kerning first="84" second="50" amount="1"/><kerning first="84" second="52" amount="-3"/><kerning first="84" second="54" amount="-1"/><kerning first="84" second="55" amount="1"/><kerning first="84" second="97" amount="-1"/><kerning first="84" second="99" amount="-2"/><kerning first="84" second="100" amount="-2"/><kerning first="84" second="101" amount="-2"/><kerning first="84" second="103" amount="-2"/><kerning first="84" second="106" amount="2"/><kerning first="84" second="111" amount="-2"/><kerning first="84" second="113" amount="-2"/><kerning first="84" second="115" amount="-1"/><kerning first="84" second="118" amount="-1"/><kerning first="84" second="119" amount="-1"/><kerning first="84" second="120" amount="-1"/><kerning first="84" second="121" amount="-1"/><kerning first="84" second="65" amount="-1"/><kerning first="84" second="88" amount="-1"/><kerning first="84" second="33" amount="1"/><kerning first="84" second="63" amount="1"/><kerning first="84" second="43" amount="-1"/><kerning first="84" second="45" amount="-1"/><kerning first="84" second="46" amount="-1"/><kerning first="84" second="38" amount="-1"/><kerning first="85" second="65" amount="-1"/><kerning first="86" second="48" amount="-1"/><kerning first="86" second="49" amount="1"/><kerning first="86" second="52" amount="-3"/><kerning first="86" second="54" amount="-1"/><kerning first="86" second="56" amount="-1"/><kerning first="86" second="97" amount="-2"/><kerning first="86" second="99" amount="-2"/><kerning first="86" second="100" amount="-2"/><kerning first="86" second="101" amount="-2"/><kerning first="86" second="103" amount="-2"/><kerning first="86" second="109" amount="-1"/><kerning first="86" second="110" amount="-1"/><kerning first="86" second="111" amount="-2"/><kerning first="86" second="112" amount="-1"/><kerning first="86" second="113" amount="-2"/><kerning first="86" second="114" amount="-1"/><kerning first="86" second="115" amount="-2"/><kerning first="86" second="117" amount="-1"/><kerning first="86" second="118" amount="-1"/><kerning first="86" second="119" amount="-1"/><kerning first="86" second="120" amount="-1"/><kerning first="86" second="121" amount="-1"/><kerning first="86" second="122" amount="-1"/><kerning first="86" second="65" amount="-1"/><kerning first="86" second="66" amount="-1"/><kerning first="86" second="67" amount="-1"/><kerning first="86" second="68" amount="-1"/><kerning first="86" second="69" amount="-1"/><kerning first="86" second="70" amount="-1"/><kerning first="86" second="71" amount="-1"/><kerning first="86" second="72" amount="-1"/><kerning first="86" second="73" amount="-1"/><kerning first="86" second="74" amount="-1"/><kerning first="86" second="75" amount="-1"/><kerning first="86" second="76" amount="-1"/><kerning first="86" second="77" amount="-1"/><kerning first="86" second="78" amount="-1"/><kerning first="86" second="79" amount="-1"/><kerning first="86" second="80" amount="-1"/><kerning first="86" second="81" amount="-1"/><kerning first="86" second="82" amount="-1"/><kerning first="86" second="83" amount="-1"/><kerning first="86" second="88" amount="-1"/><kerning first="86" second="89" amount="-1"/><kerning first="86" second="43" amount="-1"/><kerning first="86" second="45" amount="-1"/><kerning first="86" second="46" amount="-1"/><kerning first="86" second="64" amount="-1"/><kerning first="86" second="36" amount="-1"/><kerning first="86" second="38" amount="-1"/><kerning first="87" second="48" amount="-1"/><kerning first="87" second="49" amount="1"/><kerning first="87" second="52" amount="-3"/><kerning first="87" second="54" amount="-1"/><kerning first="87" second="56" amount="-1"/><kerning first="87" second="97" amount="-2"/><kerning first="87" second="99" amount="-2"/><kerning first="87" second="100" amount="-2"/><kerning first="87" second="101" amount="-2"/><kerning first="87" second="103" amount="-2"/><kerning first="87" second="109" amount="-1"/><kerning first="87" second="110" amount="-1"/><kerning first="87" second="111" amount="-2"/><kerning first="87" second="112" amount="-1"/><kerning first="87" second="113" amount="-2"/><kerning first="87" second="114" amount="-1"/><kerning first="87" second="115" amount="-2"/><kerning first="87" second="117" amount="-1"/><kerning first="87" second="118" amount="-1"/><kerning first="87" second="119" amount="-1"/><kerning first="87" second="120" amount="-1"/><kerning first="87" second="121" amount="-1"/><kerning first="87" second="122" amount="-1"/><kerning first="87" second="65" amount="-1"/><kerning first="87" second="66" amount="-1"/><kerning first="87" second="67" amount="-1"/><kerning first="87" second="68" amount="-1"/><kerning first="87" second="69" amount="-1"/><kerning first="87" second="70" amount="-1"/><kerning first="87" second="71" amount="-1"/><kerning first="87" second="72" amount="-1"/><kerning first="87" second="73" amount="-1"/><kerning first="87" second="74" amount="-1"/><kerning first="87" second="75" amount="-1"/><kerning first="87" second="76" amount="-1"/><kerning first="87" second="77" amount="-1"/><kerning first="87" second="78" amount="-1"/><kerning first="87" second="79" amount="-1"/><kerning first="87" second="80" amount="-1"/><kerning first="87" second="81" amount="-1"/><kerning first="87" second="82" amount="-1"/><kerning first="87" second="83" amount="-1"/><kerning first="87" second="88" amount="-1"/><kerning first="87" second="89" amount="-1"/><kerning first="87" second="43" amount="-1"/><kerning first="87" second="45" amount="-1"/><kerning first="87" second="46" amount="-1"/><kerning first="87" second="64" amount="-1"/><kerning first="87" second="36" amount="-1"/><kerning first="87" second="38" amount="-1"/><kerning first="88" second="48" amount="-1"/><kerning first="88" second="52" amount="-2"/><kerning first="88" second="54" amount="-1"/><kerning first="88" second="56" amount="-1"/><kerning first="88" second="57" amount="-1"/><kerning first="88" second="97" amount="-1"/><kerning first="88" second="99" amount="-1"/><kerning first="88" second="100" amount="-1"/><kerning first="88" second="101" amount="-1"/><kerning first="88" second="103" amount="-1"/><kerning first="88" second="111" amount="-1"/><kerning first="88" second="113" amount="-1"/><kerning first="88" second="115" amount="-1"/><kerning first="88" second="116" amount="-1"/><kerning first="88" second="117" amount="-1"/><kerning first="88" second="118" amount="-1"/><kerning first="88" second="119" amount="-1"/><kerning first="88" second="120" amount="-2"/><kerning first="88" second="121" amount="-1"/><kerning first="88" second="122" amount="-1"/><kerning first="88" second="65" amount="-1"/><kerning first="88" second="66" amount="-1"/><kerning first="88" second="67" amount="-1"/><kerning first="88" second="68" amount="-1"/><kerning first="88" second="69" amount="-1"/><kerning first="88" second="70" amount="-1"/><kerning first="88" second="71" amount="-1"/><kerning first="88" second="72" amount="-1"/><kerning first="88" second="73" amount="-1"/><kerning first="88" second="75" amount="-1"/><kerning first="88" second="76" amount="-1"/><kerning first="88" second="77" amount="-1"/><kerning first="88" second="78" amount="-1"/><kerning first="88" second="79" amount="-1"/><kerning first="88" second="80" amount="-1"/><kerning first="88" second="81" amount="-1"/><kerning first="88" second="82" amount="-1"/><kerning first="88" second="84" amount="-1"/><kerning first="88" second="86" amount="-1"/><kerning first="88" second="87" amount="-1"/><kerning first="88" second="89" amount="-1"/><kerning first="88" second="63" amount="-1"/><kerning first="88" second="43" amount="-1"/><kerning first="88" second="45" amount="-1"/><kerning first="88" second="64" amount="-1"/><kerning first="88" second="38" amount="-1"/><kerning first="89" second="48" amount="-1"/><kerning first="89" second="49" amount="1"/><kerning first="89" second="52" amount="-4"/><kerning first="89" second="53" amount="-1"/><kerning first="89" second="54" amount="-1"/><kerning first="89" second="55" amount="1"/><kerning first="89" second="56" amount="-1"/><kerning first="89" second="57" amount="-1"/><kerning first="89" second="97" amount="-2"/><kerning first="89" second="99" amount="-2"/><kerning first="89" second="100" amount="-2"/><kerning first="89" second="101" amount="-2"/><kerning first="89" second="103" amount="-2"/><kerning first="89" second="106" amount="1"/><kerning first="89" second="109" amount="-1"/><kerning first="89" second="110" amount="-1"/><kerning first="89" second="111" amount="-2"/><kerning first="89" second="112" amount="-1"/><kerning first="89" second="113" amount="-2"/><kerning first="89" second="114" amount="-1"/><kerning first="89" second="115" amount="-3"/><kerning first="89" second="116" amount="-1"/><kerning first="89" second="117" amount="-1"/><kerning first="89" second="118" amount="-2"/><kerning first="89" second="119" amount="-2"/><kerning first="89" second="120" amount="-2"/><kerning first="89" second="121" amount="-2"/><kerning first="89" second="122" amount="-1"/><kerning first="89" second="65" amount="-2"/><kerning first="89" second="67" amount="-1"/><kerning first="89" second="71" amount="-1"/><kerning first="89" second="79" amount="-1"/><kerning first="89" second="81" amount="-1"/><kerning first="89" second="83" amount="-1"/><kerning first="89" second="86" amount="-1"/><kerning first="89" second="87" amount="-1"/><kerning first="89" second="88" amount="-1"/><kerning first="89" second="33" amount="1"/><kerning first="89" second="43" amount="-1"/><kerning first="89" second="45" amount="-1"/><kerning first="89" second="46" amount="-1"/><kerning first="89" second="64" amount="-1"/><kerning first="89" second="36" amount="-1"/><kerning first="89" second="38" amount="-2"/><kerning first="90" second="48" amount="-1"/><kerning first="90" second="49" amount="1"/><kerning first="90" second="52" amount="-1"/><kerning first="90" second="54" amount="-1"/><kerning first="90" second="46" amount="1"/><kerning first="63" second="51" amount="-1"/><kerning first="63" second="52" amount="-2"/><kerning first="63" second="63" amount="-1"/><kerning first="63" second="46" amount="-2"/><kerning first="43" second="49" amount="-1"/><kerning first="43" second="50" amount="-1"/><kerning first="43" second="51" amount="-1"/><kerning first="43" second="63" amount="-2"/><kerning first="45" second="49" amount="-1"/><kerning first="45" second="50" amount="-1"/><kerning first="45" second="51" amount="-1"/><kerning first="45" second="63" amount="-2"/><kerning first="46" second="49" amount="-1"/><kerning first="46" second="55" amount="-1"/><kerning first="46" second="63" amount="-2"/><kerning first="64" second="106" amount="3"/><kerning first="64" second="120" amount="-1"/><kerning first="64" second="74" amount="-1"/><kerning first="64" second="86" amount="-1"/><kerning first="64" second="87" amount="-1"/><kerning first="64" second="88" amount="-1"/><kerning first="64" second="89" amount="-1"/><kerning first="64" second="63" amount="-1"/><kerning first="64" second="46" amount="-1"/><kerning first="36" second="89" amount="-1"/><kerning first="36" second="63" amount="-1"/><kerning first="36" second="43" amount="1"/><kerning first="36" second="45" amount="1"/><kerning first="36" second="46" amount="1"/><kerning first="38" second="49" amount="-1"/><kerning first="38" second="55" amount="-1"/><kerning first="38" second="63" amount="-2"/><kerning first="40" second="52" amount="-1"/><kerning first="41" second="84" amount="-1"/></kernings></font>