<?xml version="1.0" encoding="UTF-8"?><font><info face="normalStroke" size="24" bold="0" italic="0" charset="" unicode="1" stretchH="100" smooth="1" aa="1" padding="1,1,1,1" spacing="0,0"/><common lineHeight="24" base="19" scaleW="202" scaleH="202" pages="1" packed="0"/><pages><page id="0" file="Unnamed.png"/></pages><chars count="84"><char id="32" x="0" y="0" width="0" height="0" xoffset="0" yoffset="0" xadvance="7" page="0" chnl="15"/><char id="33" x="190" y="72" width="11" height="24" xoffset="-2" yoffset="-2" xadvance="7" page="0" chnl="15"/><char id="35" x="77" y="0" width="21" height="25" xoffset="-4" yoffset="-2" xadvance="14" page="0" chnl="15"/><char id="36" x="118" y="51" width="19" height="28" xoffset="-3" yoffset="-3" xadvance="14" page="0" chnl="15"/><char id="38" x="31" y="120" width="23" height="25" xoffset="-3" yoffset="-2" xadvance="17" page="0" chnl="15"/><char id="40" x="176" y="48" width="14" height="29" xoffset="-3" yoffset="-2" xadvance="8" page="0" chnl="15"/><char id="41" x="176" y="77" width="14" height="29" xoffset="-3" yoffset="-2" xadvance="8" page="0" chnl="15"/><char id="42" x="157" y="162" width="16" height="14" xoffset="-3" yoffset="-2" xadvance="10" page="0" chnl="15"/><char id="43" x="118" y="19" width="20" height="19" xoffset="-3" yoffset="1" xadvance="15" page="0" chnl="15"/><char id="45" x="0" y="192" width="14" height="9" xoffset="-3" yoffset="8" xadvance="8" page="0" chnl="15"/><char id="46" x="190" y="115" width="11" height="9" xoffset="-2" yoffset="13" xadvance="7" page="0" chnl="15"/><char id="47" x="157" y="176" width="15" height="25" xoffset="-4" yoffset="-2" xadvance="7" page="0" chnl="15"/><char id="48" x="31" y="177" width="19" height="25" xoffset="-3" yoffset="-2" xadvance="14" page="0" chnl="15"/><char id="49" x="176" y="0" width="15" height="24" xoffset="-2" yoffset="-2" xadvance="14" page="0" chnl="15"/><char id="50" x="118" y="154" width="19" height="24" xoffset="-3" yoffset="-2" xadvance="14" page="0" chnl="15"/><char id="51" x="118" y="79" width="19" height="25" xoffset="-3" yoffset="-2" xadvance="14" page="0" chnl="15"/><char id="52" x="77" y="172" width="20" height="24" xoffset="-4" yoffset="-2" xadvance="14" page="0" chnl="15"/><char id="53" x="98" y="0" width="20" height="24" xoffset="-3" yoffset="-1" xadvance="14" page="0" chnl="15"/><char id="54" x="118" y="104" width="19" height="25" xoffset="-3" yoffset="-2" xadvance="14" page="0" chnl="15"/><char id="55" x="138" y="120" width="19" height="23" xoffset="-3" yoffset="-1" xadvance="14" page="0" chnl="15"/><char id="56" x="77" y="97" width="20" height="25" xoffset="-3" yoffset="-2" xadvance="14" page="0" chnl="15"/><char id="57" x="77" y="122" width="20" height="25" xoffset="-3" yoffset="-2" xadvance="14" page="0" chnl="15"/><char id="58" x="190" y="96" width="11" height="19" xoffset="-2" yoffset="3" xadvance="7" page="0" chnl="15"/><char id="61" x="118" y="38" width="20" height="13" xoffset="-3" yoffset="4" xadvance="15" page="0" chnl="15"/><char id="63" x="138" y="96" width="19" height="24" xoffset="-3" yoffset="-2" xadvance="14" page="0" chnl="15"/><char id="64" x="0" y="0" width="31" height="29" xoffset="-3" yoffset="-2" xadvance="25" page="0" chnl="15"/><char id="65" x="31" y="0" width="24" height="24" xoffset="-4" yoffset="-2" xadvance="17" page="0" chnl="15"/><char id="66" x="77" y="25" width="21" height="24" xoffset="-2" yoffset="-2" xadvance="17" page="0" chnl="15"/><char id="67" x="0" y="142" width="24" height="25" xoffset="-3" yoffset="-2" xadvance="18" page="0" chnl="15"/><char id="68" x="55" y="50" width="22" height="24" xoffset="-2" yoffset="-2" xadvance="18" page="0" chnl="15"/><char id="69" x="77" y="49" width="21" height="24" xoffset="-2" yoffset="-2" xadvance="17" page="0" chnl="15"/><char id="70" x="98" y="72" width="20" height="24" xoffset="-2" yoffset="-2" xadvance="15" page="0" chnl="15"/><char id="71" x="0" y="167" width="24" height="25" xoffset="-3" yoffset="-2" xadvance="19" page="0" chnl="15"/><char id="72" x="55" y="74" width="22" height="24" xoffset="-2" yoffset="-2" xadvance="18" page="0" chnl="15"/><char id="73" x="190" y="48" width="11" height="24" xoffset="-2" yoffset="-2" xadvance="7" page="0" chnl="15"/><char id="74" x="157" y="16" width="18" height="25" xoffset="-4" yoffset="-2" xadvance="12" page="0" chnl="15"/><char id="75" x="55" y="98" width="22" height="24" xoffset="-2" yoffset="-2" xadvance="17" page="0" chnl="15"/><char id="76" x="138" y="72" width="19" height="24" xoffset="-2" yoffset="-2" xadvance="14" page="0" chnl="15"/><char id="77" x="31" y="24" width="24" height="24" xoffset="-2" yoffset="-2" xadvance="20" page="0" chnl="15"/><char id="78" x="55" y="122" width="22" height="24" xoffset="-2" yoffset="-2" xadvance="18" page="0" chnl="15"/><char id="79" x="0" y="98" width="25" height="25" xoffset="-3" yoffset="-2" xadvance="19" page="0" chnl="15"/><char id="80" x="77" y="73" width="21" height="24" xoffset="-2" yoffset="-2" xadvance="17" page="0" chnl="15"/><char id="81" x="0" y="72" width="25" height="26" xoffset="-3" yoffset="-2" xadvance="19" page="0" chnl="15"/><char id="82" x="31" y="145" width="23" height="24" xoffset="-2" yoffset="-2" xadvance="18" page="0" chnl="15"/><char id="83" x="55" y="0" width="22" height="25" xoffset="-3" yoffset="-2" xadvance="17" page="0" chnl="15"/><char id="84" x="55" y="146" width="22" height="24" xoffset="-4" yoffset="-2" xadvance="15" page="0" chnl="15"/><char id="85" x="55" y="25" width="22" height="25" xoffset="-2" yoffset="-2" xadvance="18" page="0" chnl="15"/><char id="86" x="31" y="48" width="24" height="24" xoffset="-4" yoffset="-2" xadvance="17" page="0" chnl="15"/><char id="87" x="0" y="29" width="31" height="24" xoffset="-4" yoffset="-2" xadvance="23" page="0" chnl="15"/><char id="88" x="31" y="72" width="24" height="24" xoffset="-4" yoffset="-2" xadvance="17" page="0" chnl="15"/><char id="89" x="31" y="96" width="24" height="24" xoffset="-4" yoffset="-2" xadvance="17" page="0" chnl="15"/><char id="90" x="55" y="170" width="22" height="24" xoffset="-4" yoffset="-2" xadvance="15" page="0" chnl="15"/><char id="91" x="176" y="106" width="14" height="29" xoffset="-3" yoffset="-2" xadvance="7" page="0" chnl="15"/><char id="93" x="176" y="164" width="13" height="29" xoffset="-4" yoffset="-2" xadvance="7" page="0" chnl="15"/><char id="94" x="157" y="0" width="19" height="16" xoffset="-4" yoffset="-2" xadvance="12" page="0" chnl="15"/><char id="95" x="31" y="169" width="23" height="8" xoffset="-5" yoffset="19" xadvance="14" page="0" chnl="15"/><char id="97" x="98" y="96" width="20" height="20" xoffset="-3" yoffset="3" xadvance="14" page="0" chnl="15"/><char id="98" x="77" y="147" width="20" height="25" xoffset="-3" yoffset="-2" xadvance="14" page="0" chnl="15"/><char id="99" x="138" y="143" width="19" height="20" xoffset="-3" yoffset="3" xadvance="12" page="0" chnl="15"/><char id="100" x="118" y="129" width="19" height="25" xoffset="-3" yoffset="-2" xadvance="14" page="0" chnl="15"/><char id="101" x="98" y="116" width="20" height="20" xoffset="-3" yoffset="3" xadvance="14" page="0" chnl="15"/><char id="102" x="157" y="119" width="16" height="24" xoffset="-4" yoffset="-2" xadvance="7" page="0" chnl="15"/><char id="103" x="118" y="178" width="19" height="24" xoffset="-3" yoffset="3" xadvance="14" page="0" chnl="15"/><char id="104" x="138" y="0" width="19" height="24" xoffset="-3" yoffset="-2" xadvance="14" page="0" chnl="15"/><char id="105" x="191" y="0" width="11" height="24" xoffset="-3" yoffset="-2" xadvance="6" page="0" chnl="15"/><char id="106" x="176" y="135" width="13" height="29" xoffset="-5" yoffset="-2" xadvance="6" page="0" chnl="15"/><char id="107" x="138" y="24" width="19" height="24" xoffset="-3" yoffset="-2" xadvance="12" page="0" chnl="15"/><char id="108" x="191" y="24" width="11" height="24" xoffset="-3" yoffset="-2" xadvance="6" page="0" chnl="15"/><char id="109" x="0" y="53" width="26" height="19" xoffset="-3" yoffset="3" xadvance="20" page="0" chnl="15"/><char id="110" x="138" y="183" width="19" height="19" xoffset="-3" yoffset="3" xadvance="14" page="0" chnl="15"/><char id="111" x="98" y="136" width="20" height="20" xoffset="-3" yoffset="3" xadvance="14" page="0" chnl="15"/><char id="112" x="98" y="24" width="20" height="24" xoffset="-3" yoffset="3" xadvance="14" page="0" chnl="15"/><char id="113" x="138" y="48" width="19" height="24" xoffset="-3" yoffset="3" xadvance="14" page="0" chnl="15"/><char id="114" x="157" y="143" width="16" height="19" xoffset="-3" yoffset="3" xadvance="8" page="0" chnl="15"/><char id="115" x="157" y="41" width="18" height="20" xoffset="-3" yoffset="3" xadvance="12" page="0" chnl="15"/><char id="116" x="176" y="24" width="15" height="24" xoffset="-4" yoffset="-1" xadvance="7" page="0" chnl="15"/><char id="117" x="138" y="163" width="19" height="20" xoffset="-3" yoffset="3" xadvance="14" page="0" chnl="15"/><char id="118" x="98" y="156" width="20" height="19" xoffset="-4" yoffset="3" xadvance="12" page="0" chnl="15"/><char id="119" x="0" y="123" width="25" height="19" xoffset="-4" yoffset="3" xadvance="18" page="0" chnl="15"/><char id="120" x="98" y="175" width="20" height="19" xoffset="-4" yoffset="3" xadvance="12" page="0" chnl="15"/><char id="121" x="98" y="48" width="20" height="24" xoffset="-4" yoffset="3" xadvance="12" page="0" chnl="15"/><char id="122" x="118" y="0" width="20" height="19" xoffset="-4" yoffset="3" xadvance="12" page="0" chnl="15"/><char id="123" x="157" y="61" width="16" height="29" xoffset="-4" yoffset="-2" xadvance="9" page="0" chnl="15"/><char id="125" x="157" y="90" width="16" height="29" xoffset="-4" yoffset="-2" xadvance="9" page="0" chnl="15"/></chars></font>