<?xml version="1.0" encoding="UTF-8"?><font><info face="plain_bold" size="20" bold="0" italic="0" charset="" unicode="1" stretchH="100" smooth="1" aa="1" padding="1,1,1,1" spacing="0,0"/><common lineHeight="20" base="19" scaleW="178" scaleH="178" pages="1" packed="0"/><pages><page id="0" file="Unnamed.png"/></pages><chars count="89"><char id="32" x="0" y="0" width="0" height="0" xoffset="0" yoffset="0" xadvance="6" page="0" chnl="15"/><char id="33" x="168" y="88" width="10" height="20" xoffset="-2" yoffset="3" xadvance="6" page="0" chnl="15"/><char id="34" x="141" y="163" width="13" height="12" xoffset="-2" yoffset="3" xadvance="9" page="0" chnl="15"/><char id="35" x="46" y="20" width="20" height="20" xoffset="-3" yoffset="3" xadvance="15" page="0" chnl="15"/><char id="36" x="106" y="51" width="17" height="26" xoffset="-2" yoffset="0" xadvance="13" page="0" chnl="15"/><char id="37" x="0" y="117" width="22" height="20" xoffset="-2" yoffset="3" xadvance="18" page="0" chnl="15"/><char id="38" x="45" y="140" width="19" height="20" xoffset="-2" yoffset="3" xadvance="15" page="0" chnl="15"/><char id="39" x="168" y="158" width="9" height="12" xoffset="-2" yoffset="3" xadvance="5" page="0" chnl="15"/><char id="40" x="156" y="0" width="12" height="25" xoffset="-2" yoffset="2" xadvance="8" page="0" chnl="15"/><char id="41" x="156" y="25" width="12" height="25" xoffset="-3" yoffset="2" xadvance="8" page="0" chnl="15"/><char id="42" x="141" y="56" width="14" height="14" xoffset="-3" yoffset="2" xadvance="9" page="0" chnl="15"/><char id="43" x="124" y="116" width="16" height="16" xoffset="-2" yoffset="5" xadvance="12" page="0" chnl="15"/><char id="44" x="168" y="145" width="10" height="13" xoffset="-2" yoffset="13" xadvance="6" page="0" chnl="15"/><char id="45" x="124" y="168" width="12" height="9" xoffset="-2" yoffset="10" xadvance="8" page="0" chnl="15"/><char id="46" x="70" y="167" width="10" height="10" xoffset="-2" yoffset="13" xadvance="6" page="0" chnl="15"/><char id="47" x="124" y="74" width="16" height="25" xoffset="-4" yoffset="0" xadvance="8" page="0" chnl="15"/><char id="48" x="70" y="147" width="18" height="20" xoffset="-2" yoffset="3" xadvance="14" page="0" chnl="15"/><char id="49" x="156" y="100" width="12" height="20" xoffset="-3" yoffset="3" xadvance="8" page="0" chnl="15"/><char id="50" x="106" y="77" width="17" height="20" xoffset="-3" yoffset="3" xadvance="12" page="0" chnl="15"/><char id="51" x="106" y="97" width="17" height="20" xoffset="-3" yoffset="3" xadvance="12" page="0" chnl="15"/><char id="52" x="25" y="40" width="20" height="20" xoffset="-3" yoffset="3" xadvance="14" page="0" chnl="15"/><char id="53" x="88" y="0" width="18" height="20" xoffset="-3" yoffset="3" xadvance="12" page="0" chnl="15"/><char id="54" x="88" y="20" width="18" height="20" xoffset="-2" yoffset="3" xadvance="13" page="0" chnl="15"/><char id="55" x="88" y="40" width="18" height="20" xoffset="-3" yoffset="3" xadvance="13" page="0" chnl="15"/><char id="56" x="88" y="60" width="18" height="20" xoffset="-2" yoffset="3" xadvance="14" page="0" chnl="15"/><char id="57" x="88" y="80" width="18" height="20" xoffset="-3" yoffset="3" xadvance="13" page="0" chnl="15"/><char id="58" x="168" y="128" width="10" height="17" xoffset="-2" yoffset="6" xadvance="6" page="0" chnl="15"/><char id="59" x="168" y="108" width="10" height="20" xoffset="-2" yoffset="6" xadvance="6" page="0" chnl="15"/><char id="61" x="124" y="132" width="16" height="14" xoffset="-2" yoffset="6" xadvance="12" page="0" chnl="15"/><char id="63" x="124" y="20" width="17" height="20" xoffset="-3" yoffset="3" xadvance="12" page="0" chnl="15"/><char id="65" x="0" y="97" width="22" height="20" xoffset="-3" yoffset="3" xadvance="16" page="0" chnl="15"/><char id="66" x="25" y="60" width="20" height="20" xoffset="-2" yoffset="3" xadvance="16" page="0" chnl="15"/><char id="67" x="45" y="40" width="19" height="20" xoffset="-2" yoffset="3" xadvance="15" page="0" chnl="15"/><char id="68" x="0" y="137" width="21" height="20" xoffset="-2" yoffset="3" xadvance="17" page="0" chnl="15"/><char id="69" x="88" y="100" width="18" height="20" xoffset="-2" yoffset="3" xadvance="14" page="0" chnl="15"/><char id="70" x="106" y="117" width="17" height="20" xoffset="-2" yoffset="3" xadvance="13" page="0" chnl="15"/><char id="71" x="45" y="60" width="19" height="20" xoffset="-2" yoffset="3" xadvance="16" page="0" chnl="15"/><char id="72" x="25" y="80" width="20" height="20" xoffset="-2" yoffset="3" xadvance="17" page="0" chnl="15"/><char id="73" x="168" y="68" width="10" height="20" xoffset="-2" yoffset="3" xadvance="7" page="0" chnl="15"/><char id="74" x="141" y="0" width="15" height="20" xoffset="-3" yoffset="3" xadvance="11" page="0" chnl="15"/><char id="75" x="25" y="100" width="20" height="20" xoffset="-2" yoffset="3" xadvance="15" page="0" chnl="15"/><char id="76" x="106" y="137" width="17" height="20" xoffset="-2" yoffset="3" xadvance="13" page="0" chnl="15"/><char id="77" x="0" y="54" width="23" height="20" xoffset="-2" yoffset="3" xadvance="20" page="0" chnl="15"/><char id="78" x="25" y="120" width="20" height="20" xoffset="-2" yoffset="3" xadvance="17" page="0" chnl="15"/><char id="79" x="29" y="0" width="21" height="20" xoffset="-2" yoffset="3" xadvance="17" page="0" chnl="15"/><char id="80" x="45" y="80" width="19" height="20" xoffset="-2" yoffset="3" xadvance="15" page="0" chnl="15"/><char id="81" x="0" y="74" width="22" height="23" xoffset="-2" yoffset="3" xadvance="17" page="0" chnl="15"/><char id="82" x="45" y="100" width="19" height="20" xoffset="-2" yoffset="3" xadvance="15" page="0" chnl="15"/><char id="83" x="124" y="0" width="17" height="20" xoffset="-2" yoffset="3" xadvance="13" page="0" chnl="15"/><char id="84" x="88" y="120" width="18" height="20" xoffset="-3" yoffset="3" xadvance="13" page="0" chnl="15"/><char id="85" x="45" y="120" width="19" height="20" xoffset="-2" yoffset="3" xadvance="16" page="0" chnl="15"/><char id="86" x="25" y="20" width="21" height="20" xoffset="-3" yoffset="3" xadvance="15" page="0" chnl="15"/><char id="87" x="0" y="0" width="29" height="20" xoffset="-3" yoffset="3" xadvance="24" page="0" chnl="15"/><char id="88" x="25" y="140" width="20" height="20" xoffset="-3" yoffset="3" xadvance="15" page="0" chnl="15"/><char id="89" x="50" y="0" width="20" height="20" xoffset="-3" yoffset="3" xadvance="14" page="0" chnl="15"/><char id="90" x="88" y="140" width="18" height="20" xoffset="-2" yoffset="3" xadvance="14" page="0" chnl="15"/><char id="91" x="156" y="50" width="12" height="25" xoffset="-2" yoffset="2" xadvance="8" page="0" chnl="15"/><char id="93" x="156" y="75" width="12" height="25" xoffset="-3" yoffset="2" xadvance="8" page="0" chnl="15"/><char id="94" x="124" y="146" width="16" height="14" xoffset="-2" yoffset="6" xadvance="12" page="0" chnl="15"/><char id="95" x="124" y="160" width="16" height="8" xoffset="-3" yoffset="17" xadvance="10" page="0" chnl="15"/><char id="97" x="25" y="160" width="16" height="17" xoffset="-2" yoffset="6" xadvance="13" page="0" chnl="15"/><char id="98" x="0" y="157" width="18" height="21" xoffset="-2" yoffset="2" xadvance="14" page="0" chnl="15"/><char id="99" x="45" y="160" width="16" height="17" xoffset="-2" yoffset="6" xadvance="12" page="0" chnl="15"/><char id="100" x="70" y="0" width="18" height="21" xoffset="-2" yoffset="2" xadvance="14" page="0" chnl="15"/><char id="101" x="124" y="40" width="17" height="17" xoffset="-2" yoffset="6" xadvance="13" page="0" chnl="15"/><char id="102" x="106" y="157" width="15" height="21" xoffset="-3" yoffset="2" xadvance="8" page="0" chnl="15"/><char id="103" x="70" y="21" width="18" height="21" xoffset="-2" yoffset="6" xadvance="14" page="0" chnl="15"/><char id="104" x="70" y="42" width="18" height="21" xoffset="-2" yoffset="2" xadvance="14" page="0" chnl="15"/><char id="105" x="168" y="25" width="10" height="22" xoffset="-2" yoffset="1" xadvance="7" page="0" chnl="15"/><char id="106" x="141" y="70" width="13" height="26" xoffset="-5" yoffset="1" xadvance="7" page="0" chnl="15"/><char id="107" x="70" y="63" width="18" height="21" xoffset="-2" yoffset="2" xadvance="14" page="0" chnl="15"/><char id="108" x="168" y="47" width="10" height="21" xoffset="-2" yoffset="2" xadvance="7" page="0" chnl="15"/><char id="109" x="0" y="20" width="25" height="17" xoffset="-2" yoffset="6" xadvance="21" page="0" chnl="15"/><char id="110" x="88" y="160" width="18" height="17" xoffset="-2" yoffset="6" xadvance="14" page="0" chnl="15"/><char id="111" x="106" y="0" width="18" height="17" xoffset="-2" yoffset="6" xadvance="14" page="0" chnl="15"/><char id="112" x="70" y="84" width="18" height="21" xoffset="-2" yoffset="6" xadvance="14" page="0" chnl="15"/><char id="113" x="70" y="105" width="18" height="21" xoffset="-2" yoffset="6" xadvance="14" page="0" chnl="15"/><char id="114" x="141" y="146" width="13" height="17" xoffset="-2" yoffset="6" xadvance="9" page="0" chnl="15"/><char id="115" x="124" y="99" width="16" height="17" xoffset="-3" yoffset="6" xadvance="11" page="0" chnl="15"/><char id="116" x="141" y="20" width="15" height="19" xoffset="-3" yoffset="4" xadvance="9" page="0" chnl="15"/><char id="117" x="124" y="57" width="17" height="17" xoffset="-2" yoffset="6" xadvance="14" page="0" chnl="15"/><char id="118" x="106" y="17" width="18" height="17" xoffset="-3" yoffset="6" xadvance="12" page="0" chnl="15"/><char id="119" x="0" y="37" width="25" height="17" xoffset="-3" yoffset="6" xadvance="19" page="0" chnl="15"/><char id="120" x="106" y="34" width="18" height="17" xoffset="-3" yoffset="6" xadvance="12" page="0" chnl="15"/><char id="121" x="70" y="126" width="18" height="21" xoffset="-3" yoffset="6" xadvance="12" page="0" chnl="15"/><char id="122" x="141" y="39" width="15" height="17" xoffset="-2" yoffset="6" xadvance="11" page="0" chnl="15"/><char id="123" x="141" y="96" width="13" height="25" xoffset="-2" yoffset="2" xadvance="8" page="0" chnl="15"/><char id="124" x="168" y="0" width="10" height="25" xoffset="-2" yoffset="2" xadvance="7" page="0" chnl="15"/><char id="125" x="141" y="121" width="13" height="25" xoffset="-3" yoffset="2" xadvance="8" page="0" chnl="15"/></chars><kernings count="479"><kerning first="48" second="74" amount="-1"/><kerning first="48" second="88" amount="-1"/><kerning first="48" second="89" amount="-1"/><kerning first="50" second="95" amount="1"/><kerning first="52" second="55" amount="-1"/><kerning first="52" second="97" amount="1"/><kerning first="52" second="84" amount="-1"/><kerning first="52" second="86" amount="-1"/><kerning first="52" second="87" amount="-1"/><kerning first="52" second="89" amount="-2"/><kerning first="52" second="37" amount="-1"/><kerning first="52" second="63" amount="-1"/><kerning first="52" second="34" amount="-1"/><kerning first="52" second="39" amount="-1"/><kerning first="55" second="52" amount="-1"/><kerning first="55" second="97" amount="-1"/><kerning first="55" second="99" amount="-1"/><kerning first="55" second="100" amount="-1"/><kerning first="55" second="101" amount="-1"/><kerning first="55" second="103" amount="-1"/><kerning first="55" second="111" amount="-1"/><kerning first="55" second="113" amount="-1"/><kerning first="55" second="115" amount="-1"/><kerning first="55" second="65" amount="-1"/><kerning first="55" second="95" amount="-1"/><kerning first="55" second="43" amount="-1"/><kerning first="55" second="45" amount="-1"/><kerning first="55" second="46" amount="-1"/><kerning first="55" second="44" amount="-1"/><kerning first="55" second="47" amount="-1"/><kerning first="55" second="34" amount="1"/><kerning first="55" second="39" amount="1"/><kerning first="55" second="38" amount="-1"/><kerning first="57" second="74" amount="-1"/><kerning first="57" second="88" amount="-1"/><kerning first="57" second="89" amount="-1"/><kerning first="97" second="37" amount="-1"/><kerning first="97" second="63" amount="-1"/><kerning first="98" second="84" amount="-1"/><kerning first="98" second="86" amount="-1"/><kerning first="98" second="87" amount="-1"/><kerning first="98" second="89" amount="-1"/><kerning first="98" second="63" amount="-1"/><kerning first="99" second="84" amount="-1"/><kerning first="99" second="86" amount="-1"/><kerning first="99" second="87" amount="-1"/><kerning first="99" second="89" amount="-1"/><kerning first="100" second="116" amount="1"/><kerning first="101" second="55" amount="-1"/><kerning first="101" second="84" amount="-2"/><kerning first="101" second="88" amount="-1"/><kerning first="101" second="89" amount="-1"/><kerning first="101" second="63" amount="-1"/><kerning first="102" second="49" amount="1"/><kerning first="102" second="55" amount="1"/><kerning first="102" second="57" amount="1"/><kerning first="102" second="105" amount="2"/><kerning first="102" second="106" amount="1"/><kerning first="102" second="109" amount="2"/><kerning first="102" second="110" amount="2"/><kerning first="102" second="112" amount="2"/><kerning first="102" second="114" amount="2"/><kerning first="102" second="42" amount="1"/><kerning first="102" second="41" amount="1"/><kerning first="102" second="47" amount="-1"/><kerning first="102" second="125" amount="1"/><kerning first="102" second="93" amount="1"/><kerning first="103" second="84" amount="-1"/><kerning first="103" second="88" amount="-1"/><kerning first="103" second="89" amount="-1"/><kerning first="103" second="63" amount="1"/><kerning first="104" second="37" amount="-1"/><kerning first="104" second="63" amount="-1"/><kerning first="105" second="84" amount="-1"/><kerning first="105" second="88" amount="-1"/><kerning first="105" second="89" amount="-1"/><kerning first="105" second="63" amount="1"/><kerning first="106" second="84" amount="-1"/><kerning first="106" second="88" amount="-1"/><kerning first="106" second="89" amount="-1"/><kerning first="106" second="63" amount="1"/><kerning first="107" second="52" amount="-1"/><kerning first="107" second="118" amount="-1"/><kerning first="107" second="119" amount="-1"/><kerning first="107" second="121" amount="-1"/><kerning first="107" second="95" amount="1"/><kerning first="107" second="43" amount="-1"/><kerning first="107" second="45" amount="-1"/><kerning first="108" second="116" amount="1"/><kerning first="109" second="37" amount="-1"/><kerning first="109" second="63" amount="-1"/><kerning first="110" second="37" amount="-1"/><kerning first="110" second="63" amount="-1"/><kerning first="111" second="84" amount="-1"/><kerning first="111" second="86" amount="-1"/><kerning first="111" second="87" amount="-1"/><kerning first="111" second="89" amount="-1"/><kerning first="111" second="63" amount="-1"/><kerning first="112" second="84" amount="-1"/><kerning first="112" second="86" amount="-1"/><kerning first="112" second="87" amount="-1"/><kerning first="112" second="89" amount="-1"/><kerning first="112" second="63" amount="-1"/><kerning first="113" second="106" amount="1"/><kerning first="113" second="84" amount="-1"/><kerning first="113" second="88" amount="-1"/><kerning first="113" second="89" amount="-1"/><kerning first="113" second="63" amount="1"/><kerning first="114" second="65" amount="-1"/><kerning first="114" second="88" amount="-1"/><kerning first="114" second="89" amount="-1"/><kerning first="114" second="42" amount="1"/><kerning first="114" second="47" amount="-1"/><kerning first="114" second="38" amount="-1"/><kerning first="116" second="95" amount="1"/><kerning first="117" second="84" amount="-1"/><kerning first="117" second="88" amount="-1"/><kerning first="117" second="89" amount="-1"/><kerning first="117" second="63" amount="1"/><kerning first="118" second="52" amount="-1"/><kerning first="118" second="57" amount="1"/><kerning first="118" second="120" amount="-1"/><kerning first="118" second="65" amount="-1"/><kerning first="118" second="88" amount="-1"/><kerning first="118" second="63" amount="1"/><kerning first="118" second="42" amount="1"/><kerning first="118" second="46" amount="-1"/><kerning first="118" second="44" amount="-1"/><kerning first="118" second="47" amount="-1"/><kerning first="118" second="38" amount="-1"/><kerning first="119" second="52" amount="-1"/><kerning first="119" second="57" amount="1"/><kerning first="119" second="120" amount="-1"/><kerning first="119" second="65" amount="-1"/><kerning first="119" second="88" amount="-1"/><kerning first="119" second="63" amount="1"/><kerning first="119" second="42" amount="1"/><kerning first="119" second="46" amount="-1"/><kerning first="119" second="44" amount="-1"/><kerning first="119" second="47" amount="-1"/><kerning first="119" second="38" amount="-1"/><kerning first="120" second="52" amount="-1"/><kerning first="120" second="106" amount="1"/><kerning first="120" second="118" amount="-1"/><kerning first="120" second="119" amount="-1"/><kerning first="120" second="121" amount="-1"/><kerning first="120" second="89" amount="-1"/><kerning first="120" second="95" amount="1"/><kerning first="120" second="43" amount="-1"/><kerning first="120" second="45" amount="-1"/><kerning first="121" second="52" amount="-1"/><kerning first="121" second="57" amount="1"/><kerning first="121" second="120" amount="-1"/><kerning first="121" second="65" amount="-1"/><kerning first="121" second="88" amount="-1"/><kerning first="121" second="63" amount="1"/><kerning first="121" second="42" amount="1"/><kerning first="121" second="46" amount="-1"/><kerning first="121" second="44" amount="-1"/><kerning first="121" second="47" amount="-1"/><kerning first="121" second="38" amount="-1"/><kerning first="65" second="49" amount="-1"/><kerning first="65" second="55" amount="-1"/><kerning first="65" second="118" amount="-1"/><kerning first="65" second="119" amount="-1"/><kerning first="65" second="120" amount="-1"/><kerning first="65" second="121" amount="-1"/><kerning first="65" second="84" amount="-1"/><kerning first="65" second="86" amount="-1"/><kerning first="65" second="87" amount="-1"/><kerning first="65" second="88" amount="-1"/><kerning first="65" second="89" amount="-1"/><kerning first="65" second="63" amount="-1"/><kerning first="65" second="42" amount="-2"/><kerning first="65" second="95" amount="1"/><kerning first="65" second="46" amount="1"/><kerning first="65" second="44" amount="1"/><kerning first="65" second="47" amount="1"/><kerning first="65" second="34" amount="-1"/><kerning first="65" second="39" amount="-1"/><kerning first="68" second="106" amount="2"/><kerning first="68" second="89" amount="-1"/><kerning first="68" second="63" amount="-1"/><kerning first="68" second="95" amount="-1"/><kerning first="70" second="52" amount="-1"/><kerning first="70" second="65" amount="-1"/><kerning first="70" second="47" amount="-1"/><kerning first="70" second="34" amount="1"/><kerning first="70" second="39" amount="1"/><kerning first="75" second="52" amount="-1"/><kerning first="75" second="118" amount="-1"/><kerning first="75" second="119" amount="-1"/><kerning first="75" second="120" amount="-1"/><kerning first="75" second="121" amount="-1"/><kerning first="75" second="122" amount="-1"/><kerning first="75" second="65" amount="-1"/><kerning first="75" second="84" amount="-1"/><kerning first="75" second="86" amount="-1"/><kerning first="75" second="87" amount="-1"/><kerning first="75" second="88" amount="-1"/><kerning first="75" second="89" amount="-1"/><kerning first="75" second="63" amount="-1"/><kerning first="75" second="95" amount="1"/><kerning first="75" second="43" amount="-1"/><kerning first="75" second="45" amount="-1"/><kerning first="76" second="49" amount="-1"/><kerning first="76" second="55" amount="-1"/><kerning first="76" second="118" amount="-1"/><kerning first="76" second="119" amount="-1"/><kerning first="76" second="121" amount="-1"/><kerning first="76" second="84" amount="-1"/><kerning first="76" second="86" amount="-1"/><kerning first="76" second="87" amount="-1"/><kerning first="76" second="89" amount="-1"/><kerning first="76" second="63" amount="-2"/><kerning first="76" second="42" amount="-1"/><kerning first="76" second="95" amount="1"/><kerning first="76" second="46" amount="1"/><kerning first="76" second="44" amount="1"/><kerning first="79" second="106" amount="2"/><kerning first="79" second="89" amount="-1"/><kerning first="79" second="63" amount="-1"/><kerning first="79" second="95" amount="-1"/><kerning first="80" second="52" amount="-1"/><kerning first="80" second="120" amount="-1"/><kerning first="80" second="65" amount="-1"/><kerning first="80" second="74" amount="-1"/><kerning first="80" second="84" amount="-1"/><kerning first="80" second="95" amount="-1"/><kerning first="80" second="46" amount="-1"/><kerning first="80" second="44" amount="-1"/><kerning first="80" second="47" amount="-1"/><kerning first="80" second="38" amount="-1"/><kerning first="81" second="106" amount="2"/><kerning first="81" second="89" amount="-1"/><kerning first="81" second="63" amount="-1"/><kerning first="81" second="95" amount="1"/><kerning first="81" second="47" amount="1"/><kerning first="83" second="34" amount="-1"/><kerning first="83" second="39" amount="-1"/><kerning first="84" second="49" amount="1"/><kerning first="84" second="52" amount="-2"/><kerning first="84" second="97" amount="-1"/><kerning first="84" second="99" amount="-1"/><kerning first="84" second="100" amount="-1"/><kerning first="84" second="101" amount="-1"/><kerning first="84" second="103" amount="-1"/><kerning first="84" second="106" amount="1"/><kerning first="84" second="111" amount="-1"/><kerning first="84" second="113" amount="-1"/><kerning first="84" second="115" amount="-1"/><kerning first="84" second="118" amount="-1"/><kerning first="84" second="119" amount="-1"/><kerning first="84" second="120" amount="-1"/><kerning first="84" second="121" amount="-1"/><kerning first="84" second="65" amount="-1"/><kerning first="84" second="88" amount="-1"/><kerning first="84" second="42" amount="1"/><kerning first="84" second="43" amount="-1"/><kerning first="84" second="45" amount="-1"/><kerning first="84" second="46" amount="-1"/><kerning first="84" second="44" amount="-1"/><kerning first="84" second="38" amount="-1"/><kerning first="86" second="49" amount="1"/><kerning first="86" second="52" amount="-2"/><kerning first="86" second="97" amount="-1"/><kerning first="86" second="99" amount="-1"/><kerning first="86" second="100" amount="-1"/><kerning first="86" second="101" amount="-1"/><kerning first="86" second="103" amount="-1"/><kerning first="86" second="109" amount="-1"/><kerning first="86" second="110" amount="-1"/><kerning first="86" second="111" amount="-1"/><kerning first="86" second="112" amount="-1"/><kerning first="86" second="113" amount="-1"/><kerning first="86" second="114" amount="-1"/><kerning first="86" second="115" amount="-1"/><kerning first="86" second="117" amount="-1"/><kerning first="86" second="120" amount="-1"/><kerning first="86" second="122" amount="-1"/><kerning first="86" second="65" amount="-1"/><kerning first="86" second="88" amount="-1"/><kerning first="86" second="59" amount="-1"/><kerning first="86" second="58" amount="-1"/><kerning first="86" second="42" amount="1"/><kerning first="86" second="43" amount="-1"/><kerning first="86" second="45" amount="-1"/><kerning first="86" second="46" amount="-1"/><kerning first="86" second="44" amount="-1"/><kerning first="86" second="47" amount="-1"/><kerning first="86" second="125" amount="1"/><kerning first="86" second="93" amount="1"/><kerning first="87" second="49" amount="1"/><kerning first="87" second="52" amount="-2"/><kerning first="87" second="97" amount="-1"/><kerning first="87" second="99" amount="-1"/><kerning first="87" second="100" amount="-1"/><kerning first="87" second="101" amount="-1"/><kerning first="87" second="103" amount="-1"/><kerning first="87" second="109" amount="-1"/><kerning first="87" second="110" amount="-1"/><kerning first="87" second="111" amount="-1"/><kerning first="87" second="112" amount="-1"/><kerning first="87" second="113" amount="-1"/><kerning first="87" second="114" amount="-1"/><kerning first="87" second="115" amount="-1"/><kerning first="87" second="117" amount="-1"/><kerning first="87" second="120" amount="-1"/><kerning first="87" second="122" amount="-1"/><kerning first="87" second="65" amount="-1"/><kerning first="87" second="88" amount="-1"/><kerning first="87" second="59" amount="-1"/><kerning first="87" second="58" amount="-1"/><kerning first="87" second="42" amount="1"/><kerning first="87" second="43" amount="-1"/><kerning first="87" second="45" amount="-1"/><kerning first="87" second="46" amount="-1"/><kerning first="87" second="44" amount="-1"/><kerning first="87" second="47" amount="-1"/><kerning first="87" second="125" amount="1"/><kerning first="87" second="93" amount="1"/><kerning first="88" second="48" amount="-1"/><kerning first="88" second="52" amount="-1"/><kerning first="88" second="54" amount="-1"/><kerning first="88" second="99" amount="-1"/><kerning first="88" second="100" amount="-1"/><kerning first="88" second="101" amount="-1"/><kerning first="88" second="103" amount="-1"/><kerning first="88" second="111" amount="-1"/><kerning first="88" second="113" amount="-1"/><kerning first="88" second="116" amount="-1"/><kerning first="88" second="117" amount="-1"/><kerning first="88" second="118" amount="-1"/><kerning first="88" second="119" amount="-1"/><kerning first="88" second="120" amount="-1"/><kerning first="88" second="121" amount="-1"/><kerning first="88" second="65" amount="-1"/><kerning first="88" second="84" amount="-1"/><kerning first="88" second="86" amount="-1"/><kerning first="88" second="87" amount="-1"/><kerning first="88" second="89" amount="-1"/><kerning first="88" second="63" amount="-1"/><kerning first="88" second="95" amount="1"/><kerning first="89" second="48" amount="-1"/><kerning first="89" second="49" amount="1"/><kerning first="89" second="52" amount="-2"/><kerning first="89" second="54" amount="-1"/><kerning first="89" second="97" amount="-1"/><kerning first="89" second="99" amount="-1"/><kerning first="89" second="100" amount="-1"/><kerning first="89" second="101" amount="-1"/><kerning first="89" second="103" amount="-1"/><kerning first="89" second="106" amount="1"/><kerning first="89" second="109" amount="-1"/><kerning first="89" second="110" amount="-1"/><kerning first="89" second="111" amount="-1"/><kerning first="89" second="112" amount="-1"/><kerning first="89" second="113" amount="-1"/><kerning first="89" second="114" amount="-1"/><kerning first="89" second="115" amount="-1"/><kerning first="89" second="117" amount="-1"/><kerning first="89" second="118" amount="-1"/><kerning first="89" second="119" amount="-1"/><kerning first="89" second="120" amount="-1"/><kerning first="89" second="121" amount="-1"/><kerning first="89" second="122" amount="-1"/><kerning first="89" second="65" amount="-1"/><kerning first="89" second="67" amount="-1"/><kerning first="89" second="71" amount="-1"/><kerning first="89" second="79" amount="-1"/><kerning first="89" second="81" amount="-1"/><kerning first="89" second="88" amount="-1"/><kerning first="89" second="59" amount="-1"/><kerning first="89" second="58" amount="-1"/><kerning first="89" second="43" amount="-1"/><kerning first="89" second="45" amount="-1"/><kerning first="89" second="46" amount="-1"/><kerning first="89" second="44" amount="-1"/><kerning first="89" second="38" amount="-1"/><kerning first="89" second="125" amount="1"/><kerning first="89" second="93" amount="1"/><kerning first="90" second="95" amount="1"/><kerning first="59" second="47" amount="1"/><kerning first="37" second="52" amount="1"/><kerning first="37" second="37" amount="-2"/><kerning first="37" second="63" amount="-1"/><kerning first="37" second="46" amount="1"/><kerning first="37" second="44" amount="1"/><kerning first="58" second="47" amount="1"/><kerning first="63" second="52" amount="-1"/><kerning first="63" second="46" amount="-1"/><kerning first="63" second="44" amount="-1"/><kerning first="63" second="47" amount="-1"/><kerning first="42" second="57" amount="1"/><kerning first="42" second="105" amount="2"/><kerning first="42" second="109" amount="2"/><kerning first="42" second="110" amount="2"/><kerning first="42" second="112" amount="2"/><kerning first="42" second="114" amount="2"/><kerning first="42" second="116" amount="1"/><kerning first="42" second="118" amount="1"/><kerning first="42" second="119" amount="1"/><kerning first="42" second="121" amount="1"/><kerning first="42" second="65" amount="-2"/><kerning first="42" second="84" amount="1"/><kerning first="42" second="86" amount="1"/><kerning first="42" second="87" amount="1"/><kerning first="42" second="37" amount="1"/><kerning first="42" second="63" amount="1"/><kerning first="42" second="46" amount="-1"/><kerning first="42" second="44" amount="-1"/><kerning first="42" second="47" amount="-3"/><kerning first="40" second="47" amount="1"/><kerning first="41" second="84" amount="-1"/><kerning first="95" second="50" amount="1"/><kerning first="95" second="47" amount="2"/><kerning first="95" second="125" amount="1"/><kerning first="95" second="93" amount="1"/><kerning first="43" second="37" amount="-1"/><kerning first="43" second="63" amount="-1"/><kerning first="45" second="37" amount="-1"/><kerning first="45" second="63" amount="-1"/><kerning first="46" second="37" amount="-1"/><kerning first="46" second="63" amount="-1"/><kerning first="46" second="47" amount="2"/><kerning first="46" second="34" amount="-1"/><kerning first="46" second="39" amount="-1"/><kerning first="44" second="37" amount="-1"/><kerning first="44" second="63" amount="-1"/><kerning first="44" second="47" amount="2"/><kerning first="44" second="34" amount="-1"/><kerning first="44" second="39" amount="-1"/><kerning first="47" second="49" amount="1"/><kerning first="47" second="52" amount="-1"/><kerning first="47" second="56" amount="-1"/><kerning first="47" second="41" amount="1"/><kerning first="47" second="95" amount="-2"/><kerning first="47" second="43" amount="-1"/><kerning first="47" second="45" amount="-1"/><kerning first="47" second="46" amount="-2"/><kerning first="47" second="44" amount="-2"/><kerning first="47" second="47" amount="-1"/><kerning first="47" second="34" amount="1"/><kerning first="47" second="39" amount="1"/><kerning first="47" second="38" amount="-1"/><kerning first="47" second="125" amount="1"/><kerning first="47" second="93" amount="1"/><kerning first="34" second="49" amount="1"/><kerning first="34" second="52" amount="-1"/><kerning first="34" second="55" amount="1"/><kerning first="34" second="57" amount="1"/><kerning first="34" second="63" amount="1"/><kerning first="34" second="46" amount="-1"/><kerning first="34" second="44" amount="-1"/><kerning first="34" second="47" amount="-1"/><kerning first="34" second="34" amount="1"/><kerning first="34" second="39" amount="1"/><kerning first="39" second="49" amount="1"/><kerning first="39" second="52" amount="-1"/><kerning first="39" second="55" amount="1"/><kerning first="39" second="57" amount="1"/><kerning first="39" second="63" amount="1"/><kerning first="39" second="46" amount="-1"/><kerning first="39" second="44" amount="-1"/><kerning first="39" second="47" amount="-1"/><kerning first="39" second="34" amount="1"/><kerning first="39" second="39" amount="1"/><kerning first="36" second="34" amount="-1"/><kerning first="36" second="39" amount="-1"/><kerning first="38" second="49" amount="-1"/><kerning first="38" second="37" amount="-1"/><kerning first="38" second="63" amount="-1"/><kerning first="38" second="47" amount="1"/><kerning first="38" second="34" amount="-1"/><kerning first="38" second="39" amount="-1"/><kerning first="123" second="95" amount="1"/><kerning first="123" second="47" amount="1"/><kerning first="91" second="95" amount="1"/><kerning first="91" second="47" amount="1"/></kernings></font>