<?xml version="1.0" encoding="UTF-8"?><font><info face="plain" size="24" bold="0" italic="0" charset="" unicode="1" stretchH="100" smooth="1" aa="1" padding="0,0,0,0" spacing="1,1"/><common lineHeight="24" base="25" scaleW="145" scaleH="143" pages="1" packed="0"/><pages><page id="0" file="Unnamed.png"/></pages><chars count="91"><char id="32" x="0" y="0" width="0" height="0" xoffset="0" yoffset="0" xadvance="15" page="0" chnl="15"/><char id="33" x="133" y="83" width="4" height="17" xoffset="5" yoffset="9" xadvance="15" page="0" chnl="15"/><char id="34" x="27" y="134" width="8" height="6" xoffset="3" yoffset="8" xadvance="15" page="0" chnl="15"/><char id="35" x="85" y="101" width="13" height="17" xoffset="1" yoffset="9" xadvance="15" page="0" chnl="15"/><char id="36" x="46" y="0" width="12" height="23" xoffset="2" yoffset="6" xadvance="15" page="0" chnl="15"/><char id="37" x="106" y="46" width="14" height="18" xoffset="0" yoffset="9" xadvance="15" page="0" chnl="15"/><char id="38" x="121" y="46" width="14" height="18" xoffset="1" yoffset="9" xadvance="15" page="0" chnl="15"/><char id="39" x="23" y="134" width="3" height="7" xoffset="5" yoffset="8" xadvance="15" page="0" chnl="15"/><char id="40" x="0" y="0" width="7" height="25" xoffset="4" yoffset="7" xadvance="15" page="0" chnl="15"/><char id="41" x="8" y="0" width="7" height="25" xoffset="4" yoffset="7" xadvance="15" page="0" chnl="15"/><char id="42" x="133" y="119" width="12" height="12" xoffset="2" yoffset="9" xadvance="15" page="0" chnl="15"/><char id="43" x="120" y="119" width="12" height="13" xoffset="1" yoffset="12" xadvance="15" page="0" chnl="15"/><char id="44" x="139" y="101" width="5" height="8" xoffset="4" yoffset="23" xadvance="15" page="0" chnl="15"/><char id="45" x="135" y="40" width="10" height="3" xoffset="3" yoffset="17" xadvance="15" page="0" chnl="15"/><char id="46" x="139" y="110" width="5" height="5" xoffset="5" yoffset="22" xadvance="15" page="0" chnl="15"/><char id="47" x="0" y="26" width="9" height="19" xoffset="3" yoffset="9" xadvance="15" page="0" chnl="15"/><char id="48" x="10" y="26" width="11" height="18" xoffset="2" yoffset="9" xadvance="15" page="0" chnl="15"/><char id="49" x="136" y="46" width="8" height="17" xoffset="2" yoffset="9" xadvance="15" page="0" chnl="15"/><char id="50" x="0" y="65" width="12" height="17" xoffset="1" yoffset="9" xadvance="15" page="0" chnl="15"/><char id="51" x="22" y="26" width="12" height="18" xoffset="1" yoffset="9" xadvance="15" page="0" chnl="15"/><char id="52" x="13" y="65" width="13" height="17" xoffset="1" yoffset="9" xadvance="15" page="0" chnl="15"/><char id="53" x="35" y="26" width="11" height="18" xoffset="2" yoffset="9" xadvance="15" page="0" chnl="15"/><char id="54" x="47" y="26" width="12" height="18" xoffset="1" yoffset="9" xadvance="15" page="0" chnl="15"/><char id="55" x="27" y="65" width="12" height="17" xoffset="1" yoffset="9" xadvance="15" page="0" chnl="15"/><char id="56" x="60" y="26" width="12" height="18" xoffset="1" yoffset="9" xadvance="15" page="0" chnl="15"/><char id="57" x="40" y="65" width="12" height="17" xoffset="1" yoffset="9" xadvance="15" page="0" chnl="15"/><char id="58" x="138" y="83" width="5" height="15" xoffset="5" yoffset="12" xadvance="15" page="0" chnl="15"/><char id="59" x="138" y="0" width="5" height="19" xoffset="5" yoffset="12" xadvance="15" page="0" chnl="15"/><char id="61" x="11" y="134" width="11" height="8" xoffset="2" yoffset="15" xadvance="15" page="0" chnl="15"/><char id="63" x="59" y="101" width="11" height="17" xoffset="2" yoffset="9" xadvance="15" page="0" chnl="15"/><char id="64" x="71" y="101" width="13" height="17" xoffset="1" yoffset="9" xadvance="15" page="0" chnl="15"/><char id="65" x="65" y="65" width="15" height="17" xoffset="0" yoffset="9" xadvance="15" page="0" chnl="15"/><char id="66" x="81" y="65" width="12" height="17" xoffset="2" yoffset="9" xadvance="15" page="0" chnl="15"/><char id="67" x="25" y="46" width="13" height="18" xoffset="1" yoffset="9" xadvance="15" page="0" chnl="15"/><char id="68" x="94" y="65" width="12" height="17" xoffset="2" yoffset="9" xadvance="15" page="0" chnl="15"/><char id="69" x="107" y="65" width="11" height="17" xoffset="2" yoffset="9" xadvance="15" page="0" chnl="15"/><char id="70" x="119" y="65" width="12" height="17" xoffset="2" yoffset="9" xadvance="15" page="0" chnl="15"/><char id="71" x="39" y="46" width="13" height="18" xoffset="1" yoffset="9" xadvance="15" page="0" chnl="15"/><char id="72" x="0" y="83" width="12" height="17" xoffset="1" yoffset="9" xadvance="15" page="0" chnl="15"/><char id="73" x="13" y="83" width="11" height="17" xoffset="2" yoffset="9" xadvance="15" page="0" chnl="15"/><char id="74" x="53" y="46" width="12" height="18" xoffset="1" yoffset="9" xadvance="15" page="0" chnl="15"/><char id="75" x="132" y="65" width="13" height="17" xoffset="2" yoffset="9" xadvance="15" page="0" chnl="15"/><char id="76" x="25" y="83" width="11" height="17" xoffset="2" yoffset="9" xadvance="15" page="0" chnl="15"/><char id="77" x="37" y="83" width="11" height="17" xoffset="2" yoffset="9" xadvance="15" page="0" chnl="15"/><char id="78" x="49" y="83" width="12" height="17" xoffset="1" yoffset="9" xadvance="15" page="0" chnl="15"/><char id="79" x="66" y="46" width="13" height="18" xoffset="1" yoffset="9" xadvance="15" page="0" chnl="15"/><char id="80" x="62" y="83" width="12" height="17" xoffset="2" yoffset="9" xadvance="15" page="0" chnl="15"/><char id="81" x="72" y="0" width="13" height="20" xoffset="1" yoffset="9" xadvance="15" page="0" chnl="15"/><char id="82" x="75" y="83" width="12" height="17" xoffset="2" yoffset="9" xadvance="15" page="0" chnl="15"/><char id="83" x="80" y="46" width="13" height="18" xoffset="1" yoffset="9" xadvance="15" page="0" chnl="15"/><char id="84" x="88" y="83" width="14" height="17" xoffset="0" yoffset="9" xadvance="15" page="0" chnl="15"/><char id="85" x="94" y="46" width="11" height="18" xoffset="2" yoffset="9" xadvance="15" page="0" chnl="15"/><char id="86" x="103" y="83" width="14" height="17" xoffset="0" yoffset="9" xadvance="15" page="0" chnl="15"/><char id="87" x="118" y="83" width="14" height="17" xoffset="0" yoffset="9" xadvance="15" page="0" chnl="15"/><char id="88" x="0" y="101" width="15" height="17" xoffset="0" yoffset="9" xadvance="15" page="0" chnl="15"/><char id="89" x="16" y="101" width="14" height="17" xoffset="0" yoffset="9" xadvance="15" page="0" chnl="15"/><char id="90" x="31" y="101" width="13" height="17" xoffset="1" yoffset="9" xadvance="15" page="0" chnl="15"/><char id="91" x="34" y="0" width="5" height="24" xoffset="5" yoffset="6" xadvance="15" page="0" chnl="15"/><char id="93" x="40" y="0" width="5" height="24" xoffset="5" yoffset="6" xadvance="15" page="0" chnl="15"/><char id="94" x="0" y="134" width="10" height="9" xoffset="3" yoffset="9" xadvance="15" page="0" chnl="15"/><char id="95" x="36" y="134" width="11" height="3" xoffset="2" yoffset="26" xadvance="15" page="0" chnl="15"/><char id="97" x="99" y="101" width="12" height="14" xoffset="1" yoffset="13" xadvance="15" page="0" chnl="15"/><char id="98" x="86" y="0" width="11" height="19" xoffset="2" yoffset="8" xadvance="15" page="0" chnl="15"/><char id="99" x="112" y="101" width="12" height="14" xoffset="1" yoffset="13" xadvance="15" page="0" chnl="15"/><char id="100" x="98" y="0" width="12" height="19" xoffset="1" yoffset="8" xadvance="15" page="0" chnl="15"/><char id="101" x="125" y="101" width="13" height="14" xoffset="1" yoffset="13" xadvance="15" page="0" chnl="15"/><char id="102" x="111" y="0" width="12" height="19" xoffset="2" yoffset="7" xadvance="15" page="0" chnl="15"/><char id="103" x="73" y="26" width="12" height="18" xoffset="1" yoffset="13" xadvance="15" page="0" chnl="15"/><char id="104" x="86" y="26" width="11" height="18" xoffset="2" yoffset="8" xadvance="15" page="0" chnl="15"/><char id="105" x="98" y="26" width="11" height="18" xoffset="2" yoffset="8" xadvance="15" page="0" chnl="15"/><char id="106" x="16" y="0" width="8" height="24" xoffset="3" yoffset="8" xadvance="15" page="0" chnl="15"/><char id="107" x="110" y="26" width="12" height="18" xoffset="2" yoffset="8" xadvance="15" page="0" chnl="15"/><char id="108" x="123" y="26" width="11" height="18" xoffset="2" yoffset="8" xadvance="15" page="0" chnl="15"/><char id="109" x="37" y="119" width="13" height="13" xoffset="1" yoffset="13" xadvance="15" page="0" chnl="15"/><char id="110" x="51" y="119" width="11" height="13" xoffset="2" yoffset="13" xadvance="15" page="0" chnl="15"/><char id="111" x="0" y="119" width="12" height="14" xoffset="1" yoffset="13" xadvance="15" page="0" chnl="15"/><char id="112" x="0" y="46" width="11" height="18" xoffset="2" yoffset="13" xadvance="15" page="0" chnl="15"/><char id="113" x="12" y="46" width="12" height="18" xoffset="1" yoffset="13" xadvance="15" page="0" chnl="15"/><char id="114" x="135" y="26" width="10" height="13" xoffset="3" yoffset="13" xadvance="15" page="0" chnl="15"/><char id="115" x="13" y="119" width="11" height="14" xoffset="2" yoffset="13" xadvance="15" page="0" chnl="15"/><char id="116" x="53" y="65" width="11" height="17" xoffset="2" yoffset="10" xadvance="15" page="0" chnl="15"/><char id="117" x="25" y="119" width="11" height="14" xoffset="2" yoffset="13" xadvance="15" page="0" chnl="15"/><char id="118" x="63" y="119" width="13" height="13" xoffset="1" yoffset="13" xadvance="15" page="0" chnl="15"/><char id="119" x="77" y="119" width="14" height="13" xoffset="0" yoffset="13" xadvance="15" page="0" chnl="15"/><char id="120" x="92" y="119" width="13" height="13" xoffset="1" yoffset="13" xadvance="15" page="0" chnl="15"/><char id="121" x="124" y="0" width="13" height="19" xoffset="1" yoffset="13" xadvance="15" page="0" chnl="15"/><char id="122" x="106" y="119" width="13" height="13" xoffset="1" yoffset="13" xadvance="15" page="0" chnl="15"/><char id="123" x="59" y="0" width="8" height="23" xoffset="4" yoffset="7" xadvance="15" page="0" chnl="15"/><char id="124" x="68" y="0" width="3" height="22" xoffset="6" yoffset="9" xadvance="15" page="0" chnl="15"/><char id="125" x="25" y="0" width="8" height="24" xoffset="4" yoffset="7" xadvance="15" page="0" chnl="15"/><char id="8470" x="45" y="101" width="13" height="17" xoffset="1" yoffset="9" xadvance="15" page="0" chnl="15"/></chars></font>